time,open_N,open_N-1,close_N,close_N-1,low_N,low_N-1,high_N,high_N-1,volume_N,volume_N-1,pattern_N,pattern_N-1,body_N,body_N-1,candle_height_N,candle_height_N-1,shadow_up_N,shadow_up_N-1,shadow_down_N,shadow_down_N-1,body_diff,shadow_sum_N,shadow_sum_N-1,ratio_up_shadow_to_body_N,ratio_up_shadow_to_body_N_abs,ratio_up_shadow_to_body_N-1,ratio_up_shadow_to_body_N-1_abs,ratio_down_shadow_to_body_N,ratio_down_shadow_to_body_N_abs,ratio_down_shadow_to_body_N-1,ratio_down_shadow_to_body_N-1_abs,ratio_sum_shadow_to_body_N,ratio_sum_shadow_to_body_N_abs,ratio_sum_shadow_to_body_N-1,ratio_sum_shadow_to_body_N-1_abs,ratio_of_body,ratio_of_body_abs,is_zero_body_N,is_zero_body_N-1,pattern,cluster,pca_1,pca_2
2009-01-11 16:00:00,2321,2334,2325,2320,2319,2319,2329,2335,1057,1528,1,1,4,-1,10,16,4,1,2,1,5,6,2,1.0,1.0,-1.0,1.0,0.5,0.5,-1.0,1.0,1.5,1.5,-2.0,2.0,-4.0,4.0,0,0,1,2,-5.515079680853052,0.09411017389550709
2009-01-12 15:00:00,2309,2321,2318,2308,2307,2306,2326,2322,3968,11053,1,1,9,-1,19,16,8,1,2,2,10,10,3,0.8888888888888888,0.8888888888888888,-1.0,1.0,0.2222222222222222,0.2222222222222222,-2.0,2.0,1.1111111111111112,1.1111111111111112,-3.0,3.0,-9.0,9.0,0,0,1,2,-5.408425438498985,0.29462176170762
2009-01-15 18:00:00,2050,2075,2069,2035,2035,2035,2071,2082,7832,8040,1,1,19,-15,36,47,2,7,15,0,34,17,7,0.10526315789473684,0.10526315789473684,-0.4666666666666667,0.4666666666666667,0.7894736842105263,0.7894736842105263,-0.0,0.0,0.8947368421052632,0.8947368421052632,-0.4666666666666667,0.4666666666666667,-1.2666666666666666,1.2666666666666666,0,0,1,2,-5.230347007779683,0.30970424198941565
2009-01-16 20:00:00,2018,2038,2033,2017,2011,2010,2038,2040,1433,2106,1,1,15,-1,27,30,5,2,7,7,16,12,9,0.3333333333333333,0.3333333333333333,-2.0,2.0,0.4666666666666667,0.4666666666666667,-7.0,7.0,0.8,0.8,-9.0,9.0,-15.0,15.0,0,0,1,2,-5.223884940975808,0.5710645783947531
2009-01-19 23:00:00,1890,1901,1896,1886,1879,1876,1900,1907,245,646,1,1,6,-4,21,31,4,6,11,10,10,15,16,0.6666666666666666,0.6666666666666666,-1.5,1.5,1.8333333333333333,1.8333333333333333,-2.5,2.5,2.5,2.5,-4.0,4.0,-1.5,1.5,0,0,1,2,-5.355589096155357,0.4201230357381231
2009-01-21 10:00:00,1670,1718,1685,1657,1640,1651,1695,1720,19262,3593,1,1,15,-13,55,69,10,2,30,6,28,40,8,0.6666666666666666,0.6666666666666666,-0.15384615384615385,0.15384615384615385,2.0,2.0,-0.46153846153846156,0.46153846153846156,2.6666666666666665,2.6666666666666665,-0.6153846153846154,0.6153846153846154,-1.1538461538461537,1.1538461538461537,0,0,1,2,-5.115408607234767,0.7415626400741985
2009-01-26 11:00:00,1510,1570,1554,1506,1507,1490,1570,1584,24760,14942,1,1,44,-4,63,94,16,14,3,16,48,19,30,0.36363636363636365,0.36363636363636365,-3.5,3.5,0.06818181818181818,0.06818181818181818,-4.0,4.0,0.4318181818181818,0.4318181818181818,-7.5,7.5,-11.0,11.0,0,0,1,2,-4.91799438803361,1.2636647667333327
2009-01-27 19:00:00,1664,1682,1670,1663,1655,1636,1684,1693,2547,12040,1,1,6,-1,29,57,14,11,9,27,7,23,38,2.3333333333333335,2.3333333333333335,-11.0,11.0,1.5,1.5,-27.0,27.0,3.8333333333333335,3.8333333333333335,-38.0,38.0,-6.0,6.0,0,0,1,2,-4.591328412864744,1.7484392345411297
2009-01-29 21:00:00,1670,1685,1675,1669,1665,1668,1684,1687,614,2309,1,1,5,-1,19,19,9,2,5,1,6,14,3,1.8,1.8,-2.0,2.0,1.0,1.0,-1.0,1.0,2.8,2.8,-3.0,3.0,-5.0,5.0,0,0,1,2,-5.548991310189426,0.3848237622502509
2009-01-30 19:00:00,1659,1687,1670,1653,1656,1651,1682,1687,2098,19440,1,1,11,-6,26,36,12,0,3,2,17,15,2,1.0909090909090908,1.0909090909090908,-0.0,0.0,0.2727272727272727,0.2727272727272727,-0.3333333333333333,0.3333333333333333,1.3636363636363635,1.3636363636363635,-0.3333333333333333,0.3333333333333333,-1.8333333333333333,1.8333333333333333,0,0,1,2,-5.526919612878366,0.37069402012103475
2009-02-03 19:00:00,1544,1550,1546,1540,1543,1529,1556,1557,1866,20607,1,1,2,-4,13,28,10,7,1,11,6,11,18,5.0,5.0,-1.75,1.75,0.5,0.5,-2.75,2.75,5.5,5.5,-4.5,4.5,-0.5,0.5,0,0,1,2,-5.470809782240064,0.6981809097085793
2009-02-05 13:00:00,1517,1531,1527,1515,1511,1508,1529,1535,9276,17728,1,1,10,-2,18,27,2,4,6,7,12,8,11,0.2,0.2,-2.0,2.0,0.6,0.6,-3.5,3.5,0.8,0.8,-5.5,5.5,-5.0,5.0,0,0,1,2,-5.541143376446174,0.5750781541037095
2009-02-06 23:00:00,1612,1619,1615,1611,1601,1597,1619,1621,1555,2218,1,1,3,-1,18,24,4,2,11,14,4,15,16,1.3333333333333333,1.3333333333333333,-2.0,2.0,3.6666666666666665,3.6666666666666665,-14.0,14.0,5.0,5.0,-16.0,16.0,-3.0,3.0,0,0,1,2,-5.253790286986632,0.8966585991856293
2009-02-13 17:00:00,1868,1911,1882,1866,1855,1866,1900,1912,25085,21815,1,1,14,-2,45,46,18,1,13,0,16,31,1,1.2857142857142858,1.2857142857142858,-0.5,0.5,0.9285714285714286,0.9285714285714286,-0.0,0.0,2.2142857142857144,2.2142857142857144,-0.5,0.5,-7.0,7.0,0,0,1,2,-5.325897320138896,0.791534297844733
2009-02-18 13:00:00,1426,1434,1428,1424,1387,1417,1430,1456,15227,28290,1,1,2,-2,43,39,2,22,39,7,4,41,29,1.0,1.0,-11.0,11.0,19.5,19.5,-3.5,3.5,20.5,20.5,-14.5,14.5,-1.0,1.0,0,0,1,2,-4.831876216548718,2.1566360713891637
2009-02-19 19:00:00,1527,1561,1530,1523,1523,1516,1549,1568,2379,19648,1,1,3,-4,26,52,19,7,4,7,7,23,14,6.333333333333333,6.333333333333333,-1.75,1.75,1.3333333333333333,1.3333333333333333,-1.75,1.75,7.666666666666667,7.666666666666667,-3.5,3.5,-0.75,0.75,0,0,1,2,-5.333269039226882,0.8896336027785245
2009-02-20 12:00:00,1449,1470,1451,1445,1431,1415,1470,1477,26475,42706,1,1,2,-4,39,62,19,7,18,30,6,37,37,9.5,9.5,-1.75,1.75,9.0,9.0,-7.5,7.5,18.5,18.5,-9.25,9.25,-0.5,0.5,0,0,1,2,-4.898532558392629,2.1349179974702888
2009-02-25 12:00:00,1479,1498,1482,1477,1469,1463,1487,1502,9157,23558,1,1,3,-2,18,39,5,4,10,14,5,15,18,1.6666666666666667,1.6666666666666667,-2.0,2.0,3.3333333333333335,3.3333333333333335,-7.0,7.0,5.0,5.0,-9.0,9.0,-1.5,1.5,0,0,1,2,-5.386271208115963,0.9479061738871237
2009-02-27 12:00:00,1437,1453,1447,1436,1431,1431,1455,1457,15694,26629,1,1,10,-1,24,26,8,4,6,5,11,14,9,0.8,0.8,-4.0,4.0,0.6,0.6,-5.0,5.0,1.4,1.4,-9.0,9.0,-10.0,10.0,0,0,1,2,-5.446078280260564,0.8875942323040956
2009-03-02 14:00:00,1396,1407,1399,1395,1386,1392,1407,1407,8757,7233,1,1,3,-1,21,15,8,0,10,3,4,18,3,2.6666666666666665,2.6666666666666665,-0.0,0.0,3.3333333333333335,3.3333333333333335,-3.0,3.0,6.0,6.0,-3.0,3.0,-3.0,3.0,0,0,1,2,-5.5913897799110694,0.66524579697787
2009-03-03 15:00:00,1459,1461,1460,1458,1458,1445,1470,1476,17214,27842,1,1,1,-1,12,31,10,15,1,13,2,11,28,10.0,10.0,-15.0,15.0,1.0,1.0,-13.0,13.0,11.0,11.0,-28.0,28.0,-1.0,1.0,0,0,1,2,-5.032363968044181,1.7669326564128784
2009-03-06 14:00:00,1569,1592,1570,1567,1553,1559,1580,1592,12281,25846,1,1,1,-2,27,33,10,0,16,8,3,26,8,10.0,10.0,-0.0,0.0,16.0,16.0,-4.0,4.0,26.0,26.0,-4.0,4.0,-0.5,0.5,0,0,1,2,-5.19516484781355,1.7854803824837755
2009-03-06 23:00:00,1581,1587,1582,1578,1577,1577,1589,1592,2138,1180,1,1,1,-3,12,15,7,5,4,1,4,11,6,7.0,7.0,-1.6666666666666667,1.6666666666666667,4.0,4.0,-0.3333333333333333,0.3333333333333333,11.0,11.0,-2.0,2.0,-0.3333333333333333,0.3333333333333333,0,0,1,2,-5.5419440195502885,0.6591238981421482
2009-03-12 14:00:00,1645,1670,1656,1642,1636,1628,1660,1671,10155,28145,1,1,11,-3,24,43,4,1,9,14,14,13,15,0.36363636363636365,0.36363636363636365,-0.3333333333333333,0.3333333333333333,0.8181818181818182,0.8181818181818182,-4.666666666666667,4.666666666666667,1.1818181818181819,1.1818181818181819,-5.0,5.0,-3.6666666666666665,3.6666666666666665,0,0,1,2,-5.419252631402864,0.7074117985035837
2009-03-18 23:00:00,2139,2180,2160,2135,2135,2128,2169,2184,4387,11437,1,1,21,-4,34,56,9,4,4,7,25,13,11,0.42857142857142855,0.42857142857142855,-1.0,1.0,0.19047619047619047,0.19047619047619047,-1.75,1.75,0.6190476190476191,0.6190476190476191,-2.75,2.75,-5.25,5.25,0,0,1,2,-5.23633432317778,0.4551347167681149
2009-03-20 19:00:00,2291,2315,2305,2290,2290,2282,2331,2337,5347,30989,1,1,14,-1,41,55,26,22,1,8,15,27,30,1.8571428571428572,1.8571428571428572,-22.0,22.0,0.07142857142857142,0.07142857142857142,-8.0,8.0,1.9285714285714286,1.9285714285714286,-30.0,30.0,-14.0,14.0,0,0,1,2,-4.507165881546915,1.5807947811285445
2009-03-27 17:00:00,2240,2263,2245,2236,2206,2209,2261,2272,67508,73343,1,1,5,-4,55,63,16,9,34,27,9,50,36,3.2,3.2,-2.25,2.25,6.8,6.8,-6.75,6.75,10.0,10.0,-9.0,9.0,-1.25,1.25,0,0,1,2,-4.7435745889814385,2.223464237353843
2009-03-30 20:00:00,2000,2006,2003,1999,1996,1989,2009,2006,2779,4086,1,1,3,-1,13,17,6,0,4,10,4,10,10,2.0,2.0,-0.0,0.0,1.3333333333333333,1.3333333333333333,-10.0,10.0,3.3333333333333335,3.3333333333333335,-10.0,10.0,-3.0,3.0,0,0,1,2,-5.371576435228503,0.5327531032239884
2009-03-31 13:00:00,2042,2070,2056,2041,2039,2038,2068,2086,22845,31699,1,1,14,-1,29,48,12,16,3,3,15,15,19,0.8571428571428571,0.8571428571428571,-16.0,16.0,0.21428571428571427,0.21428571428571427,-3.0,3.0,1.0714285714285714,1.0714285714285714,-19.0,19.0,-14.0,14.0,0,0,1,2,-4.978970675122465,1.2607841507129127
2009-04-08 14:00:00,2309,2350,2342,2306,2308,2302,2358,2373,29478,67473,1,1,33,-3,50,71,16,23,1,4,36,17,27,0.48484848484848486,0.48484848484848486,-7.666666666666667,7.666666666666667,0.030303030303030304,0.030303030303030304,-1.3333333333333333,1.3333333333333333,0.5151515151515151,0.5151515151515151,-9.0,9.0,-11.0,11.0,0,0,1,2,-4.88093344732373,1.3808649606268668
2009-04-10 19:00:00,2663,2679,2675,2661,2660,2658,2675,2683,1986,9623,1,1,12,-2,15,25,0,4,3,3,14,3,7,0.0,0.0,-2.0,2.0,0.25,0.25,-1.5,1.5,0.25,0.25,-3.5,3.5,-6.0,6.0,0,0,1,2,-5.33400207901171,0.1464100828929979
2009-04-15 14:00:00,2762,2822,2773,2761,2745,2722,2792,2827,42379,94603,1,1,11,-1,47,105,19,5,17,39,12,36,44,1.7272727272727273,1.7272727272727273,-5.0,5.0,1.5454545454545454,1.5454545454545454,-39.0,39.0,3.272727272727273,3.272727272727273,-44.0,44.0,-11.0,11.0,0,0,1,2,-4.034761370133301,2.7559093865138236
2009-04-16 19:00:00,2874,2899,2890,2870,2870,2860,2898,2908,13730,37419,1,1,16,-4,28,48,8,9,4,10,20,12,19,0.5,0.5,-2.25,2.25,0.25,0.25,-2.5,2.5,0.75,0.75,-4.75,4.75,-4.0,4.0,0,0,1,2,-5.055460074196775,0.6020892484813284
2009-04-17 23:00:00,2886,2900,2887,2878,2878,2877,2895,2907,5501,4101,1,1,1,-8,17,30,8,7,8,1,9,16,8,8.0,8.0,-0.875,0.875,8.0,8.0,-0.125,0.125,16.0,16.0,-1.0,1.0,-0.125,0.125,0,0,1,2,-5.044211552186395,0.7253379207157484
2009-04-20 12:00:00,2798,2810,2808,2796,2791,2777,2815,2825,30880,78029,1,1,10,-2,24,48,7,15,7,19,12,14,34,0.7,0.7,-7.5,7.5,0.7,0.7,-9.5,9.5,1.4,1.4,-17.0,17.0,-5.0,5.0,0,0,1,2,-4.851118486091584,1.4177719600502647
2009-04-20 13:00:00,2808,2798,2689,2808,2665,2791,2808,2815,134182,30880,1,1,-119,0,143,24,0,7,24,7,-119,24,14,-0.0,0.0,100.0,100.0,-0.20168067226890757,0.20168067226890757,100.0,100.0,-0.20168067226890757,0.20168067226890757,100.0,100.0,0.0,0.0,0,1,1,3,-5.849688168344206,0.6199624960434067
2009-04-20 14:00:00,2690,2808,2709,2689,2648,2665,2714,2808,89428,134182,1,1,19,-1,66,143,5,0,42,24,20,47,24,0.2631578947368421,0.2631578947368421,-0.0,0.0,2.210526315789474,2.210526315789474,-24.0,24.0,2.473684210526316,2.473684210526316,-24.0,24.0,-19.0,19.0,0,0,1,2,-4.353860149171514,2.9420542582976155
2009-04-23 12:00:00,2707,2720,2712,2705,2680,2695,2717,2729,62931,53107,1,1,5,-2,37,34,5,9,27,10,7,32,19,1.0,1.0,-4.5,4.5,5.4,5.4,-5.0,5.0,6.4,6.4,-9.5,9.5,-2.5,2.5,0,0,1,2,-4.97214661202003,1.5447386901573932
2009-04-29 13:00:00,2568,2610,2599,2565,2567,2551,2615,2617,54758,50007,1,1,31,-3,48,66,16,7,1,14,34,17,21,0.5161290322580645,0.5161290322580645,-2.3333333333333335,2.3333333333333335,0.03225806451612903,0.03225806451612903,-4.666666666666667,4.666666666666667,0.5483870967741935,0.5483870967741935,-7.0,7.0,-10.333333333333334,10.333333333333334,0,0,1,2,-4.940250096110561,1.3102817008936163
2009-05-05 16:00:00,2894,2920,2914,2892,2884,2871,2920,2925,49776,48662,1,1,20,-2,36,54,6,5,10,21,22,16,26,0.3,0.3,-2.5,2.5,0.5,0.5,-10.5,10.5,0.8,0.8,-13.0,13.0,-10.0,10.0,0,0,1,2,-4.8376752898872075,1.3145038994525042
2009-05-06 11:00:00,2804,2855,2837,2801,2798,2784,2857,2855,50515,59768,1,1,33,-3,59,71,20,0,6,17,36,26,17,0.6060606060606061,0.6060606060606061,-0.0,0.0,0.18181818181818182,0.18181818181818182,-5.666666666666667,5.666666666666667,0.7878787878787878,0.7878787878787878,-5.666666666666667,5.666666666666667,-11.0,11.0,0,0,1,2,-4.8264108921639775,1.3445727902895592
2009-05-07 19:00:00,3108,3214,3118,3107,3061,3080,3118,3214,16177,106947,1,1,10,-1,57,134,0,0,47,27,11,47,27,0.0,0.0,-0.0,0.0,4.7,4.7,-27.0,27.0,4.7,4.7,-27.0,27.0,-10.0,10.0,0,0,1,2,-4.1809894608595295,2.214168294138065
2009-05-08 13:00:00,3140,3157,3150,3138,3140,3127,3164,3163,42608,27549,1,1,10,-2,24,36,14,6,0,11,12,14,17,1.4,1.4,-3.0,3.0,0.0,0.0,-5.5,5.5,1.4,1.4,-8.5,8.5,-5.0,5.0,0,0,1,2,-5.011580226127174,0.8101753977505599
2009-05-13 16:00:00,3206,3287,3232,3205,3172,3187,3251,3336,88609,139283,1,1,26,-1,79,149,19,49,34,18,27,53,67,0.7307692307692307,0.7307692307692307,-49.0,49.0,1.3076923076923077,1.3076923076923077,-18.0,18.0,2.0384615384615383,2.0384615384615383,-67.0,67.0,-26.0,26.0,0,0,1,2,-3.072396623749635,4.35532157841751
2009-05-18 13:00:00,3191,3200,3198,3189,3182,3163,3213,3210,34712,47740,1,1,7,-2,31,47,15,10,9,26,9,24,36,2.142857142857143,2.142857142857143,-5.0,5.0,1.2857142857142858,1.2857142857142858,-13.0,13.0,3.4285714285714284,3.4285714285714284,-18.0,18.0,-3.5,3.5,0,0,1,2,-4.625155922809361,1.3870752925771133
2009-05-18 22:00:00,3468,3480,3474,3466,3459,3457,3480,3482,6590,16002,1,1,6,-2,21,25,6,2,9,9,8,15,11,1.0,1.0,-1.0,1.0,1.5,1.5,-4.5,4.5,2.5,2.5,-5.5,5.5,-3.0,3.0,0,0,1,2,-5.008387194787405,0.29989146785158194
2009-05-19 13:00:00,3591,3614,3601,3590,3559,3588,3608,3636,67860,75305,1,1,10,-1,49,48,7,22,32,2,11,39,24,0.7,0.7,-22.0,22.0,3.2,3.2,-2.0,2.0,3.9,3.9,-24.0,24.0,-10.0,10.0,0,0,1,2,-4.374857985278246,2.002613464165368
2009-05-22 18:00:00,3870,3938,3910,3866,3870,3851,3932,3960,63928,73007,1,1,40,-4,62,109,22,22,0,15,44,22,37,0.55,0.55,-5.5,5.5,0.0,0.0,-3.75,3.75,0.55,0.55,-9.25,9.25,-10.0,10.0,0,0,1,2,-4.311006566279475,1.6028334325944227
2009-05-22 19:00:00,3910,3870,3885,3910,3880,3870,3922,3932,5325,63928,1,1,-25,0,42,62,12,22,5,0,-25,17,22,-0.48,0.48,100.0,100.0,-0.2,0.2,0.0,0.0,-0.68,0.68,100.0,100.0,0.0,0.0,0,1,1,3,-5.183766336393118,-0.09240327900120777
2009-05-22 20:00:00,3890,3910,3902,3885,3875,3880,3905,3922,3424,5325,1,1,12,-5,30,42,3,12,15,5,17,18,17,0.25,0.25,-2.4,2.4,1.25,1.25,-1.0,1.0,1.5,1.5,-3.4,3.4,-2.4,2.4,0,0,1,2,-4.778277645966543,0.14507854926481367
2009-05-28 10:00:00,3967,4030,4017,3960,3967,3946,4039,4045,72069,31252,1,1,50,-7,72,99,22,15,0,14,57,22,29,0.44,0.44,-2.142857142857143,2.142857142857143,0.0,0.0,-2.0,2.0,0.44,0.44,-4.142857142857143,4.142857142857143,-7.142857142857143,7.142857142857143,0,0,1,2,-4.351022313747332,1.2123124360621234
2009-05-28 15:00:00,4086,4113,4096,4085,4078,4071,4133,4119,52381,49256,1,1,10,-1,55,48,37,6,8,14,11,45,20,3.7,3.7,-6.0,6.0,0.8,0.8,-14.0,14.0,4.5,4.5,-20.0,20.0,-10.0,10.0,0,0,1,2,-4.231733414598908,1.6191393982906228
2009-05-28 21:00:00,4193,4235,4230,4188,4192,4181,4249,4244,10567,18300,1,1,37,-5,57,63,19,9,1,7,42,20,16,0.5135135135135135,0.5135135135135135,-1.8,1.8,0.02702702702702703,0.02702702702702703,-1.4,1.4,0.5405405405405406,0.5405405405405406,-3.2,3.2,-7.4,7.4,0,0,1,2,-4.490879274261707,0.3992619393927467
2009-06-01 16:00:00,4897,4982,4938,4894,4890,4826,4969,5002,72061,139317,1,1,41,-3,79,176,31,20,7,68,44,38,88,0.7560975609756098,0.7560975609756098,-6.666666666666667,6.666666666666667,0.17073170731707318,0.17073170731707318,-22.666666666666668,22.666666666666668,0.926829268292683,0.926829268292683,-29.333333333333332,29.333333333333332,-13.666666666666666,13.666666666666666,0,0,1,2,-3.181092644607833,3.0223887945519645
2009-06-02 18:00:00,5289,5298,5290,5270,5256,5156,5450,5328,97089,121036,1,1,1,-19,194,172,160,30,33,114,20,193,144,160.0,160.0,-1.5789473684210527,1.5789473684210527,33.0,33.0,-6.0,6.0,193.0,193.0,-7.578947368421052,7.578947368421052,-0.05263157894736842,0.05263157894736842,0,0,1,1,0.3103162948088728,12.239421851017514
2009-06-03 13:00:00,5061,5106,5070,5059,5020,5059,5132,5199,126661,179829,1,1,9,-2,112,140,62,93,41,0,11,103,93,6.888888888888889,6.888888888888889,-46.5,46.5,4.555555555555555,4.555555555555555,-0.0,0.0,11.444444444444445,11.444444444444445,-46.5,46.5,-4.5,4.5,0,0,1,2,-2.4994921466697004,4.798593666180871
2009-06-05 12:00:00,5020,5145,5060,5019,5020,5002,5120,5189,86903,150767,1,1,40,-1,100,187,60,44,0,17,41,60,61,1.5,1.5,-44.0,44.0,0.0,0.0,-17.0,17.0,1.5,1.5,-61.0,61.0,-40.0,40.0,0,0,1,2,-2.432032804669257,4.223612637988182
2009-06-05 23:00:00,5050,5095,5061,5046,4980,4982,5100,5100,13855,11789,1,1,11,-4,120,118,39,5,70,64,15,109,69,3.5454545454545454,3.5454545454545454,-1.25,1.25,6.363636363636363,6.363636363636363,-16.0,16.0,9.909090909090908,9.909090909090908,-17.25,17.25,-2.75,2.75,0,0,1,2,-2.9355547222830367,2.031875116416213
2009-06-08 17:00:00,4806,4848,4810,4805,4784,4791,4890,4857,68821,32131,1,1,4,-1,106,66,80,9,22,14,5,102,23,20.0,20.0,-9.0,9.0,5.5,5.5,-14.0,14.0,25.5,25.5,-23.0,23.0,-4.0,4.0,0,0,1,2,-3.2751828294152654,2.9679001515528847
2009-06-15 20:00:00,4403,4431,4419,4402,4400,4388,4427,4436,2270,9366,1,1,16,-1,27,48,8,5,3,14,17,11,19,0.5,0.5,-5.0,5.0,0.1875,0.1875,-14.0,14.0,0.6875,0.6875,-19.0,19.0,-16.0,16.0,0,0,1,2,-4.37047810950864,0.5476876797592614
2009-06-15 21:00:00,4415,4403,4403,4419,4392,4400,4420,4427,2374,2270,1,1,-12,4,28,27,5,8,11,3,-16,16,11,-0.4166666666666667,0.4166666666666667,2.0,2.0,-0.9166666666666666,0.9166666666666666,0.75,0.75,-1.3333333333333333,1.3333333333333333,2.75,2.75,-3.0,3.0,0,0,1,2,-4.9866847113431065,-0.22555620086006484
2009-06-15 22:00:00,4404,4415,4411,4403,4404,4392,4428,4420,2969,2374,1,1,7,-1,24,28,17,5,0,11,8,17,16,2.4285714285714284,2.4285714285714284,-5.0,5.0,0.0,0.0,-11.0,11.0,2.4285714285714284,2.4285714285714284,-16.0,16.0,-7.0,7.0,0,0,1,2,-4.504792812567241,0.3886490299711681
2009-06-26 22:00:00,3987,3999,3997,3986,3976,3980,3997,4009,3161,5520,1,1,10,-1,21,29,0,10,11,6,11,11,16,0.0,0.0,-10.0,10.0,1.1,1.1,-6.0,6.0,1.1,1.1,-16.0,16.0,-10.0,10.0,0,0,1,2,-4.64832492963906,0.4081726015402246
2009-06-30 20:00:00,3820,3835,3832,3815,3814,3810,3848,3844,3396,6155,1,1,12,-5,34,34,16,9,6,5,17,22,14,1.3333333333333333,1.3333333333333333,-1.8,1.8,0.5,0.5,-1.0,1.0,1.8333333333333333,1.8333333333333333,-2.8,2.8,-2.4,2.4,0,0,1,2,-4.792103679946133,0.16788460150560147
2009-06-30 21:00:00,3832,3820,3811,3832,3810,3814,3832,3848,3569,3396,1,1,-21,0,22,34,0,16,1,6,-21,1,22,-0.0,0.0,100.0,100.0,-0.047619047619047616,0.047619047619047616,100.0,100.0,-0.047619047619047616,0.047619047619047616,100.0,100.0,0.0,0.0,0,1,1,3,-5.335110386152022,-0.6596970478728997
2009-06-30 22:00:00,3814,3832,3820,3811,3808,3810,3830,3832,2366,3569,1,1,6,-3,22,22,10,0,6,1,9,16,1,1.6666666666666667,1.6666666666666667,-0.0,0.0,1.0,1.0,-0.3333333333333333,0.3333333333333333,2.6666666666666665,2.6666666666666665,-0.3333333333333333,0.3333333333333333,-2.0,2.0,0,0,1,2,-5.045590200161486,-0.06405413391439059
2009-07-01 13:00:00,3822,3886,3835,3821,3822,3808,3873,3887,48757,101962,1,1,13,-1,51,79,38,1,0,13,14,38,14,2.923076923076923,2.923076923076923,-1.0,1.0,0.0,0.0,-13.0,13.0,2.923076923076923,2.923076923076923,-14.0,14.0,-13.0,13.0,0,0,1,2,-4.455428066143241,1.7199897666507298
2009-07-02 15:00:00,3831,3844,3838,3830,3828,3820,3852,3850,22132,26620,1,1,7,-1,24,30,14,6,3,10,8,17,16,2.0,2.0,-6.0,6.0,0.42857142857142855,0.42857142857142855,-10.0,10.0,2.4285714285714284,2.4285714285714284,-16.0,16.0,-7.0,7.0,0,0,1,2,-4.685699319776331,0.7744464794223668
2009-07-06 22:00:00,3747,3751,3750,3746,3737,3739,3753,3769,7560,11968,1,1,3,-1,16,30,3,18,10,7,4,13,25,1.0,1.0,-18.0,18.0,3.3333333333333335,3.3333333333333335,-7.0,7.0,4.333333333333333,4.333333333333333,-25.0,25.0,-3.0,3.0,0,0,1,2,-4.538835083074926,0.8656575541793508
2009-07-08 17:00:00,3601,3651,3621,3599,3599,3575,3657,3653,77950,108615,1,1,20,-2,58,78,36,2,2,24,22,38,26,1.8,1.8,-1.0,1.0,0.1,0.1,-12.0,12.0,1.9,1.9,-13.0,13.0,-10.0,10.0,0,0,1,2,-4.471645995334338,2.0342569533308383
2009-07-08 21:00:00,3536,3583,3564,3535,3535,3531,3588,3587,11860,24877,1,1,28,-1,53,56,24,4,1,4,29,25,8,0.8571428571428571,0.8571428571428571,-4.0,4.0,0.03571428571428571,0.03571428571428571,-4.0,4.0,0.8928571428571429,0.8928571428571429,-8.0,8.0,-28.0,28.0,0,0,1,2,-4.556681635356939,0.8329428881630242
2009-07-09 18:00:00,3620,3666,3630,3617,3593,3617,3644,3669,82646,57411,1,1,10,-3,51,52,14,3,27,0,13,41,3,1.4,1.4,-1.0,1.0,2.7,2.7,-0.0,0.0,4.1,4.1,-1.0,1.0,-3.3333333333333335,3.3333333333333335,0,0,1,2,-4.8829148052232565,1.2653495885727948
2009-07-13 11:00:00,3348,3472,3401,3347,3324,3317,3422,3472,103423,90517,1,1,53,-1,98,155,21,0,24,30,54,45,30,0.39622641509433965,0.39622641509433965,-0.0,0.0,0.4528301886792453,0.4528301886792453,-30.0,30.0,0.8490566037735849,0.8490566037735849,-30.0,30.0,-53.0,53.0,0,0,1,2,-3.6081246185897755,3.2935234441883536
2009-07-14 19:00:00,3594,3711,3626,3590,3579,3566,3638,3711,18487,143826,1,1,32,-4,59,145,12,0,15,24,36,27,24,0.375,0.375,-0.0,0.0,0.46875,0.46875,-6.0,6.0,0.84375,0.84375,-6.0,6.0,-8.0,8.0,0,0,1,2,-4.48993584766993,1.591838701115762
2009-07-21 11:00:00,3881,3982,3957,3880,3873,3861,3971,3990,81226,76447,1,1,76,-1,98,129,14,8,8,19,77,22,27,0.18421052631578946,0.18421052631578946,-8.0,8.0,0.10526315789473684,0.10526315789473684,-19.0,19.0,0.2894736842105263,0.2894736842105263,-27.0,27.0,-76.0,76.0,0,0,1,2,-3.4613775420501254,2.9295719563231537
2009-07-21 12:00:00,3957,3881,3935,3957,3928,3873,3978,3971,32321,81226,1,1,-22,0,50,98,21,14,7,8,-22,28,22,-0.9545454545454546,0.9545454545454546,100.0,100.0,-0.3181818181818182,0.3181818181818182,100.0,100.0,-1.2727272727272727,1.2727272727272727,100.0,100.0,0.0,0.0,0,1,1,3,-5.047804009894332,0.3199751117451383
2009-07-21 13:00:00,3936,3957,3954,3935,3930,3928,3964,3978,25790,32321,1,1,18,-1,34,50,10,21,6,7,19,16,28,0.5555555555555556,0.5555555555555556,-21.0,21.0,0.3333333333333333,0.3333333333333333,-7.0,7.0,0.8888888888888888,0.8888888888888888,-28.0,28.0,-18.0,18.0,0,0,1,2,-4.243845202287567,1.2979922242494424
2009-07-22 17:00:00,3910,4030,3925,3908,3891,3890,3934,4035,76145,163943,1,1,15,-2,43,145,9,5,19,18,17,28,23,0.6,0.6,-2.5,2.5,1.2666666666666666,1.2666666666666666,-9.0,9.0,1.8666666666666667,1.8666666666666667,-11.5,11.5,-7.5,7.5,0,0,1,2,-4.5163117504084305,2.181975884948405
2009-07-24 11:00:00,4100,4197,4113,4099,4070,4082,4126,4197,69368,103821,1,1,13,-1,56,115,13,0,30,17,14,43,17,1.0,1.0,-0.0,0.0,2.3076923076923075,2.3076923076923075,-17.0,17.0,3.3076923076923075,3.3076923076923075,-17.0,17.0,-13.0,13.0,0,0,1,2,-4.256472805438133,2.031352715734664
2009-07-27 12:00:00,4199,4215,4207,4196,4180,4184,4225,4233,51086,93267,1,1,8,-3,45,49,18,18,19,12,11,37,30,2.25,2.25,-6.0,6.0,2.375,2.375,-4.0,4.0,4.625,4.625,-10.0,10.0,-2.6666666666666665,2.6666666666666665,0,0,1,2,-4.444899182385535,1.5199412783942503
2009-07-28 10:00:00,4225,4239,4227,4216,4202,4211,4255,4240,46384,4673,1,1,2,-9,53,29,28,1,23,5,11,51,6,14.0,14.0,-0.1111111111111111,0.1111111111111111,11.5,11.5,-0.5555555555555556,0.5555555555555556,25.5,25.5,-0.6666666666666666,0.6666666666666666,-0.2222222222222222,0.2222222222222222,0,0,1,2,-4.339890992241238,1.4984269120894957
2009-07-29 11:00:00,3962,4072,4006,3960,3960,3946,4043,4072,99692,103029,1,1,44,-2,83,126,37,0,2,14,46,39,14,0.8409090909090909,0.8409090909090909,-0.0,0.0,0.045454545454545456,0.045454545454545456,-7.0,7.0,0.8863636363636364,0.8863636363636364,-7.0,7.0,-22.0,22.0,0,0,1,2,-4.273380398792744,2.141082626756875
2009-07-29 20:00:00,3929,3962,3933,3928,3924,3910,3937,3967,3689,11827,1,1,4,-1,13,57,4,5,5,18,5,9,23,1.0,1.0,-5.0,5.0,1.25,1.25,-18.0,18.0,2.25,2.25,-23.0,23.0,-4.0,4.0,0,0,1,2,-4.541736719916393,0.6731710201209633
2009-08-04 15:00:00,4529,4539,4533,4528,4527,4521,4544,4549,14716,19754,1,1,4,-1,17,28,11,10,2,7,5,13,17,2.75,2.75,-10.0,10.0,0.5,0.5,-7.0,7.0,3.25,3.25,-17.0,17.0,-4.0,4.0,0,0,1,2,-4.5427802445234,0.5422962095496312
2009-08-10 17:00:00,4706,4766,4751,4705,4681,4690,4773,4792,76728,82956,1,1,45,-1,92,102,22,26,25,15,46,47,41,0.4888888888888889,0.4888888888888889,-26.0,26.0,0.5555555555555556,0.5555555555555556,-15.0,15.0,1.0444444444444445,1.0444444444444445,-41.0,41.0,-45.0,45.0,0,0,1,2,-3.14084606007782,2.981026409483775
2009-08-12 11:00:00,4566,4648,4580,4565,4525,4540,4587,4648,68954,83457,1,1,14,-1,62,108,7,0,41,25,15,48,25,0.5,0.5,-0.0,0.0,2.9285714285714284,2.9285714285714284,-25.0,25.0,3.4285714285714284,3.4285714285714284,-25.0,25.0,-14.0,14.0,0,0,1,2,-3.903259015908492,2.128164889507036
2009-08-12 21:00:00,4771,4780,4779,4770,4763,4750,4792,4799,6461,10394,1,1,8,-1,29,49,13,19,8,20,9,21,39,1.625,1.625,-19.0,19.0,1.0,1.0,-20.0,20.0,2.625,2.625,-39.0,39.0,-8.0,8.0,0,0,1,2,-3.812305262781315,1.2022374885276872
2009-08-18 17:00:00,4517,4613,4540,4515,4480,4507,4550,4622,88933,117717,1,1,23,-2,70,115,10,9,37,8,25,47,17,0.43478260869565216,0.43478260869565216,-4.5,4.5,1.608695652173913,1.608695652173913,-4.0,4.0,2.0434782608695654,2.0434782608695654,-8.5,8.5,-11.5,11.5,0,0,1,2,-4.241618668395577,1.9848733193327455
2009-08-19 12:00:00,4510,4526,4512,4509,4493,4490,4519,4549,22030,78949,1,1,2,-1,26,59,7,23,17,19,3,24,42,3.5,3.5,-23.0,23.0,8.5,8.5,-19.0,19.0,12.0,12.0,-42.0,42.0,-2.0,2.0,0,0,1,2,-3.7976049887180716,2.2314659055022354
2009-08-20 12:00:00,4690,4708,4696,4689,4682,4681,4708,4711,28957,45771,1,1,6,-1,26,30,12,3,8,8,7,20,11,2.0,2.0,-3.0,3.0,1.3333333333333333,1.3333333333333333,-8.0,8.0,3.3333333333333335,3.3333333333333335,-11.0,11.0,-6.0,6.0,0,0,1,2,-4.584910123044347,0.681935385806514
2009-08-20 15:00:00,4666,4682,4677,4663,4640,4654,4677,4682,37265,20152,1,1,11,-3,37,28,0,0,26,9,14,26,9,0.0,0.0,-0.0,0.0,2.3636363636363638,2.3636363636363638,-3.0,3.0,2.3636363636363638,2.3636363636363638,-3.0,3.0,-3.6666666666666665,3.6666666666666665,0,0,1,2,-4.664969920412797,0.38348933688206116
2009-08-21 11:00:00,4621,4674,4657,4618,4619,4615,4677,4674,65295,33995,1,1,36,-3,58,59,20,0,2,3,39,22,3,0.5555555555555556,0.5555555555555556,-0.0,0.0,0.05555555555555555,0.05555555555555555,-1.0,1.0,0.6111111111111112,0.6111111111111112,-1.0,1.0,-12.0,12.0,0,0,1,2,-4.568064362123598,0.7416451843968228
2009-08-31 15:00:00,4734,4747,4738,4732,4733,4720,4747,4750,15733,17045,1,1,4,-2,14,30,9,3,1,12,6,10,15,2.25,2.25,-1.5,1.5,0.25,0.25,-6.0,6.0,2.5,2.5,-7.5,7.5,-2.0,2.0,0,0,1,2,-4.697951758668706,0.17703679085253515
2009-09-02 19:00:00,4918,4930,4927,4904,4912,4864,4957,4940,14281,70591,1,1,9,-14,45,76,30,10,6,40,23,36,50,3.3333333333333335,3.3333333333333335,-0.7142857142857143,0.7142857142857143,0.6666666666666666,0.6666666666666666,-2.857142857142857,2.857142857142857,4.0,4.0,-3.5714285714285716,3.5714285714285716,-0.6428571428571429,0.6428571428571429,0,0,1,2,-4.048047425427488,0.9079927867858091
2009-09-07 14:00:00,5350,5393,5359,5347,5300,5331,5374,5428,59349,61950,1,1,9,-3,74,97,15,35,50,16,12,65,51,1.6666666666666667,1.6666666666666667,-11.666666666666666,11.666666666666666,5.555555555555555,5.555555555555555,-5.333333333333333,5.333333333333333,7.222222222222222,7.222222222222222,-17.0,17.0,-3.0,3.0,0,0,1,2,-3.529759566086098,1.9464181071799904
2009-09-07 20:00:00,5515,5538,5526,5512,5511,5511,5533,5555,6041,10766,1,1,11,-3,22,44,7,17,4,1,14,11,18,0.6363636363636364,0.6363636363636364,-5.666666666666667,5.666666666666667,0.36363636363636365,0.36363636363636365,-0.3333333333333333,0.3333333333333333,1.0,1.0,-6.0,6.0,-3.6666666666666665,3.6666666666666665,0,0,1,2,-4.405192649388909,-0.0745003303723747
2009-09-10 18:00:00,5637,5700,5653,5630,5610,5610,5666,5710,9216,23561,1,1,16,-7,56,100,13,10,27,20,23,40,30,0.8125,0.8125,-1.4285714285714286,1.4285714285714286,1.6875,1.6875,-2.857142857142857,2.857142857142857,2.5,2.5,-4.285714285714286,4.285714285714286,-2.2857142857142856,2.2857142857142856,0,0,1,2,-3.917688759913718,0.43116120028147836
2009-09-11 16:00:00,5910,5966,5919,5909,5863,5880,5960,5971,19437,55216,1,1,9,-1,97,91,41,5,47,29,10,88,34,4.555555555555555,4.555555555555555,-5.0,5.0,5.222222222222222,5.222222222222222,-29.0,29.0,9.777777777777779,9.777777777777779,-34.0,34.0,-9.0,9.0,0,0,1,2,-2.929404169987789,2.174954974042141
2009-09-15 23:00:00,6190,6206,6199,6189,6183,6179,6214,6207,6405,4900,1,1,9,-1,31,28,15,1,7,10,10,22,11,1.6666666666666667,1.6666666666666667,-1.0,1.0,0.7777777777777778,0.7777777777777778,-10.0,10.0,2.4444444444444446,2.4444444444444446,-11.0,11.0,-9.0,9.0,0,0,1,2,-4.1119013459764036,0.033931392092573176
2009-09-16 19:00:00,6176,6187,6186,6170,6146,6120,6212,6198,10682,90590,1,1,10,-6,66,78,26,11,30,50,16,56,61,2.6,2.6,-1.8333333333333333,1.8333333333333333,3.0,3.0,-8.333333333333334,8.333333333333334,5.6,5.6,-10.166666666666666,10.166666666666666,-1.6666666666666667,1.6666666666666667,0,0,1,2,-3.4425076604695914,1.318175014358278
2009-09-17 13:00:00,5975,6153,6000,5973,5933,5965,6045,6174,101448,168194,1,1,25,-2,112,209,45,21,42,8,27,87,29,1.8,1.8,-10.5,10.5,1.68,1.68,-4.0,4.0,3.48,3.48,-14.5,14.5,-12.5,12.5,0,0,1,2,-3.1821011681048286,2.920777273928332
2009-09-17 21:00:00,5856,5901,5887,5855,5852,5855,5896,5909,5583,8432,1,1,31,-1,44,54,9,8,4,0,32,13,8,0.2903225806451613,0.2903225806451613,-8.0,8.0,0.12903225806451613,0.12903225806451613,-0.0,0.0,0.41935483870967744,0.41935483870967744,-8.0,8.0,-31.0,31.0,0,0,1,2,-4.042570829226286,0.19676323696082806
2009-09-18 11:00:00,5730,5860,5772,5729,5713,5700,5829,5860,91203,131275,1,1,42,-1,116,160,57,0,17,29,43,74,29,1.3571428571428572,1.3571428571428572,-0.0,0.0,0.40476190476190477,0.40476190476190477,-29.0,29.0,1.7619047619047619,1.7619047619047619,-29.0,29.0,-42.0,42.0,0,0,1,2,-2.891692287359016,3.1439471314165517
2009-09-25 17:00:00,5861,5984,5937,5860,5813,5845,5988,5996,150323,137927,1,1,76,-1,175,151,51,12,48,15,77,99,27,0.6710526315789473,0.6710526315789473,-12.0,12.0,0.631578947368421,0.631578947368421,-15.0,15.0,1.3026315789473684,1.3026315789473684,-27.0,27.0,-76.0,76.0,0,0,1,2,-2.35169967922299,4.190549697822067
2009-09-28 11:00:00,5896,5962,5902,5895,5878,5854,5960,5962,107146,82517,1,1,6,-1,82,108,58,0,18,41,7,76,41,9.666666666666666,9.666666666666666,-0.0,0.0,3.0,3.0,-41.0,41.0,12.666666666666666,12.666666666666666,-41.0,41.0,-6.0,6.0,0,0,1,2,-2.9688669566246944,3.2299180407720227
2009-10-01 14:00:00,6002,6017,6007,6000,5979,5987,6022,6029,26831,38462,1,1,5,-2,43,42,15,12,23,13,7,38,25,3.0,3.0,-6.0,6.0,4.6,4.6,-6.5,6.5,7.6,7.6,-12.5,12.5,-2.5,2.5,0,0,1,2,-3.921969572386442,0.8494223522796179
2009-10-01 15:00:00,6011,6002,6000,6007,5986,5979,6016,6022,18461,26831,1,1,-11,-4,30,43,5,15,14,23,-7,19,38,-0.45454545454545453,0.45454545454545453,-3.75,3.75,-1.2727272727272727,1.2727272727272727,-5.75,5.75,-1.7272727272727273,1.7272727272727273,-9.5,9.5,2.75,2.75,0,0,1,2,-4.1773297951307935,0.16048669738115703
2009-10-01 16:00:00,6001,6011,6006,6000,5951,5986,6013,6016,60575,18461,1,1,5,-1,62,30,7,5,50,14,6,57,19,1.4,1.4,-5.0,5.0,10.0,10.0,-14.0,14.0,11.4,11.4,-19.0,19.0,-5.0,5.0,0,0,1,2,-3.692492677026768,1.4402880014506014
2009-10-01 22:00:00,5922,5945,5931,5917,5917,5916,5941,5945,2767,4329,1,1,9,-5,24,29,10,0,5,1,14,15,1,1.1111111111111112,1.1111111111111112,-0.0,0.0,0.5555555555555556,0.5555555555555556,-0.2,0.2,1.6666666666666667,1.6666666666666667,-0.2,0.2,-1.8,1.8,0,0,1,2,-4.493315868539941,-0.4665755591104817
2009-10-02 17:00:00,5600,5770,5736,5599,5576,5584,5761,5785,217471,176352,1,1,136,-1,185,201,25,15,24,15,137,49,30,0.18382352941176472,0.18382352941176472,-15.0,15.0,0.17647058823529413,0.17647058823529413,-15.0,15.0,0.3602941176470588,0.3602941176470588,-30.0,30.0,-136.0,136.0,0,0,1,2,-2.0640790427877307,5.524003506931284
2009-10-02 20:00:00,5797,5847,5837,5795,5797,5788,5837,5850,5749,16776,1,1,40,-2,40,62,0,3,0,7,42,0,10,0.0,0.0,-1.5,1.5,0.0,0.0,-3.5,3.5,0.0,0.0,-5.0,5.0,-20.0,20.0,0,0,1,2,-4.2198312216270315,0.022696611585693232
2009-10-07 20:00:00,6162,6240,6193,6161,6155,6161,6193,6256,8583,16446,1,1,31,-1,38,95,0,16,7,0,32,7,16,0.0,0.0,-16.0,16.0,0.22580645161290322,0.22580645161290322,-0.0,0.0,0.22580645161290322,0.22580645161290322,-16.0,16.0,-31.0,31.0,0,0,1,2,-3.7832336503651267,0.45833929244737787
2009-10-07 21:00:00,6193,6162,6167,6193,6160,6155,6209,6193,6305,8583,1,1,-26,0,49,38,16,0,7,7,-26,23,7,-0.6153846153846154,0.6153846153846154,0.0,0.0,-0.2692307692307692,0.2692307692307692,100.0,100.0,-0.8846153846153846,0.8846153846153846,100.0,100.0,0.0,0.0,0,1,1,3,-4.642280094203873,-0.8550942493780143
2009-10-07 22:00:00,6170,6193,6179,6167,6155,6160,6188,6209,3749,6305,1,1,9,-3,33,49,9,16,15,7,12,24,23,1.0,1.0,-5.333333333333333,5.333333333333333,1.6666666666666667,1.6666666666666667,-2.3333333333333335,2.3333333333333335,2.6666666666666665,2.6666666666666665,-7.666666666666667,7.666666666666667,-3.0,3.0,0,0,1,2,-4.053049779455112,0.019156927255718898
2009-10-09 11:00:00,6587,6720,6649,6585,6585,6561,6690,6720,111234,108978,1,1,62,-2,105,159,41,0,2,24,64,43,24,0.6612903225806451,0.6612903225806451,-0.0,0.0,0.03225806451612903,0.03225806451612903,-12.0,12.0,0.6935483870967742,0.6935483870967742,-12.0,12.0,-31.0,31.0,0,0,1,2,-3.229739069643221,2.2514115836364996
2009-10-09 14:00:00,6573,6610,6598,6571,6567,6545,6615,6620,39136,68008,1,1,25,-2,48,75,17,10,6,26,27,23,36,0.68,0.68,-5.0,5.0,0.24,0.24,-13.0,13.0,0.92,0.92,-18.0,18.0,-12.5,12.5,0,0,1,2,-3.6185134546848112,1.0497322316139224
2009-10-13 18:00:00,6801,6941,6820,6800,6742,6780,6877,6988,177470,193269,1,1,19,-1,135,208,57,47,59,20,20,116,67,3.0,3.0,-47.0,47.0,3.1052631578947367,3.1052631578947367,-20.0,20.0,6.105263157894737,6.105263157894737,-67.0,67.0,-19.0,19.0,0,0,1,2,-1.6910728187135546,5.418658242388785
2009-10-13 21:00:00,6886,6901,6887,6884,6862,6868,6900,6910,3612,3959,1,1,1,-2,38,42,13,9,24,16,3,37,25,13.0,13.0,-4.5,4.5,24.0,24.0,-8.0,8.0,37.0,37.0,-12.5,12.5,-0.5,0.5,0,0,1,2,-3.343907408438809,1.5999073779569741
2009-10-14 19:00:00,7040,7100,7084,7030,7030,6968,7108,7107,15391,146500,1,1,44,-10,78,139,24,7,10,62,54,34,69,0.5454545454545454,0.5454545454545454,-0.7,0.7,0.22727272727272727,0.22727272727272727,-6.2,6.2,0.7727272727272727,0.7727272727272727,-6.9,6.9,-4.4,4.4,0,0,1,2,-3.1545463450950755,1.3788402507513857
2009-10-15 11:00:00,6982,7147,6997,6981,6942,6981,7036,7180,200865,100949,1,1,15,-1,94,199,39,33,40,0,16,79,33,2.6,2.6,-33.0,33.0,2.6666666666666665,2.6666666666666665,-0.0,0.0,5.266666666666667,5.266666666666667,-33.0,33.0,-15.0,15.0,0,0,1,2,-2.7962044025270933,3.5380230723934765
2009-10-15 16:00:00,6785,6901,6826,6783,6722,6771,6838,6958,203157,225116,1,1,41,-2,116,187,12,57,63,12,43,75,69,0.2926829268292683,0.2926829268292683,-28.5,28.5,1.5365853658536586,1.5365853658536586,-6.0,6.0,1.829268292682927,1.829268292682927,-34.5,34.5,-20.5,20.5,0,0,1,2,-2.574787645106315,4.571793287948499
2009-10-16 13:00:00,6725,6809,6788,6722,6720,6717,6820,6818,68582,133884,1,1,63,-3,100,101,32,9,5,5,66,37,14,0.5079365079365079,0.5079365079365079,-3.0,3.0,0.07936507936507936,0.07936507936507936,-1.6666666666666667,1.6666666666666667,0.5873015873015873,0.5873015873015873,-4.666666666666667,4.666666666666667,-21.0,21.0,0,0,1,2,-3.5457961875568915,1.5646972878670597
2009-10-20 18:00:00,6879,6950,6885,6878,6786,6824,6925,6979,120956,151420,1,1,6,-1,139,155,40,29,93,54,7,133,83,6.666666666666667,6.666666666666667,-29.0,29.0,15.5,15.5,-54.0,54.0,22.166666666666668,22.166666666666668,-83.0,83.0,-6.0,6.0,0,0,1,2,-1.147523832194608,5.8414058146841175
2009-10-26 22:00:00,6864,6880,6865,6861,6851,6850,6878,6886,4844,7070,1,1,1,-3,27,36,13,6,13,11,4,26,17,13.0,13.0,-2.0,2.0,13.0,13.0,-3.6666666666666665,3.6666666666666665,26.0,26.0,-5.666666666666667,5.666666666666667,-0.3333333333333333,0.3333333333333333,0,0,1,2,-3.7516653664535147,0.7954603839921339
2009-10-27 16:00:00,6806,6818,6811,6800,6776,6787,6858,6824,89461,48780,1,1,5,-6,82,37,47,6,30,13,11,77,19,9.4,9.4,-1.0,1.0,6.0,6.0,-2.1666666666666665,2.1666666666666665,15.4,15.4,-3.1666666666666665,3.1666666666666665,-0.8333333333333334,0.8333333333333334,0,0,1,2,-3.5267021827739296,1.6066636692369323
2009-11-03 17:00:00,6364,6387,6373,6363,6321,6350,6384,6431,128930,79344,1,1,9,-1,63,81,11,44,43,13,10,54,57,1.2222222222222223,1.2222222222222223,-44.0,44.0,4.777777777777778,4.777777777777778,-13.0,13.0,6.0,6.0,-57.0,57.0,-9.0,9.0,0,0,1,2,-2.799634467591259,3.2853685888994657
2009-11-06 17:00:00,6369,6578,6529,6368,6317,6327,6570,6620,159463,185996,1,1,160,-1,253,293,41,42,52,41,161,93,83,0.25625,0.25625,-42.0,42.0,0.325,0.325,-41.0,41.0,0.58125,0.58125,-83.0,83.0,-160.0,160.0,0,0,1,4,0.2580152515027671,7.530365280595207
2009-11-06 22:00:00,6505,6511,6510,6504,6500,6492,6525,6512,3024,3601,1,1,5,-1,25,20,15,1,5,12,6,20,13,3.0,3.0,-1.0,1.0,1.0,1.0,-12.0,12.0,4.0,4.0,-13.0,13.0,-5.0,5.0,0,0,1,2,-4.047035935711827,-0.00849365360443723
2009-11-11 16:00:00,6996,7034,7000,6995,6966,6978,7020,7038,45631,28937,1,1,4,-1,54,60,20,4,30,17,5,50,21,5.0,5.0,-4.0,4.0,7.5,7.5,-17.0,17.0,12.5,12.5,-21.0,21.0,-4.0,4.0,0,0,1,2,-3.3915111741284294,1.3022618063581386
2009-11-12 15:00:00,6939,6970,6944,6938,6922,6910,6969,6979,49700,38990,1,1,5,-1,47,69,25,9,17,28,6,42,37,5.0,5.0,-9.0,9.0,3.4,3.4,-28.0,28.0,8.4,8.4,-37.0,37.0,-5.0,5.0,0,0,1,2,-3.1398961876514706,1.6795204450333676
2009-11-13 23:00:00,6989,7016,7005,6988,6981,6985,7008,7020,3314,7255,1,1,16,-1,27,35,3,4,8,3,17,11,7,0.1875,0.1875,-4.0,4.0,0.5,0.5,-3.0,3.0,0.6875,0.6875,-7.0,7.0,-16.0,16.0,0,0,1,2,-4.022952033484505,-0.3055202989689575
2009-11-17 14:00:00,7360,7465,7361,7359,7292,7333,7374,7490,73237,100900,1,1,1,-1,82,157,13,25,68,26,2,81,51,13.0,13.0,-25.0,25.0,68.0,68.0,-26.0,26.0,81.0,81.0,-51.0,51.0,-1.0,1.0,0,0,1,1,-1.4545679483377127,6.2833138987048
2009-11-17 19:00:00,7338,7377,7341,7330,7316,7326,7357,7395,8346,58520,1,1,3,-8,41,69,16,18,22,4,11,38,22,5.333333333333333,5.333333333333333,-2.25,2.25,7.333333333333333,7.333333333333333,-0.5,0.5,12.666666666666666,12.666666666666666,-2.75,2.75,-0.375,0.375,0,0,1,2,-3.6123393601413705,0.5424345999077159
2009-11-23 14:00:00,7133,7158,7134,7131,7123,7112,7163,7184,32316,67256,1,1,1,-2,40,72,29,26,10,19,3,39,45,29.0,29.0,-13.0,13.0,10.0,10.0,-9.5,9.5,39.0,39.0,-22.5,22.5,-0.5,0.5,0,0,1,2,-2.9826513342834287,2.6429659487149126
2009-11-23 18:00:00,7150,7189,7180,7149,7147,7137,7203,7236,76681,102382,1,1,30,-1,56,99,23,47,3,12,31,26,59,0.7666666666666667,0.7666666666666667,-47.0,47.0,0.1,0.1,-12.0,12.0,0.8666666666666667,0.8666666666666667,-59.0,59.0,-30.0,30.0,0,0,1,2,-2.5031617436182922,2.8265933177969376
2009-11-25 10:00:00,7155,7177,7164,7146,7146,7140,7200,7180,26513,3962,1,1,9,-9,54,40,36,3,9,6,18,45,9,4.0,4.0,-0.3333333333333333,0.3333333333333333,1.0,1.0,-0.6666666666666666,0.6666666666666666,5.0,5.0,-1.0,1.0,-1.0,1.0,0,0,1,2,-3.777646461876886,-0.03421274166404793
2009-11-27 11:00:00,6418,6650,6522,6417,6400,6333,6589,6650,173372,112804,1,1,104,-1,189,317,67,0,18,84,105,85,84,0.6442307692307693,0.6442307692307693,-0.0,0.0,0.17307692307692307,0.17307692307692307,-84.0,84.0,0.8173076923076923,0.8173076923076923,-84.0,84.0,-104.0,104.0,0,0,1,4,-0.4098189431945646,6.442263917439364
2009-12-02 17:00:00,7102,7130,7129,7100,7078,7088,7163,7199,64016,68140,1,1,27,-2,85,111,34,69,24,12,29,58,81,1.2592592592592593,1.2592592592592593,-34.5,34.5,0.8888888888888888,0.8888888888888888,-6.0,6.0,2.1481481481481484,2.1481481481481484,-40.5,40.5,-13.5,13.5,0,0,1,2,-2.421152909807656,2.430872019751088
2009-12-02 21:00:00,7090,7110,7102,7089,7081,7079,7111,7119,2781,6400,1,1,12,-1,30,40,9,9,9,10,13,18,19,0.75,0.75,-9.0,9.0,0.75,0.75,-10.0,10.0,1.5,1.5,-19.0,19.0,-12.0,12.0,0,0,1,2,-3.690212857364355,0.09057189916925538
2009-12-04 23:00:00,7377,7381,7380,7375,7367,7365,7398,7390,4291,5885,1,1,3,-2,31,25,18,9,10,10,5,28,19,6.0,6.0,-4.5,4.5,3.3333333333333335,3.3333333333333335,-5.0,5.0,9.333333333333334,9.333333333333334,-9.5,9.5,-1.5,1.5,0,0,1,2,-3.731020176442066,0.08368785131900307
2009-12-16 10:00:00,7684,7723,7717,7679,7684,7675,7748,7724,37325,5290,1,1,33,-5,64,49,31,1,0,4,38,31,5,0.9393939393939394,0.9393939393939394,-0.2,0.2,0.0,0.0,-0.8,0.8,0.9393939393939394,0.9393939393939394,-1.0,1.0,-6.6,6.6,0,0,1,2,-3.696876459446135,-0.14935192302371653
2009-12-18 17:00:00,8150,8225,8203,8146,8146,8141,8225,8236,38868,32952,1,1,53,-4,79,95,22,11,4,5,57,26,16,0.41509433962264153,0.41509433962264153,-2.75,2.75,0.07547169811320754,0.07547169811320754,-1.25,1.25,0.49056603773584906,0.49056603773584906,-4.0,4.0,-13.25,13.25,0,0,1,2,-3.2983876316736276,0.26687984325608616
2009-12-22 13:00:00,8084,8138,8123,8081,8070,8076,8135,8143,28372,26556,1,1,39,-3,65,67,12,5,14,5,42,26,10,0.3076923076923077,0.3076923076923077,-1.6666666666666667,1.6666666666666667,0.358974358974359,0.358974358974359,-1.6666666666666667,1.6666666666666667,0.6666666666666666,0.6666666666666666,-3.3333333333333335,3.3333333333333335,-13.0,13.0,0,0,1,2,-3.5020804359824154,-0.006426900997852616
2009-12-23 17:00:00,8124,8156,8136,8123,8105,8090,8164,8156,37575,42940,1,1,12,-1,59,66,28,0,19,33,13,47,33,2.3333333333333335,2.3333333333333335,-0.0,0.0,1.5833333333333333,1.5833333333333333,-33.0,33.0,3.9166666666666665,3.9166666666666665,-33.0,33.0,-12.0,12.0,0,0,1,2,-2.849134716304532,1.2236720637764977
2009-12-24 11:00:00,8081,8119,8098,8080,8054,8060,8100,8150,19342,32516,1,1,17,-1,46,90,2,31,27,20,18,29,51,0.11764705882352941,0.11764705882352941,-31.0,31.0,1.588235294117647,1.588235294117647,-20.0,20.0,1.7058823529411764,1.7058823529411764,-51.0,51.0,-17.0,17.0,0,0,1,2,-2.5060607796854257,1.4340540333161806
2009-12-30 20:00:00,8227,8239,8234,8226,8226,8222,8244,8250,467,1279,1,1,7,-1,18,28,10,11,1,4,8,11,15,1.4285714285714286,1.4285714285714286,-11.0,11.0,0.14285714285714285,0.14285714285714285,-4.0,4.0,1.5714285714285714,1.5714285714285714,-15.0,15.0,-7.0,7.0,0,0,1,2,-3.632807322420535,-0.42569836529043326
2010-01-19 13:00:00,9055,9145,9088,9053,9033,9021,9109,9166,42006,56337,1,1,33,-2,76,145,21,21,22,32,35,43,53,0.6363636363636364,0.6363636363636364,-10.5,10.5,0.6666666666666666,0.6666666666666666,-16.0,16.0,1.303030303030303,1.303030303030303,-26.5,26.5,-16.5,16.5,0,0,1,2,-2.3699116086858636,1.2645029189819785
2010-01-20 11:00:00,9226,9316,9249,9224,9193,9204,9284,9316,56084,55470,1,1,23,-2,91,112,35,0,33,20,25,68,20,1.5217391304347827,1.5217391304347827,-0.0,0.0,1.434782608695652,1.434782608695652,-10.0,10.0,2.9565217391304346,2.9565217391304346,-10.0,10.0,-11.5,11.5,0,0,1,2,-2.7388235397802982,0.8409060501588818
2010-01-20 12:00:00,9251,9226,9170,9249,9141,9193,9270,9284,41315,56084,1,1,-81,-2,129,91,19,35,29,33,-79,48,68,-0.2345679012345679,0.2345679012345679,-17.5,17.5,-0.35802469135802467,0.35802469135802467,-16.5,16.5,-0.5925925925925926,0.5925925925925926,-34.0,34.0,40.5,40.5,0,0,1,2,-2.639752650797921,0.9725201918643521
2010-01-20 13:00:00,9174,9251,9218,9170,9121,9141,9228,9270,34470,41315,1,1,44,-4,107,129,10,19,53,29,48,63,48,0.22727272727272727,0.22727272727272727,-4.75,4.75,1.2045454545454546,1.2045454545454546,-7.25,7.25,1.4318181818181819,1.4318181818181819,-12.0,12.0,-11.0,11.0,0,0,1,2,-2.4029544858174625,0.8491389783948974
2010-01-25 10:00:00,8620,8661,8628,8591,8590,8586,8679,8684,61178,7032,1,1,8,-29,89,98,51,23,30,5,37,81,28,6.375,6.375,-0.7931034482758621,0.7931034482758621,3.75,3.75,-0.1724137931034483,0.1724137931034483,10.125,10.125,-0.9655172413793104,0.9655172413793104,-0.27586206896551724,0.27586206896551724,0,0,1,2,-2.650624025274338,0.6168869249669227
2010-01-26 11:00:00,8641,8843,8692,8640,8635,8618,8718,8843,53175,68863,1,1,51,-1,83,225,26,0,6,22,52,32,22,0.5098039215686274,0.5098039215686274,-0.0,0.0,0.11764705882352941,0.11764705882352941,-22.0,22.0,0.6274509803921569,0.6274509803921569,-22.0,22.0,-51.0,51.0,0,0,1,2,-2.411061263858268,1.5810094777708497
2010-01-27 12:00:00,8592,8693,8610,8586,8566,8561,8619,8707,45395,80671,1,1,18,-6,53,146,9,14,26,25,24,35,39,0.5,0.5,-2.3333333333333335,2.3333333333333335,1.4444444444444444,1.4444444444444444,-4.166666666666667,4.166666666666667,1.9444444444444444,1.9444444444444444,-6.5,6.5,-3.0,3.0,0,0,1,2,-3.1358391796657488,0.6616195676150289
2010-01-27 19:00:00,8719,8755,8736,8712,8712,8670,8747,8755,3203,59271,1,1,17,-7,35,85,11,0,7,42,24,18,42,0.6470588235294118,0.6470588235294118,-0.0,0.0,0.4117647058823529,0.4117647058823529,-6.0,6.0,1.0588235294117647,1.0588235294117647,-6.0,6.0,-2.4285714285714284,2.4285714285714284,0,0,1,2,-3.2940623029515597,-0.07668803949673979
2010-01-28 20:00:00,8682,8754,8700,8680,8663,8657,8700,8770,3409,10150,1,1,18,-2,37,113,0,16,19,23,20,19,39,0.0,0.0,-8.0,8.0,1.0555555555555556,1.0555555555555556,-11.5,11.5,1.0555555555555556,1.0555555555555556,-19.5,19.5,-9.0,9.0,0,0,1,2,-3.012041655327681,0.0872564504881216
2010-02-01 10:00:00,8770,8790,8774,8763,8734,8727,8843,8793,40824,5503,1,1,4,-7,109,66,69,3,36,36,11,105,39,17.25,17.25,-0.42857142857142855,0.42857142857142855,9.0,9.0,-5.142857142857143,5.142857142857143,26.25,26.25,-5.571428571428571,5.571428571428571,-0.5714285714285714,0.5714285714285714,0,0,1,2,-2.35270952476009,1.6029116880492666
2010-02-05 11:00:00,8222,8378,8281,8220,8166,8220,8282,8419,110158,96672,1,1,59,-2,116,199,1,41,56,0,61,57,41,0.01694915254237288,0.01694915254237288,-20.5,20.5,0.9491525423728814,0.9491525423728814,-0.0,0.0,0.9661016949152542,0.9661016949152542,-20.5,20.5,-29.5,29.5,0,0,1,2,-2.4154582498788337,2.340104376380269
2010-02-05 18:00:00,8327,8417,8352,8322,8242,8320,8370,8425,94823,115347,1,1,25,-5,128,105,18,8,85,2,30,103,10,0.72,0.72,-1.6,1.6,3.4,3.4,-0.4,0.4,4.12,4.12,-2.0,2.0,-5.0,5.0,0,0,1,2,-2.9529430350371735,1.6219670260980228
2010-02-08 13:00:00,8373,8426,8376,8369,8336,8349,8410,8435,42081,34793,1,1,3,-4,74,86,34,9,37,20,7,71,29,11.333333333333334,11.333333333333334,-2.25,2.25,12.333333333333334,12.333333333333334,-5.0,5.0,23.666666666666668,23.666666666666668,-7.25,7.25,-0.75,0.75,0,0,1,2,-2.8505241098185095,1.4595489961885726
2010-02-08 19:00:00,7991,8014,7993,7979,7937,7967,8024,8074,14623,96598,1,1,2,-12,87,107,31,60,54,12,14,85,72,15.5,15.5,-5.0,5.0,27.0,27.0,-1.0,1.0,42.5,42.5,-6.0,6.0,-0.16666666666666666,0.16666666666666666,0,0,1,1,-2.2126038092884572,2.9056862964247867
2010-02-12 15:00:00,8061,8078,8070,8059,8046,8012,8113,8108,32530,61990,1,1,9,-2,67,96,43,30,15,47,11,58,77,4.777777777777778,4.777777777777778,-15.0,15.0,1.6666666666666667,1.6666666666666667,-23.5,23.5,6.444444444444445,6.444444444444445,-38.5,38.5,-4.5,4.5,0,0,1,2,-2.3603600661074546,1.9173087259371435
2010-02-16 16:00:00,8211,8270,8254,8209,8210,8182,8262,8290,31838,52565,1,1,43,-2,52,108,8,20,1,27,45,9,47,0.18604651162790697,0.18604651162790697,-10.0,10.0,0.023255813953488372,0.023255813953488372,-13.5,13.5,0.20930232558139536,0.20930232558139536,-23.5,23.5,-21.5,21.5,0,0,1,2,-2.934866841610174,0.9049658135138996
2010-02-19 11:00:00,7798,8083,7813,7797,7738,7713,7845,8083,91595,62698,1,1,15,-1,107,370,32,0,60,84,16,92,84,2.1333333333333333,2.1333333333333333,-0.0,0.0,4.0,4.0,-84.0,84.0,6.133333333333334,6.133333333333334,-84.0,84.0,-15.0,15.0,0,0,1,2,-0.8914436624882879,4.370500745420721
2010-02-19 22:00:00,7971,8008,7988,7970,7967,7970,8008,8009,1130,1834,1,1,17,-1,41,39,20,1,4,0,18,24,1,1.1764705882352942,1.1764705882352942,-1.0,1.0,0.23529411764705882,0.23529411764705882,-0.0,0.0,1.411764705882353,1.411764705882353,-1.0,1.0,-17.0,17.0,0,0,1,2,-3.7556865419149883,-0.5428830966090614
2010-02-24 19:00:00,7657,7715,7711,7631,7640,7566,7719,7715,21426,91004,1,1,54,-26,79,149,8,0,17,65,80,25,65,0.14814814814814814,0.14814814814814814,-0.0,0.0,0.3148148148148148,0.3148148148148148,-2.5,2.5,0.46296296296296297,0.46296296296296297,-2.5,2.5,-2.076923076923077,2.076923076923077,0,0,1,2,-2.940994544766195,0.7120620335895768
2010-02-27 20:00:00,7639,7654,7645,7636,7637,7628,7655,7654,685,1436,1,1,6,-3,18,26,10,0,2,8,9,12,8,1.6666666666666667,1.6666666666666667,-0.0,0.0,0.3333333333333333,0.3333333333333333,-2.6666666666666665,2.6666666666666665,2.0,2.0,-2.6666666666666665,2.6666666666666665,-2.0,2.0,0,0,1,2,-4.040298873369636,-0.7044677634527661
2010-03-03 21:00:00,8333,8348,8341,8331,8330,8326,8346,8352,1570,3444,1,1,8,-2,16,26,5,4,3,5,10,8,9,0.625,0.625,-2.0,2.0,0.375,0.375,-2.5,2.5,1.0,1.0,-4.5,4.5,-4.0,4.0,0,0,1,2,-3.864615250215773,-0.8004118286319646
2010-03-04 19:00:00,8307,8323,8310,8292,8276,8264,8329,8332,5338,50202,1,1,3,-15,53,68,19,9,31,28,18,50,37,6.333333333333333,6.333333333333333,-0.6,0.6,10.333333333333334,10.333333333333334,-1.8666666666666667,1.8666666666666667,16.666666666666668,16.666666666666668,-2.466666666666667,2.466666666666667,-0.2,0.2,0,0,1,2,-3.055462052984964,0.641602340842631
2010-03-18 19:00:00,9045,9053,9049,9040,9009,9027,9056,9074,6642,34703,1,1,4,-5,47,47,7,21,36,13,9,43,34,1.75,1.75,-4.2,4.2,9.0,9.0,-2.6,2.6,10.75,10.75,-6.8,6.8,-0.8,0.8,0,0,1,2,-3.0656950738379347,0.22875649277545856
2010-03-22 19:00:00,8715,8734,8720,8704,8690,8700,8735,8775,7565,29259,1,1,5,-11,45,75,15,41,25,4,16,40,45,3.0,3.0,-3.727272727272727,3.727272727272727,5.0,5.0,-0.36363636363636365,0.36363636363636365,8.0,8.0,-4.090909090909091,4.090909090909091,-0.45454545454545453,0.45454545454545453,0,0,1,2,-3.049149636339826,0.13636968662834426
2010-03-24 19:00:00,8770,8772,8771,8752,8750,8711,8789,8804,4290,58826,1,1,1,-18,39,93,18,32,20,41,19,38,73,18.0,18.0,-1.7777777777777777,1.7777777777777777,20.0,20.0,-2.2777777777777777,2.2777777777777777,38.0,38.0,-4.055555555555555,4.055555555555555,-0.05555555555555555,0.05555555555555555,0,0,1,2,-2.469186431598413,1.7626115331126433
2010-03-25 10:00:00,8743,8759,8751,8732,8724,8730,8800,8775,28171,3968,1,1,8,-11,76,45,49,16,19,2,19,68,18,6.125,6.125,-1.4545454545454546,1.4545454545454546,2.375,2.375,-0.18181818181818182,0.18181818181818182,8.5,8.5,-1.6363636363636365,1.6363636363636365,-0.7272727272727273,0.7272727272727273,0,0,1,2,-3.0371331741275953,0.12325212734505968
2010-03-25 14:00:00,8702,8725,8721,8699,8701,8675,8741,8744,27835,36321,1,1,19,-3,40,69,20,19,1,24,22,21,43,1.0526315789473684,1.0526315789473684,-6.333333333333333,6.333333333333333,0.05263157894736842,0.05263157894736842,-8.0,8.0,1.105263157894737,1.105263157894737,-14.333333333333334,14.333333333333334,-6.333333333333333,6.333333333333333,0,0,1,2,-3.151431754733608,0.262976145994558
2010-03-31 18:00:00,8611,8660,8640,8610,8609,8591,8654,8677,48615,72072,1,1,29,-1,45,86,14,17,2,19,30,16,36,0.4827586206896552,0.4827586206896552,-17.0,17.0,0.06896551724137931,0.06896551724137931,-19.0,19.0,0.5517241379310345,0.5517241379310345,-36.0,36.0,-29.0,29.0,0,0,1,2,-2.750634350379603,1.3397980619484187
2010-04-06 18:00:00,8837,8878,8877,8836,8829,8833,8885,8884,22029,36028,1,1,40,-1,56,51,8,6,8,3,41,16,9,0.2,0.2,-6.0,6.0,0.2,0.2,-3.0,3.0,0.4,0.4,-9.0,9.0,-40.0,40.0,0,0,1,2,-3.180061406252384,0.14264766557681033
2010-04-06 19:00:00,8872,8837,8865,8877,8860,8829,8890,8885,2728,22029,1,1,-7,5,30,56,18,8,5,8,-12,23,16,-2.5714285714285716,2.5714285714285716,1.6,1.6,-0.7142857142857143,0.7142857142857143,1.6,1.6,-3.2857142857142856,3.2857142857142856,3.2,3.2,-1.4,1.4,0,0,1,2,-3.749221193799484,-0.7369654266969348
2010-04-06 20:00:00,8870,8872,8871,8865,8863,8860,8878,8890,1508,2728,1,1,1,-5,15,30,7,18,7,5,6,14,23,7.0,7.0,-3.6,3.6,7.0,7.0,-1.0,1.0,14.0,14.0,-4.6,4.6,-0.2,0.2,0,0,1,2,-3.4544902580608405,-0.2459085841549608
2010-04-07 13:00:00,8814,8837,8829,8810,8808,8792,8839,8837,16996,39203,1,1,15,-4,31,45,10,0,6,18,19,16,18,0.6666666666666666,0.6666666666666666,-0.0,0.0,0.4,0.4,-4.5,4.5,1.0666666666666667,1.0666666666666667,-4.5,4.5,-3.75,3.75,0,0,1,2,-3.5666648614900693,-0.3726481417224208
2010-04-08 12:00:00,8526,8601,8528,8525,8455,8510,8545,8606,61509,61519,1,1,2,-1,90,96,17,5,71,15,3,88,20,8.5,8.5,-5.0,5.0,35.5,35.5,-15.0,15.0,44.0,44.0,-20.0,20.0,-2.0,2.0,0,0,1,1,-2.3233266079495993,3.087495148774259
2010-04-12 15:00:00,8655,8680,8661,8654,8632,8620,8671,8685,22660,25113,1,1,6,-1,39,65,10,5,23,34,7,33,39,1.6666666666666667,1.6666666666666667,-5.0,5.0,3.8333333333333335,3.8333333333333335,-34.0,34.0,5.5,5.5,-39.0,39.0,-6.0,6.0,0,0,1,2,-2.7408076086200035,0.962991356106054
2010-04-15 15:00:00,8924,8931,8927,8923,8889,8912,8930,8958,20010,20156,1,1,3,-1,41,46,3,27,35,11,4,38,38,1.0,1.0,-27.0,27.0,11.666666666666666,11.666666666666666,-11.0,11.0,12.666666666666666,12.666666666666666,-38.0,38.0,-3.0,3.0,0,0,1,2,-2.62148589041594,1.1235750403612537
2010-04-16 15:00:00,8927,8973,8960,8926,8920,8911,8975,8976,39115,38345,1,1,33,-1,55,65,15,3,7,15,34,22,18,0.45454545454545453,0.45454545454545453,-3.0,3.0,0.21212121212121213,0.21212121212121213,-15.0,15.0,0.6666666666666666,0.6666666666666666,-18.0,18.0,-33.0,33.0,0,0,1,2,-2.9822928542317704,0.5383987231448178
2010-04-19 20:00:00,8545,8565,8551,8542,8532,8525,8569,8570,5328,8427,1,1,6,-3,37,45,18,5,13,17,9,31,22,3.0,3.0,-1.6666666666666667,1.6666666666666667,2.1666666666666665,2.1666666666666665,-5.666666666666667,5.666666666666667,5.166666666666667,5.166666666666667,-7.333333333333333,7.333333333333333,-2.0,2.0,0,0,1,2,-3.417939972618917,-0.2418682258356899
2010-04-20 19:00:00,8712,8750,8726,8707,8700,8681,8735,8756,3545,45782,1,1,14,-5,35,75,9,6,12,26,19,21,32,0.6428571428571429,0.6428571428571429,-1.2,1.2,0.8571428571428571,0.8571428571428571,-5.2,5.2,1.5,1.5,-6.4,6.4,-2.8,2.8,0,0,1,2,-3.3624894092348705,-0.1856230854544153
2010-04-22 18:00:00,8413,8470,8454,8410,8408,8365,8515,8484,80643,100562,1,1,41,-3,107,119,61,14,5,45,44,66,59,1.4878048780487805,1.4878048780487805,-4.666666666666667,4.666666666666667,0.12195121951219512,0.12195121951219512,-15.0,15.0,1.6097560975609757,1.6097560975609757,-19.666666666666668,19.666666666666668,-13.666666666666666,13.666666666666666,0,0,1,2,-2.4525529192237765,2.0012425661026563
2010-04-27 21:00:00,8207,8225,8216,8206,8207,8195,8242,8236,4416,6761,1,1,9,-1,35,41,26,11,0,11,10,26,22,2.888888888888889,2.888888888888889,-11.0,11.0,0.0,0.0,-11.0,11.0,2.888888888888889,2.888888888888889,-22.0,22.0,-9.0,9.0,0,0,1,2,-3.2835798520150656,0.09773921396407877
2010-04-28 20:00:00,7936,7996,7976,7933,7910,7890,7989,8048,7666,17258,1,1,40,-3,79,158,13,52,26,43,43,39,95,0.325,0.325,-17.333333333333332,17.333333333333332,0.65,0.65,-14.333333333333334,14.333333333333334,0.975,0.975,-31.666666666666668,31.666666666666668,-13.333333333333334,13.333333333333334,0,0,1,2,-2.202583353768677,1.370655908620796
2010-04-29 11:00:00,8022,8037,8027,8021,7982,7985,8054,8070,64677,36899,1,1,5,-1,72,85,27,33,40,36,6,67,69,5.4,5.4,-33.0,33.0,8.0,8.0,-36.0,36.0,13.4,13.4,-69.0,69.0,-5.0,5.0,0,0,1,2,-1.8444353489103924,3.046556552780487
2010-05-06 17:00:00,7389,7522,7492,7385,7388,7383,7532,7545,72784,128830,1,1,103,-4,144,162,40,23,1,2,107,41,25,0.3883495145631068,0.3883495145631068,-5.75,5.75,0.009708737864077669,0.009708737864077669,-0.5,0.5,0.39805825242718446,0.39805825242718446,-6.25,6.25,-25.75,25.75,0,0,1,2,-2.8482984711054375,1.9356242118529468
2010-05-13 15:00:00,8076,8123,8101,8075,7996,8040,8140,8168,92755,57297,1,1,25,-1,144,128,39,45,80,35,26,119,80,1.56,1.56,-45.0,45.0,3.2,3.2,-35.0,35.0,4.76,4.76,-80.0,80.0,-25.0,25.0,0,0,1,2,-0.9453508438701119,4.103615827379258
2010-05-14 18:00:00,7741,7851,7750,7738,7704,7725,7782,7854,90694,126322,1,1,9,-3,78,129,32,3,37,13,12,69,16,3.5555555555555554,3.5555555555555554,-1.0,1.0,4.111111111111111,4.111111111111111,-4.333333333333333,4.333333333333333,7.666666666666667,7.666666666666667,-5.333333333333333,5.333333333333333,-3.0,3.0,0,0,1,2,-3.3417726378121233,1.7139012870018575
2010-05-18 13:00:00,7614,7777,7643,7613,7590,7612,7665,7782,113403,171747,1,1,29,-1,75,170,22,5,24,1,30,46,6,0.7586206896551724,0.7586206896551724,-5.0,5.0,0.8275862068965517,0.8275862068965517,-1.0,1.0,1.5862068965517242,1.5862068965517242,-6.0,6.0,-29.0,29.0,0,0,1,2,-3.4171658453284213,2.0604603901821417
2010-05-20 12:00:00,7472,7501,7489,7471,7404,7451,7512,7540,106424,114552,1,1,17,-1,108,89,23,39,68,20,18,91,59,1.3529411764705883,1.3529411764705883,-39.0,39.0,4.0,4.0,-20.0,20.0,5.352941176470588,5.352941176470588,-59.0,59.0,-17.0,17.0,0,0,1,2,-2.0438263343118637,3.6012124515400954
2010-05-20 19:00:00,6995,7095,7015,6990,6965,6940,7068,7118,20315,137874,1,1,20,-5,103,178,53,23,30,50,25,83,73,2.65,2.65,-4.6,4.6,1.5,1.5,-10.0,10.0,4.15,4.15,-14.6,14.6,-4.0,4.0,0,0,1,2,-2.656181072201062,2.116448676872415
2010-05-20 20:00:00,7014,6995,6924,7015,6920,6965,7052,7068,15232,20315,1,1,-90,1,132,103,38,53,4,30,-91,42,83,-0.4222222222222222,0.4222222222222222,53.0,53.0,-0.044444444444444446,0.044444444444444446,30.0,30.0,-0.4666666666666667,0.4666666666666667,83.0,83.0,-90.0,90.0,0,0,1,2,-3.040937924498028,1.0095943872601785
2010-05-20 21:00:00,6925,7014,7002,6924,6914,6920,7034,7052,19312,15232,1,1,77,-1,120,132,32,38,11,4,78,43,42,0.4155844155844156,0.4155844155844156,-38.0,38.0,0.14285714285714285,0.14285714285714285,-4.0,4.0,0.5584415584415584,0.5584415584415584,-42.0,42.0,-77.0,77.0,0,0,1,2,-2.01505268973841,2.254480799405868
2010-05-21 14:00:00,6943,6971,6951,6939,6880,6905,7001,7030,110779,131438,1,1,8,-4,121,125,50,59,63,34,12,113,93,6.25,6.25,-14.75,14.75,7.875,7.875,-8.5,8.5,14.125,14.125,-23.25,23.25,-2.0,2.0,0,0,1,2,-2.2929188737225337,3.6564357024289067
2010-05-24 18:00:00,6993,7015,7012,6990,6967,6962,7044,7078,96996,110384,1,1,19,-3,77,116,32,63,26,28,22,58,91,1.6842105263157894,1.6842105263157894,-21.0,21.0,1.368421052631579,1.368421052631579,-9.333333333333334,9.333333333333334,3.0526315789473686,3.0526315789473686,-30.333333333333332,30.333333333333332,-6.333333333333333,6.333333333333333,0,0,1,2,-2.690660444120884,2.7075290094358406
2010-05-26 13:00:00,6802,6842,6810,6801,6778,6776,6849,6872,79514,115192,1,1,8,-1,71,96,39,30,24,25,9,63,55,4.875,4.875,-30.0,30.0,3.0,3.0,-25.0,25.0,7.875,7.875,-55.0,55.0,-8.0,8.0,0,0,1,2,-2.5756768821246907,3.1678843407882766
2010-05-26 17:00:00,6791,6905,6840,6790,6776,6788,6858,6932,133858,121768,1,1,49,-1,82,144,18,27,15,2,50,33,29,0.3673469387755102,0.3673469387755102,-27.0,27.0,0.30612244897959184,0.30612244897959184,-2.0,2.0,0.673469387755102,0.673469387755102,-29.0,29.0,-49.0,49.0,0,0,1,2,-2.9934180597346685,2.879724789109686
2010-05-26 20:00:00,6795,6870,6819,6793,6781,6760,6825,6900,10514,28867,1,1,24,-2,44,140,6,30,14,33,26,20,63,0.25,0.25,-15.0,15.0,0.5833333333333334,0.5833333333333334,-16.5,16.5,0.8333333333333334,0.8333333333333334,-31.5,31.5,-12.0,12.0,0,0,1,2,-3.0359546191117803,1.139490103573662
2010-05-27 17:00:00,6943,7044,6970,6940,6908,6880,7034,7063,85032,103062,1,1,27,-3,126,183,64,19,35,60,30,99,79,2.3703703703703702,2.3703703703703702,-6.333333333333333,6.333333333333333,1.2962962962962963,1.2962962962962963,-20.0,20.0,3.6666666666666665,3.6666666666666665,-26.333333333333332,26.333333333333332,-9.0,9.0,0,0,1,2,-2.2908109392450555,2.95220659840497
2010-06-03 15:00:00,7240,7275,7253,7238,7221,7235,7267,7276,31984,28188,1,1,13,-2,46,41,14,1,19,3,15,33,4,1.0769230769230769,1.0769230769230769,-0.5,0.5,1.4615384615384615,1.4615384615384615,-1.5,1.5,2.5384615384615383,2.5384615384615383,-2.0,2.0,-6.5,6.5,0,0,1,2,-3.9531327838749033,0.016153167203904677
2010-06-04 17:00:00,6996,7084,7019,6995,6965,6956,7063,7137,79597,137445,1,1,23,-1,98,181,44,53,31,39,24,75,92,1.9130434782608696,1.9130434782608696,-53.0,53.0,1.3478260869565217,1.3478260869565217,-39.0,39.0,3.260869565217391,3.260869565217391,-92.0,92.0,-23.0,23.0,0,0,1,2,-1.305579381827095,4.6576082934216645
2010-06-08 22:00:00,7125,7155,7129,7121,7106,7080,7181,7168,8179,9022,1,1,4,-4,75,88,52,13,19,41,8,71,54,13.0,13.0,-3.25,3.25,4.75,4.75,-10.25,10.25,17.75,17.75,-13.5,13.5,-1.0,1.0,0,0,1,2,-2.892396972714342,1.3500329512450724
2010-06-17 21:00:00,7878,7923,7916,7877,7870,7859,7925,7927,7100,6356,1,1,38,-1,55,68,9,4,8,18,39,17,22,0.23684210526315788,0.23684210526315788,-4.0,4.0,0.21052631578947367,0.21052631578947367,-18.0,18.0,0.4473684210526316,0.4473684210526316,-22.0,22.0,-38.0,38.0,0,0,1,2,-3.07435545966201,0.44234217449825813
2010-06-23 19:00:00,8141,8240,8142,8128,8127,8105,8160,8240,6050,134857,1,1,1,-13,33,135,18,0,14,23,14,32,23,18.0,18.0,-0.0,0.0,14.0,14.0,-1.7692307692307692,1.7692307692307692,32.0,32.0,-1.7692307692307692,1.7692307692307692,-0.07692307692307693,0.07692307692307693,0,0,1,2,-3.1648819029746305,1.6755173862820112
2010-06-24 19:00:00,8070,8090,8083,8069,8020,8040,8085,8108,11846,75121,1,1,13,-1,65,68,2,18,50,29,14,52,47,0.15384615384615385,0.15384615384615385,-18.0,18.0,3.8461538461538463,3.8461538461538463,-29.0,29.0,4.0,4.0,-47.0,47.0,-13.0,13.0,0,0,1,2,-2.488529736491171,1.7106878386981048
2010-06-28 12:00:00,7979,8024,8004,7977,7947,7929,8035,8036,75692,72709,1,1,25,-2,88,107,31,12,32,48,27,63,60,1.24,1.24,-6.0,6.0,1.28,1.28,-24.0,24.0,2.52,2.52,-30.0,30.0,-12.5,12.5,0,0,1,2,-2.539257325600248,2.0257408168183506
2010-06-29 22:00:00,7775,7790,7786,7772,7771,7760,7819,7793,6887,4900,1,1,11,-3,48,33,33,3,4,12,14,37,15,3.0,3.0,-1.0,1.0,0.36363636363636365,0.36363636363636365,-4.0,4.0,3.3636363636363638,3.3636363636363638,-5.0,5.0,-3.6666666666666665,3.6666666666666665,0,0,1,2,-3.6294600662243295,-0.22381427397025463
2010-07-01 16:00:00,7467,7498,7469,7465,7403,7450,7475,7502,56976,33358,1,1,2,-2,72,52,6,4,64,15,4,70,19,3.0,3.0,-2.0,2.0,32.0,32.0,-7.5,7.5,35.0,35.0,-9.5,9.5,-1.0,1.0,0,0,1,2,-3.0790130675829905,2.1792452833646796
2010-07-02 12:00:00,7267,7368,7281,7266,7249,7240,7317,7376,69693,116362,1,1,14,-1,68,136,36,8,18,26,15,54,34,2.5714285714285716,2.5714285714285716,-8.0,8.0,1.2857142857142858,1.2857142857142858,-26.0,26.0,3.857142857142857,3.857142857142857,-34.0,34.0,-14.0,14.0,0,0,1,2,-2.9181381707657783,2.2599758857670267
2010-07-02 20:00:00,7284,7327,7287,7283,7276,7241,7312,7339,6091,12925,1,1,3,-1,36,98,25,12,8,42,4,33,54,8.333333333333334,8.333333333333334,-12.0,12.0,2.6666666666666665,2.6666666666666665,-42.0,42.0,11.0,11.0,-54.0,54.0,-3.0,3.0,0,0,1,2,-2.623420431566176,1.726384572077379
2010-07-05 17:00:00,7348,7368,7361,7346,7340,7344,7363,7386,23291,31979,1,1,13,-2,23,42,2,18,8,2,15,10,20,0.15384615384615385,0.15384615384615385,-9.0,9.0,0.6153846153846154,0.6153846153846154,-1.0,1.0,0.7692307692307693,0.7692307692307693,-10.0,10.0,-6.5,6.5,0,0,1,2,-3.9021690867786214,-0.012435292573495921
2010-07-08 13:00:00,7828,7888,7846,7826,7805,7822,7870,7900,41787,69524,1,1,18,-2,65,78,24,12,23,4,20,47,16,1.3333333333333333,1.3333333333333333,-6.0,6.0,1.2777777777777777,1.2777777777777777,-2.0,2.0,2.611111111111111,2.611111111111111,-8.0,8.0,-9.0,9.0,0,0,1,2,-3.4280975998452594,0.6857342601321014
2010-07-09 15:00:00,7686,7768,7695,7684,7672,7684,7742,7785,42998,53745,1,1,9,-2,70,101,47,17,14,0,11,61,17,5.222222222222222,5.222222222222222,-8.5,8.5,1.5555555555555556,1.5555555555555556,-0.0,0.0,6.777777777777778,6.777777777777778,-8.5,8.5,-4.5,4.5,0,0,1,2,-3.297335211146619,0.9033780438871223
2010-07-19 14:00:00,7976,8003,7994,7973,7973,7952,8025,8006,36083,34286,1,1,18,-3,52,54,31,3,3,21,21,34,24,1.7222222222222223,1.7222222222222223,-1.0,1.0,0.16666666666666666,0.16666666666666666,-7.0,7.0,1.8888888888888888,1.8888888888888888,-8.0,8.0,-6.0,6.0,0,0,1,2,-3.4789142940946327,0.26716843026695564
2010-07-20 12:00:00,8089,8179,8131,8088,8084,8082,8144,8196,64151,74718,1,1,42,-1,60,114,13,17,5,6,43,18,23,0.30952380952380953,0.30952380952380953,-17.0,17.0,0.11904761904761904,0.11904761904761904,-6.0,6.0,0.42857142857142855,0.42857142857142855,-23.0,23.0,-42.0,42.0,0,0,1,2,-2.9689403871241207,1.3918622104777911
2010-07-21 23:00:00,8082,8210,8130,8080,8079,8069,8130,8217,12470,33777,1,1,48,-2,51,148,0,7,3,11,50,3,18,0.0,0.0,-3.5,3.5,0.0625,0.0625,-5.5,5.5,0.0625,0.0625,-9.0,9.0,-24.0,24.0,0,0,1,2,-3.3054025514134713,0.16172282482860204
2010-07-22 20:00:00,8398,8428,8413,8397,8396,8392,8418,8438,5163,9965,1,1,15,-1,22,46,5,10,2,5,16,7,15,0.3333333333333333,0.3333333333333333,-10.0,10.0,0.13333333333333333,0.13333333333333333,-5.0,5.0,0.4666666666666667,0.4666666666666667,-15.0,15.0,-15.0,15.0,0,0,1,2,-3.5205489423881384,-0.3115794124069793
2010-07-28 17:00:00,8467,8486,8479,8465,8433,8405,8489,8486,59941,56750,1,1,12,-2,56,81,10,0,34,60,14,44,60,0.8333333333333334,0.8333333333333334,-0.0,0.0,2.8333333333333335,2.8333333333333335,-30.0,30.0,3.6666666666666665,3.6666666666666665,-30.0,30.0,-6.0,6.0,0,0,1,2,-2.7269747334753487,1.4504707303231927
2010-08-03 19:00:00,8613,8638,8633,8606,8613,8570,8649,8638,6220,63387,1,1,20,-7,36,68,16,0,0,36,27,16,36,0.8,0.8,-0.0,0.0,0.0,0.0,-5.142857142857143,5.142857142857143,0.8,0.8,-5.142857142857143,5.142857142857143,-2.857142857142857,2.857142857142857,0,0,1,2,-3.4016469502261804,-0.106482158381576
2010-08-04 12:00:00,8515,8612,8519,8514,8490,8506,8535,8625,45209,64401,1,1,4,-1,45,119,16,13,25,8,5,41,21,4.0,4.0,-13.0,13.0,6.25,6.25,-8.0,8.0,10.25,10.25,-21.0,21.0,-4.0,4.0,0,0,1,2,-3.0410776089860683,1.14767350147085
2010-08-09 21:00:00,8387,8395,8388,8386,8376,8381,8399,8407,2028,2626,1,1,1,-1,23,26,11,12,11,5,2,22,17,11.0,11.0,-12.0,12.0,11.0,11.0,-5.0,5.0,22.0,22.0,-17.0,17.0,-1.0,1.0,0,0,1,2,-3.292976558095121,0.5443878989236438
2010-08-10 14:00:00,8238,8273,8259,8231,8232,8216,8263,8276,20955,59679,1,1,21,-7,31,60,4,3,6,15,28,10,18,0.19047619047619047,0.19047619047619047,-0.42857142857142855,0.42857142857142855,0.2857142857142857,0.2857142857142857,-2.142857142857143,2.142857142857143,0.47619047619047616,0.47619047619047616,-2.5714285714285716,2.5714285714285716,-3.0,3.0,0,0,1,2,-3.734726598517336,-0.22037510720991615
2010-08-10 17:00:00,8211,8236,8224,8209,8180,8195,8236,8249,55550,46746,1,1,13,-2,56,54,12,13,31,14,15,43,27,0.9230769230769231,0.9230769230769231,-6.5,6.5,2.3846153846153846,2.3846153846153846,-7.0,7.0,3.3076923076923075,3.3076923076923075,-13.5,13.5,-6.5,6.5,0,0,1,2,-3.295926788021009,0.7099227691094672
2010-08-11 20:00:00,8098,8115,8102,8096,8089,8071,8116,8115,5503,8406,1,1,4,-2,27,44,14,0,9,25,6,23,25,3.5,3.5,-0.0,0.0,2.25,2.25,-12.5,12.5,5.75,5.75,-12.5,12.5,-2.0,2.0,0,0,1,2,-3.5188117667497485,-0.06424665760899408
2010-08-12 14:00:00,8047,8112,8087,8043,8040,8032,8127,8112,66712,62947,1,1,40,-4,87,80,40,0,7,11,44,47,11,1.0,1.0,-0.0,0.0,0.175,0.175,-2.75,2.75,1.175,1.175,-2.75,2.75,-10.0,10.0,0,0,1,2,-3.3609274157572506,0.6956453208988527
2010-08-13 16:00:00,8039,8065,8059,8038,8011,8020,8087,8087,77587,43993,1,1,20,-1,76,67,28,22,28,18,21,56,40,1.4,1.4,-22.0,22.0,1.4,1.4,-18.0,18.0,2.8,2.8,-40.0,40.0,-20.0,20.0,0,0,1,2,-2.582170629744639,1.8961223631728648
2010-08-13 20:00:00,8072,8107,8089,8069,8067,8035,8089,8107,2616,6762,1,1,17,-3,22,72,0,0,5,34,20,5,34,0.0,0.0,-0.0,0.0,0.29411764705882354,0.29411764705882354,-11.333333333333334,11.333333333333334,0.29411764705882354,0.29411764705882354,-11.333333333333334,11.333333333333334,-5.666666666666667,5.666666666666667,0,0,1,2,-3.551589018072874,-0.31562110205764277
2010-08-27 18:00:00,7659,7725,7712,7658,7600,7655,7727,7738,165695,118451,1,1,53,-1,127,83,15,13,59,3,54,74,16,0.2830188679245283,0.2830188679245283,-13.0,13.0,1.1132075471698113,1.1132075471698113,-3.0,3.0,1.3962264150943395,1.3962264150943395,-16.0,16.0,-53.0,53.0,0,0,1,2,-2.808413129354225,2.877890157709652
2010-09-07 14:00:00,8021,8065,8033,8020,7997,8020,8039,8067,40622,26445,1,1,12,-1,42,47,6,2,24,0,13,30,2,0.5,0.5,-2.0,2.0,2.0,2.0,-0.0,0.0,2.5,2.5,-2.0,2.0,-12.0,12.0,0,0,1,2,-3.7815938097615662,-0.0505402374774037
2010-09-10 14:00:00,8369,8385,8373,8366,8346,8355,8390,8394,6688,3922,1,1,4,-3,44,39,17,9,23,11,7,40,20,4.25,4.25,-3.0,3.0,5.75,5.75,-3.6666666666666665,3.6666666666666665,10.0,10.0,-6.666666666666667,6.666666666666667,-1.3333333333333333,1.3333333333333333,0,0,1,2,-3.3730549233320604,0.008412184926980457
2010-09-14 11:00:00,8467,8501,8468,8466,8461,8441,8510,8501,46143,72436,1,1,1,-1,49,60,42,0,6,25,2,48,25,42.0,42.0,-0.0,0.0,6.0,6.0,-25.0,25.0,48.0,48.0,-25.0,25.0,-1.0,1.0,0,0,1,1,-2.6175924126168133,2.918765061439942
2010-09-16 15:00:00,8424,8434,8425,8423,8413,8410,8450,8440,32097,20939,1,1,1,-1,37,30,25,6,11,13,2,36,19,25.0,25.0,-6.0,6.0,11.0,11.0,-13.0,13.0,36.0,36.0,-19.0,19.0,-1.0,1.0,0,0,1,2,-2.9985398834316417,1.67079170644372
2010-09-21 11:00:00,8367,8410,8407,8365,8353,8358,8415,8410,68655,49852,1,1,40,-2,62,52,8,0,14,7,42,22,7,0.2,0.2,-0.0,0.0,0.35,0.35,-3.5,3.5,0.55,0.55,-3.5,3.5,-20.0,20.0,0,0,1,2,-3.536395056509325,0.3767521847048763
2010-09-21 18:00:00,8420,8456,8429,8419,8400,8415,8430,8465,43907,56975,1,1,9,-1,30,50,1,9,20,4,10,21,13,0.1111111111111111,0.1111111111111111,-9.0,9.0,2.2222222222222223,2.2222222222222223,-4.0,4.0,2.3333333333333335,2.3333333333333335,-13.0,13.0,-9.0,9.0,0,0,1,2,-3.5699913280652806,0.30336614213308133
2010-09-22 10:00:00,8375,8432,8402,8373,8375,8366,8427,8439,47218,14185,1,1,27,-2,52,73,25,7,0,7,29,25,14,0.9259259259259259,0.9259259259259259,-3.5,3.5,0.0,0.0,-3.5,3.5,0.9259259259259259,0.9259259259259259,-7.0,7.0,-13.5,13.5,0,0,1,2,-3.4220078136960472,0.09687151832346776
2010-09-23 13:00:00,8329,8349,8343,8328,8315,8309,8357,8364,59547,46829,1,1,14,-1,42,55,14,15,14,19,15,28,34,1.0,1.0,-15.0,15.0,1.0,1.0,-19.0,19.0,2.0,2.0,-34.0,34.0,-14.0,14.0,0,0,1,2,-2.986876418659746,1.163280214696568
2010-09-24 10:00:00,8410,8448,8417,8406,8402,8405,8443,8450,39738,15055,1,1,7,-4,41,45,26,2,8,1,11,34,3,3.7142857142857144,3.7142857142857144,-0.5,0.5,1.1428571428571428,1.1428571428571428,-0.25,0.25,4.857142857142857,4.857142857142857,-0.75,0.75,-1.75,1.75,0,0,1,2,-3.6843120314999167,-0.20775806636254912
2010-09-27 20:00:00,8388,8410,8400,8387,8385,8377,8400,8410,2969,8663,1,1,12,-1,15,33,0,0,3,10,13,3,10,0.0,0.0,-0.0,0.0,0.25,0.25,-10.0,10.0,0.25,0.25,-10.0,10.0,-12.0,12.0,0,0,1,2,-3.7382502532614876,-0.5944939882776576
2010-09-30 20:00:00,8597,8631,8601,8596,8583,8580,8615,8631,4718,25740,1,1,4,-1,32,51,14,0,14,16,5,28,16,3.5,3.5,-0.0,0.0,3.5,3.5,-16.0,16.0,7.0,7.0,-16.0,16.0,-4.0,4.0,0,0,1,2,-3.3308633498644244,0.09708778674064468
2010-10-06 12:00:00,9229,9272,9244,9228,9201,9197,9260,9285,55906,110403,1,1,15,-1,59,88,16,13,28,31,16,44,44,1.0666666666666667,1.0666666666666667,-13.0,13.0,1.8666666666666667,1.8666666666666667,-31.0,31.0,2.933333333333333,2.933333333333333,-44.0,44.0,-15.0,15.0,0,0,1,2,-2.3577904176711053,1.9030998002742794
2010-10-08 13:00:00,9011,9028,9021,9009,9006,8995,9034,9042,26332,47720,1,1,10,-2,28,47,13,14,5,14,12,18,28,1.3,1.3,-7.0,7.0,0.5,0.5,-7.0,7.0,1.8,1.8,-14.0,14.0,-5.0,5.0,0,0,1,2,-3.318557634136401,0.0633714027911625
2010-10-11 20:00:00,9214,9235,9230,9210,9210,9185,9244,9340,6666,17468,1,1,16,-4,34,155,14,105,4,25,20,18,130,0.875,0.875,-26.25,26.25,0.25,0.25,-6.25,6.25,1.125,1.125,-32.5,32.5,-4.0,4.0,0,0,1,2,-1.9918968501186236,1.0290378836103866
2010-10-14 18:00:00,9155,9220,9180,9154,9147,9139,9209,9220,58502,120900,1,1,25,-1,62,81,29,0,8,15,26,37,15,1.16,1.16,-0.0,0.0,0.32,0.32,-15.0,15.0,1.48,1.48,-15.0,15.0,-25.0,25.0,0,0,1,2,-3.000798656719899,1.107402839399999
2010-10-15 21:00:00,9277,9284,9279,9276,9263,9270,9294,9299,8470,8661,1,1,2,-1,31,29,15,15,14,6,3,29,21,7.5,7.5,-15.0,15.0,7.0,7.0,-6.0,6.0,14.5,14.5,-21.0,21.0,-2.0,2.0,0,0,1,2,-2.9982946594684687,0.3404985503984809
2010-10-21 14:00:00,10058,10113,10088,10053,10049,10053,10131,10140,103222,154412,1,1,30,-5,82,87,43,27,9,0,35,52,27,1.4333333333333333,1.4333333333333333,-5.4,5.4,0.3,0.3,-0.0,0.0,1.7333333333333334,1.7333333333333334,-5.4,5.4,-6.0,6.0,0,0,1,2,-2.8165180268151806,1.3141626501789545
2010-10-26 14:00:00,10165,10174,10166,10163,10148,10117,10195,10174,30013,60921,1,1,1,-2,47,57,29,0,17,46,3,46,46,29.0,29.0,-0.0,0.0,17.0,17.0,-23.0,23.0,46.0,46.0,-23.0,23.0,-0.5,0.5,0,0,1,1,-2.095694269772659,2.4428462647331606
2010-10-28 12:00:00,10077,10106,10090,10075,10058,10073,10097,10142,46929,87542,1,1,13,-2,39,69,7,36,19,2,15,26,38,0.5384615384615384,0.5384615384615384,-18.0,18.0,1.4615384615384615,1.4615384615384615,-1.0,1.0,2.0,2.0,-19.0,19.0,-6.5,6.5,0,0,1,2,-2.8144938481422845,0.5882152968495695
2010-10-29 11:00:00,9957,10001,9959,9956,9933,9925,10000,10001,59696,53356,1,1,2,-1,67,76,41,0,24,31,3,65,31,20.5,20.5,-0.0,0.0,12.0,12.0,-31.0,31.0,32.5,32.5,-31.0,31.0,-2.0,2.0,0,0,1,2,-2.086225628204628,2.361388586345608
2010-11-01 19:00:00,10221,10284,10233,10217,10219,10196,10269,10290,6106,82948,1,1,12,-4,50,94,36,6,2,21,16,38,27,3.0,3.0,-1.5,1.5,0.16666666666666666,0.16666666666666666,-5.25,5.25,3.1666666666666665,3.1666666666666665,-6.75,6.75,-3.0,3.0,0,0,1,2,-2.842944820041626,0.012873747568359396
2010-11-02 12:00:00,10211,10234,10229,10209,10205,10205,10256,10294,38028,85203,1,1,18,-2,51,89,27,60,6,4,20,33,64,1.5,1.5,-30.0,30.0,0.3333333333333333,0.3333333333333333,-2.0,2.0,1.8333333333333333,1.8333333333333333,-32.0,32.0,-9.0,9.0,0,0,1,2,-2.2226015361289226,1.1229504555007312
2010-11-03 19:00:00,10367,10397,10373,10361,10336,10300,10379,10410,4068,84082,1,1,6,-6,43,110,6,13,31,61,12,37,74,1.0,1.0,-2.1666666666666665,2.1666666666666665,5.166666666666667,5.166666666666667,-10.166666666666666,10.166666666666666,6.166666666666667,6.166666666666667,-12.333333333333334,12.333333333333334,-1.0,1.0,0,0,1,2,-2.4104954904726554,0.5303915274999509
2010-11-08 19:00:00,10420,10458,10447,10419,10395,10410,10456,10461,11738,52315,1,1,27,-1,61,51,9,3,25,9,28,34,12,0.3333333333333333,0.3333333333333333,-3.0,3.0,0.9259259259259259,0.9259259259259259,-9.0,9.0,1.2592592592592593,1.2592592592592593,-12.0,12.0,-27.0,27.0,0,0,1,2,-2.718245048444081,-0.019289209001860815
2010-11-08 22:00:00,10427,10446,10440,10426,10424,10418,10448,10462,4584,6261,1,1,13,-1,24,44,8,16,3,8,14,11,24,0.6153846153846154,0.6153846153846154,-16.0,16.0,0.23076923076923078,0.23076923076923078,-8.0,8.0,0.8461538461538461,0.8461538461538461,-24.0,24.0,-13.0,13.0,0,0,1,2,-2.7912551250822384,-0.3898047703563066
2010-11-09 18:00:00,10369,10460,10393,10367,10355,10338,10422,10475,64724,92735,1,1,24,-2,67,137,29,15,14,29,26,43,44,1.2083333333333333,1.2083333333333333,-7.5,7.5,0.5833333333333334,0.5833333333333334,-14.5,14.5,1.7916666666666667,1.7916666666666667,-22.0,22.0,-12.0,12.0,0,0,1,2,-2.3138727686841922,1.1712489730372888
2010-11-09 22:00:00,10336,10357,10338,10333,10331,10322,10354,10367,4692,10458,1,1,2,-3,23,45,16,10,5,11,5,21,21,8.0,8.0,-3.3333333333333335,3.3333333333333335,2.5,2.5,-3.6666666666666665,3.6666666666666665,10.5,10.5,-7.0,7.0,-0.6666666666666666,0.6666666666666666,0,0,1,2,-3.0414473133080584,-0.44622742829362666
2010-11-12 15:00:00,9786,9820,9815,9783,9772,9766,9847,9820,92436,76530,1,1,29,-3,75,54,32,0,14,17,32,46,17,1.103448275862069,1.103448275862069,-0.0,0.0,0.4827586206896552,0.4827586206896552,-5.666666666666667,5.666666666666667,1.5862068965517242,1.5862068965517242,-5.666666666666667,5.666666666666667,-9.666666666666666,9.666666666666666,0,0,1,2,-3.015107710771543,0.6907084184080808
2010-11-12 21:00:00,9771,9798,9779,9770,9768,9756,9795,9807,6218,11180,1,1,8,-1,27,51,16,9,3,14,9,19,23,2.0,2.0,-9.0,9.0,0.375,0.375,-14.0,14.0,2.375,2.375,-23.0,23.0,-8.0,8.0,0,0,1,2,-2.9461632406244322,-0.1875114862453953
2010-11-19 11:00:00,9945,9970,9951,9943,9867,9930,9965,10020,106402,82881,1,1,6,-2,98,90,14,50,78,13,8,92,63,2.3333333333333335,2.3333333333333335,-25.0,25.0,13.0,13.0,-6.5,6.5,15.333333333333334,15.333333333333334,-31.5,31.5,-3.0,3.0,0,0,1,2,-1.8411368264686523,2.625870920221972
2010-11-22 15:00:00,9996,10034,10020,9993,9969,9977,10029,10038,58998,52421,1,1,24,-3,60,61,9,4,27,16,27,36,20,0.375,0.375,-1.3333333333333333,1.3333333333333333,1.125,1.125,-5.333333333333333,5.333333333333333,1.5,1.5,-6.666666666666667,6.666666666666667,-8.0,8.0,0,0,1,2,-3.004546976165289,0.17861037796571283
2010-11-24 12:00:00,9803,9891,9842,9800,9789,9800,9867,9923,111534,129809,1,1,39,-3,78,123,25,32,14,0,42,39,32,0.6410256410256411,0.6410256410256411,-10.666666666666666,10.666666666666666,0.358974358974359,0.358974358974359,-0.0,0.0,1.0,1.0,-10.666666666666666,10.666666666666666,-13.0,13.0,0,0,1,2,-2.74708786245479,1.4649887994125683
2010-11-24 23:00:00,10187,10200,10195,10182,10183,10170,10218,10203,6548,8376,1,1,8,-5,35,33,23,3,4,12,13,27,15,2.875,2.875,-0.6,0.6,0.5,0.5,-2.4,2.4,3.375,3.375,-3.0,3.0,-1.6,1.6,0,0,1,2,-3.1674733807213404,-0.8078277622974461
2010-11-25 21:00:00,10292,10303,10296,10291,10285,10290,10297,10307,1761,2916,1,1,4,-1,12,17,1,4,7,1,5,8,5,0.25,0.25,-4.0,4.0,1.75,1.75,-1.0,1.0,2.0,2.0,-5.0,5.0,-4.0,4.0,0,0,1,2,-3.4327017295926483,-1.1443716205647763
2010-12-02 14:00:00,10329,10434,10364,10326,10300,10321,10367,10436,80992,52773,1,1,35,-3,67,115,3,2,29,5,38,32,7,0.08571428571428572,0.08571428571428572,-0.6666666666666666,0.6666666666666666,0.8285714285714286,0.8285714285714286,-1.6666666666666667,1.6666666666666667,0.9142857142857143,0.9142857142857143,-2.3333333333333335,2.3333333333333335,-11.666666666666666,11.666666666666666,0,0,1,2,-2.9668021358170478,0.1966110800901633
2010-12-02 17:00:00,10194,10349,10329,10192,10178,10188,10335,10350,95430,118937,1,1,135,-2,157,162,6,1,16,4,137,22,5,0.044444444444444446,0.044444444444444446,-0.5,0.5,0.11851851851851852,0.11851851851851852,-2.0,2.0,0.16296296296296298,0.16296296296296298,-2.5,2.5,-67.5,67.5,0,0,1,2,-2.1121157693298693,1.6978536768600705
2010-12-03 17:00:00,10247,10373,10312,10246,10243,10221,10315,10393,63901,133227,1,1,65,-1,72,172,3,20,4,25,66,7,45,0.046153846153846156,0.046153846153846156,-20.0,20.0,0.06153846153846154,0.06153846153846154,-25.0,25.0,0.1076923076923077,0.1076923076923077,-45.0,45.0,-65.0,65.0,0,0,1,2,-1.6847328778607145,2.3522797556585653
2010-12-08 19:00:00,10500,10565,10533,10479,10482,10476,10542,10565,18922,94528,1,1,33,-21,60,89,9,0,18,3,54,27,3,0.2727272727272727,0.2727272727272727,-0.0,0.0,0.5454545454545454,0.5454545454545454,-0.14285714285714285,0.14285714285714285,0.8181818181818182,0.8181818181818182,-0.14285714285714285,0.14285714285714285,-1.5714285714285714,1.5714285714285714,0,0,1,2,-2.9187926422414088,-0.4249280865886997
2010-12-09 20:00:00,10448,10461,10458,10445,10441,10429,10468,10478,2214,11249,1,1,10,-3,27,49,10,17,7,16,13,17,33,1.0,1.0,-5.666666666666667,5.666666666666667,0.7,0.7,-5.333333333333333,5.333333333333333,1.7,1.7,-11.0,11.0,-3.3333333333333335,3.3333333333333335,0,0,1,2,-2.9304378980044876,-0.647179519957525
2010-12-16 13:00:00,10788,10852,10793,10786,10770,10783,10815,10859,32830,43125,1,1,5,-2,45,76,22,7,18,3,7,40,10,4.4,4.4,-3.5,3.5,3.6,3.6,-1.5,1.5,8.0,8.0,-5.0,5.0,-2.5,2.5,0,0,1,2,-2.8747898339935705,-0.11395432285738878
2010-12-17 14:00:00,10694,10766,10706,10690,10680,10674,10720,10775,27587,51396,1,1,12,-4,40,101,14,9,14,16,16,28,25,1.1666666666666667,1.1666666666666667,-2.25,2.25,1.1666666666666667,1.1666666666666667,-4.0,4.0,2.3333333333333335,2.3333333333333335,-6.25,6.25,-3.0,3.0,0,0,1,2,-2.84846864995564,-0.23864149568207949
2010-12-22 22:00:00,10793,10810,10805,10791,10787,10785,10806,10810,2038,2360,1,1,12,-2,19,25,1,0,6,6,14,7,6,0.08333333333333333,0.08333333333333333,-0.0,0.0,0.5,0.5,-3.0,3.0,0.5833333333333334,0.5833333333333334,-3.0,3.0,-6.0,6.0,0,0,1,2,-3.276167545030933,-1.2791925159514372
2011-01-13 19:00:00,10833,10850,10848,10828,10820,10783,10858,10864,6427,53375,1,1,15,-5,38,81,10,14,13,45,20,23,59,0.6666666666666666,0.6666666666666666,-2.8,2.8,0.8666666666666667,0.8666666666666667,-9.0,9.0,1.5333333333333334,1.5333333333333334,-11.8,11.8,-3.0,3.0,0,0,1,2,-2.541743834369293,-0.12866750595403603
2011-01-14 13:00:00,10762,10858,10815,10760,10735,10746,10815,10874,49758,90725,1,1,53,-2,80,128,0,16,27,14,55,27,30,0.0,0.0,-8.0,8.0,0.5094339622641509,0.5094339622641509,-7.0,7.0,0.5094339622641509,0.5094339622641509,-15.0,15.0,-26.5,26.5,0,0,1,2,-2.316256146214078,0.7727496875695048
2011-01-17 11:00:00,10861,10890,10863,10860,10814,10810,10909,10890,55489,41775,1,1,2,-1,95,80,46,0,47,50,3,93,50,23.0,23.0,-0.0,0.0,23.5,23.5,-50.0,50.0,46.5,46.5,-50.0,50.0,-2.0,2.0,0,0,1,1,-0.99265207320521,3.5795918839744947
2011-01-18 19:00:00,10889,10914,10896,10881,10870,10875,10917,10964,7653,52840,1,1,7,-8,47,89,21,50,19,6,15,40,56,3.0,3.0,-6.25,6.25,2.7142857142857144,2.7142857142857144,-0.75,0.75,5.714285714285714,5.714285714285714,-7.0,7.0,-0.875,0.875,0,0,1,2,-2.415250746097233,-0.0028693055884021876
2011-01-19 19:00:00,10845,10852,10846,10840,10832,10820,10859,10875,5527,57671,1,1,1,-5,27,55,13,23,13,20,6,26,43,13.0,13.0,-4.6,4.6,13.0,13.0,-4.0,4.0,26.0,26.0,-8.6,8.6,-0.2,0.2,0,0,1,2,-2.5180949792970675,0.6769577569271732
2011-01-24 10:00:00,10587,10615,10603,10566,10587,10561,10676,10617,49946,8206,1,1,16,-21,89,56,73,2,0,5,37,73,7,4.5625,4.5625,-0.09523809523809523,0.09523809523809523,0.0,0.0,-0.23809523809523808,0.23809523809523808,4.5625,4.5625,-0.3333333333333333,0.3333333333333333,-0.7619047619047619,0.7619047619047619,0,0,1,2,-2.519142625895285,-0.2410566158063056
2011-01-24 13:00:00,10569,10583,10573,10567,10545,10520,10592,10595,40069,56554,1,1,4,-2,47,75,19,12,24,47,6,43,59,4.75,4.75,-6.0,6.0,6.0,6.0,-23.5,23.5,10.75,10.75,-29.5,29.5,-2.0,2.0,0,0,1,2,-2.1882157213189872,1.1401625135807478
2011-01-25 20:00:00,10648,10694,10650,10646,10645,10636,10670,10695,4305,13691,1,1,2,-2,25,59,20,1,3,10,4,23,11,10.0,10.0,-0.5,0.5,1.5,1.5,-5.0,5.0,11.5,11.5,-5.5,5.5,-1.0,1.0,0,0,1,2,-3.013709555801716,-0.5032746345821241
2011-01-27 13:00:00,10874,10881,10877,10872,10843,10819,10900,10904,59017,76921,1,1,3,-2,57,85,23,23,31,53,5,54,76,7.666666666666667,7.666666666666667,-11.5,11.5,10.333333333333334,10.333333333333334,-26.5,26.5,18.0,18.0,-38.0,38.0,-1.5,1.5,0,0,1,2,-1.704221721466849,2.097993760757919
2011-02-04 12:00:00,10436,10507,10451,10435,10370,10409,10478,10528,84398,84762,1,1,15,-1,108,119,27,21,66,26,16,93,47,1.8,1.8,-21.0,21.0,4.4,4.4,-26.0,26.0,6.2,6.2,-47.0,47.0,-15.0,15.0,0,0,1,2,-1.482088607445367,2.4501613722636137
2011-02-07 21:00:00,10361,10378,10363,10360,10347,10345,10374,10382,4327,8560,1,1,2,-1,27,37,11,4,14,15,3,25,19,5.5,5.5,-4.0,4.0,7.0,7.0,-15.0,15.0,12.5,12.5,-19.0,19.0,-2.0,2.0,0,0,1,2,-2.818914851585356,-0.047944021380704555
2011-02-08 11:00:00,10278,10378,10319,10277,10259,10265,10330,10395,76911,82987,1,1,41,-1,71,130,11,17,19,12,42,30,29,0.2682926829268293,0.2682926829268293,-17.0,17.0,0.4634146341463415,0.4634146341463415,-12.0,12.0,0.7317073170731707,0.7317073170731707,-29.0,29.0,-41.0,41.0,0,0,1,2,-2.188808541230698,1.463653208564309
2011-02-10 12:00:00,9783,9924,9793,9782,9749,9744,9834,9931,108413,225762,1,1,10,-1,85,187,41,7,34,38,11,75,45,4.1,4.1,-7.0,7.0,3.4,3.4,-38.0,38.0,7.5,7.5,-45.0,45.0,-10.0,10.0,0,0,1,2,-1.9012862388403964,3.4520022122579546
2011-02-17 13:00:00,10200,10246,10242,10198,10190,10190,10246,10269,43259,70772,1,1,42,-2,56,79,4,23,10,8,44,14,31,0.09523809523809523,0.09523809523809523,-11.5,11.5,0.23809523809523808,0.23809523809523808,-4.0,4.0,0.3333333333333333,0.3333333333333333,-15.5,15.5,-21.0,21.0,0,0,1,2,-2.7113291609964487,0.4319589925722394
2011-02-21 11:00:00,10067,10086,10070,10065,10006,10035,10095,10134,88852,76602,1,1,3,-2,89,99,25,48,61,30,5,86,78,8.333333333333334,8.333333333333334,-24.0,24.0,20.333333333333332,20.333333333333332,-15.0,15.0,28.666666666666668,28.666666666666668,-39.0,39.0,-1.5,1.5,0,0,1,2,-1.464888626174397,3.2674914639951202
2011-02-24 11:00:00,9586,9792,9669,9584,9580,9579,9728,9806,146612,223321,1,1,83,-2,148,227,59,14,6,5,85,65,19,0.7108433734939759,0.7108433734939759,-7.0,7.0,0.07228915662650602,0.07228915662650602,-2.5,2.5,0.7831325301204819,0.7831325301204819,-9.5,9.5,-41.5,41.5,0,0,1,2,-2.148650038582739,3.0637629374001336
2011-02-24 19:00:00,9753,9777,9761,9741,9722,9713,9786,9788,15301,73284,1,1,8,-12,64,75,25,11,31,28,20,56,39,3.125,3.125,-0.9166666666666666,0.9166666666666666,3.875,3.875,-2.3333333333333335,2.3333333333333335,7.0,7.0,-3.25,3.25,-0.6666666666666666,0.6666666666666666,0,0,1,2,-2.7408342460933564,0.30746232725388983
2011-02-25 12:00:00,9888,9925,9895,9887,9871,9865,9911,9936,37492,121084,1,1,7,-1,40,71,16,11,17,22,8,33,33,2.2857142857142856,2.2857142857142856,-11.0,11.0,2.4285714285714284,2.4285714285714284,-22.0,22.0,4.714285714285714,4.714285714285714,-33.0,33.0,-7.0,7.0,0,0,1,2,-2.6330414901518253,1.2161572086307884
2011-02-28 11:00:00,10079,10098,10087,10075,10018,10049,10099,10185,116958,110750,1,1,8,-4,81,136,12,87,61,26,12,73,113,1.5,1.5,-21.75,21.75,7.625,7.625,-6.5,6.5,9.125,9.125,-28.25,28.25,-2.0,2.0,0,0,1,2,-1.6877765220496996,2.7480563300763636
2011-03-01 13:00:00,10146,10246,10201,10145,10131,10141,10220,10307,89634,147881,1,1,55,-1,89,166,19,61,15,4,56,34,65,0.34545454545454546,0.34545454545454546,-61.0,61.0,0.2727272727272727,0.2727272727272727,-4.0,4.0,0.6181818181818182,0.6181818181818182,-65.0,65.0,-55.0,55.0,0,0,1,2,-1.1660070493449042,3.3611713508209693
2011-03-01 23:00:00,9948,9988,9951,9947,9938,9932,9963,9988,8853,11144,1,1,3,-1,25,56,12,0,10,15,4,22,15,4.0,4.0,-0.0,0.0,3.3333333333333335,3.3333333333333335,-15.0,15.0,7.333333333333333,7.333333333333333,-15.0,15.0,-3.0,3.0,0,0,1,2,-3.0650966888425115,-0.2666504277183547
2011-03-03 21:00:00,10245,10261,10253,10244,10232,10226,10260,10265,3981,8010,1,1,8,-1,28,39,7,4,13,18,9,20,22,0.875,0.875,-4.0,4.0,1.625,1.625,-18.0,18.0,2.5,2.5,-22.0,22.0,-8.0,8.0,0,0,1,2,-2.86388516534418,-0.3413813853316261
2011-03-09 15:00:00,10201,10275,10246,10199,10192,10196,10250,10299,49825,67051,1,1,45,-2,58,103,4,24,9,3,47,13,27,0.08888888888888889,0.08888888888888889,-12.0,12.0,0.2,0.2,-1.5,1.5,0.28888888888888886,0.28888888888888886,-13.5,13.5,-22.5,22.5,0,0,1,2,-2.714488571174738,0.4364790736948911
2011-03-15 19:00:00,9580,9583,9582,9579,9563,9541,9623,9600,12639,78563,1,1,2,-1,60,59,41,17,17,38,3,58,55,20.5,20.5,-17.0,17.0,8.5,8.5,-38.0,38.0,29.0,29.0,-55.0,55.0,-2.0,2.0,0,0,1,2,-1.7214883751847554,2.725945963866297
2011-03-15 20:00:00,9582,9580,9567,9582,9545,9563,9587,9623,7680,12639,1,1,-15,0,42,60,5,41,22,17,-15,27,58,-0.3333333333333333,0.3333333333333333,100.0,100.0,-1.4666666666666666,1.4666666666666666,100.0,100.0,-1.8,1.8,100.0,100.0,0.0,0.0,0,1,1,3,-3.381806435050975,-1.050647370500408
2011-03-15 21:00:00,9568,9582,9580,9567,9537,9545,9594,9587,12458,7680,1,1,12,-1,57,42,14,5,31,22,13,45,27,1.1666666666666667,1.1666666666666667,-5.0,5.0,2.5833333333333335,2.5833333333333335,-22.0,22.0,3.75,3.75,-27.0,27.0,-12.0,12.0,0,0,1,2,-2.638112674977889,0.32244494937632345
2011-03-16 14:00:00,9587,9651,9604,9583,9560,9545,9625,9655,79124,117785,1,1,17,-4,65,110,21,4,27,38,21,48,42,1.2352941176470589,1.2352941176470589,-1.0,1.0,1.588235294117647,1.588235294117647,-9.5,9.5,2.823529411764706,2.823529411764706,-10.5,10.5,-4.25,4.25,0,0,1,2,-2.822366114227679,1.1929914228311538
2011-03-28 13:00:00,10598,10625,10603,10597,10564,10572,10626,10642,62739,105386,1,1,5,-1,62,70,23,17,34,25,6,57,42,4.6,4.6,-17.0,17.0,6.8,6.8,-25.0,25.0,11.4,11.4,-42.0,42.0,-5.0,5.0,0,0,1,2,-2.0036897889299468,1.9431902368441782
2011-03-31 20:00:00,10636,10685,10654,10634,10632,10621,10657,10685,3289,25481,1,1,18,-2,25,64,3,0,4,13,20,7,13,0.16666666666666666,0.16666666666666666,-0.0,0.0,0.2222222222222222,0.2222222222222222,-6.5,6.5,0.3888888888888889,0.3888888888888889,-6.5,6.5,-9.0,9.0,0,0,1,2,-3.110486731356411,-0.8639115306064561
2011-04-07 19:00:00,10672,10778,10675,10670,10641,10651,10703,10781,18547,65834,1,1,3,-2,62,130,28,3,31,19,5,59,22,9.333333333333334,9.333333333333334,-1.5,1.5,10.333333333333334,10.333333333333334,-9.5,9.5,19.666666666666668,19.666666666666668,-11.0,11.0,-1.5,1.5,0,0,1,2,-2.3533878968061694,0.9075169261038
2011-04-08 17:00:00,10862,10884,10876,10860,10857,10855,10910,10918,57628,40374,1,1,14,-2,53,63,34,34,5,5,16,39,39,2.4285714285714284,2.4285714285714284,-17.0,17.0,0.35714285714285715,0.35714285714285715,-2.5,2.5,2.7857142857142856,2.7857142857142856,-19.5,19.5,-7.0,7.0,0,0,1,2,-2.4438288816104357,0.43373464552029894
2011-04-13 12:00:00,10404,10533,10474,10403,10378,10374,10510,10540,115687,173610,1,1,70,-1,132,166,36,7,26,29,71,62,36,0.5142857142857142,0.5142857142857142,-7.0,7.0,0.37142857142857144,0.37142857142857144,-29.0,29.0,0.8857142857142857,0.8857142857142857,-36.0,36.0,-70.0,70.0,0,0,1,2,-1.3835162583533902,3.239269623052106
2011-04-14 22:00:00,10657,10691,10664,10655,10656,10653,10675,10698,2733,6683,1,1,7,-2,19,45,11,7,1,2,9,12,9,1.5714285714285714,1.5714285714285714,-3.5,3.5,0.14285714285714285,0.14285714285714285,-1.0,1.0,1.7142857142857142,1.7142857142857142,-4.5,4.5,-3.5,3.5,0,0,1,2,-3.2168565545078556,-1.0920123543670963
2011-04-15 19:00:00,10549,10602,10587,10548,10543,10548,10589,10635,8979,83984,1,1,38,-1,46,87,2,33,6,0,39,8,33,0.05263157894736842,0.05263157894736842,-33.0,33.0,0.15789473684210525,0.15789473684210525,-0.0,0.0,0.21052631578947367,0.21052631578947367,-33.0,33.0,-38.0,38.0,0,0,1,2,-2.25451901750461,0.7169639151174104
2011-04-15 22:00:00,10595,10599,10596,10593,10591,10584,10609,10603,4621,6672,1,1,1,-2,18,19,13,4,4,9,3,17,13,13.0,13.0,-2.0,2.0,4.0,4.0,-4.5,4.5,17.0,17.0,-6.5,6.5,-0.5,0.5,0,0,1,2,-3.060740567884355,-0.3721004928652271
2011-04-18 13:00:00,10463,10512,10465,10461,10443,10450,10474,10529,38665,69488,1,1,2,-2,31,79,9,17,20,11,4,29,28,4.5,4.5,-8.5,8.5,10.0,10.0,-5.5,5.5,14.5,14.5,-14.0,14.0,-1.0,1.0,0,0,1,2,-2.760575665316435,0.6617120341013875
2011-04-18 14:00:00,10462,10463,10420,10465,10389,10443,10465,10474,72469,38665,1,1,-42,3,76,31,3,9,31,20,-45,34,29,-0.07142857142857142,0.07142857142857142,3.0,3.0,-0.7380952380952381,0.7380952380952381,6.666666666666667,6.666666666666667,-0.8095238095238095,0.8095238095238095,9.666666666666666,9.666666666666666,-14.0,14.0,0,0,1,2,-3.2889244411664817,-0.21388984851845616
2011-04-18 15:00:00,10422,10462,10429,10420,10420,10389,10455,10465,44178,72469,1,1,7,-2,35,76,26,3,2,31,9,28,34,3.7142857142857144,3.7142857142857144,-1.5,1.5,0.2857142857142857,0.2857142857142857,-15.5,15.5,4.0,4.0,-17.0,17.0,-3.5,3.5,0,0,1,2,-2.783728166537286,0.4121927703498807
2011-04-21 13:00:00,10369,10430,10381,10367,10354,10352,10407,10433,36672,62295,1,1,12,-2,53,81,26,3,15,15,14,41,18,2.1666666666666665,2.1666666666666665,-1.5,1.5,1.25,1.25,-7.5,7.5,3.4166666666666665,3.4166666666666665,-9.0,9.0,-6.0,6.0,0,0,1,2,-2.8511284095214506,0.13655936319774856
2011-04-25 12:00:00,10479,10503,10499,10478,10469,10441,10517,10503,43459,63502,1,1,20,-1,48,62,18,0,10,37,21,28,37,0.9,0.9,-0.0,0.0,0.5,0.5,-37.0,37.0,1.4,1.4,-37.0,37.0,-20.0,20.0,0,0,1,2,-2.2958594359475466,0.9390034722065408
2011-05-03 19:00:00,9829,9898,9870,9828,9793,9824,9901,9939,28618,80506,1,1,41,-1,108,115,31,41,36,4,42,67,45,0.7560975609756098,0.7560975609756098,-41.0,41.0,0.8780487804878049,0.8780487804878049,-4.0,4.0,1.6341463414634145,1.6341463414634145,-45.0,45.0,-41.0,41.0,0,0,1,2,-1.5486717870474396,1.993055324620823
2011-05-04 16:00:00,9741,9766,9755,9740,9723,9710,9800,9784,64451,125560,1,1,14,-1,77,74,45,18,18,30,15,63,48,3.2142857142857144,3.2142857142857144,-18.0,18.0,1.2857142857142858,1.2857142857142858,-30.0,30.0,4.5,4.5,-48.0,48.0,-14.0,14.0,0,0,1,2,-1.9890439914310796,2.296355093650818
2011-05-13 18:00:00,9805,9839,9830,9804,9775,9789,9851,9840,69933,80888,1,1,25,-1,76,51,21,1,30,15,26,51,16,0.84,0.84,-1.0,1.0,1.2,1.2,-15.0,15.0,2.04,2.04,-16.0,16.0,-25.0,25.0,0,0,1,2,-2.731822770840384,0.9691474704622142
2011-05-13 21:00:00,9715,9766,9736,9714,9711,9695,9739,9769,4043,20592,1,1,21,-1,28,74,3,3,4,19,22,7,22,0.14285714285714285,0.14285714285714285,-3.0,3.0,0.19047619047619047,0.19047619047619047,-19.0,19.0,0.3333333333333333,0.3333333333333333,-22.0,22.0,-21.0,21.0,0,0,1,2,-2.9215273127978922,-0.14305694892731619
2011-05-18 16:00:00,9712,9744,9718,9711,9674,9701,9724,9774,62789,61046,1,1,6,-1,50,73,6,30,38,10,7,44,40,1.0,1.0,-30.0,30.0,6.333333333333333,6.333333333333333,-10.0,10.0,7.333333333333333,7.333333333333333,-40.0,40.0,-6.0,6.0,0,0,1,2,-2.3879899947218655,1.494653347073535
2011-05-19 12:00:00,9709,9789,9718,9706,9700,9680,9746,9793,52954,92760,1,1,9,-3,46,113,28,4,9,26,12,37,30,3.111111111111111,3.111111111111111,-1.3333333333333333,1.3333333333333333,1.0,1.0,-8.666666666666666,8.666666666666666,4.111111111111111,4.111111111111111,-10.0,10.0,-3.0,3.0,0,0,1,2,-2.9639349912690123,0.6577852805354394
2011-05-20 11:00:00,9669,9725,9692,9668,9646,9650,9723,9742,77490,67005,1,1,23,-1,77,92,31,17,23,18,24,54,35,1.3478260869565217,1.3478260869565217,-17.0,17.0,1.0,1.0,-18.0,18.0,2.347826086956522,2.347826086956522,-35.0,35.0,-23.0,23.0,0,0,1,2,-2.2464376161174777,1.6358780128494246
2011-05-20 16:00:00,9573,9612,9577,9572,9544,9512,9583,9620,55151,103670,1,1,4,-1,39,108,6,8,29,60,5,35,68,1.5,1.5,-8.0,8.0,7.25,7.25,-60.0,60.0,8.75,8.75,-68.0,68.0,-4.0,4.0,0,0,1,2,-1.8434878451415235,2.613923647433904
2011-05-20 19:00:00,9435,9472,9439,9430,9405,9430,9460,9484,8928,91496,1,1,4,-5,55,54,21,12,30,0,9,51,12,5.25,5.25,-2.4,2.4,7.5,7.5,-0.0,0.0,12.75,12.75,-2.4,2.4,-0.8,0.8,0,0,1,2,-3.1152072443739596,0.410989632249629
2011-05-23 20:00:00,9166,9196,9178,9165,9158,9151,9183,9200,5432,11311,1,1,12,-1,25,49,5,4,8,14,13,13,18,0.4166666666666667,0.4166666666666667,-4.0,4.0,0.6666666666666666,0.6666666666666666,-14.0,14.0,1.0833333333333333,1.0833333333333333,-18.0,18.0,-12.0,12.0,0,0,1,2,-3.2390758555035704,-0.2998229074197281
2011-05-30 19:00:00,9758,9765,9763,9755,9758,9738,9779,9774,3610,25089,1,1,5,-3,21,36,16,9,0,17,8,16,26,3.2,3.2,-3.0,3.0,0.0,0.0,-5.666666666666667,5.666666666666667,3.2,3.2,-8.666666666666666,8.666666666666666,-1.6666666666666667,1.6666666666666667,0,0,1,2,-3.2529419870271408,-0.5443736806431168
2011-06-06 13:00:00,9370,9476,9424,9369,9365,9346,9434,9478,65083,107190,1,1,54,-1,69,132,10,2,5,23,55,15,25,0.18518518518518517,0.18518518518518517,-2.0,2.0,0.09259259259259259,0.09259259259259259,-23.0,23.0,0.2777777777777778,0.2777777777777778,-25.0,25.0,-54.0,54.0,0,0,1,2,-2.4801020081223872,1.6004999888261824
2011-06-06 19:00:00,9610,9654,9626,9605,9588,9599,9639,9659,8389,52511,1,1,16,-5,51,60,13,5,22,6,21,35,11,0.8125,0.8125,-1.0,1.0,1.375,1.375,-1.2,1.2,2.1875,2.1875,-2.2,2.2,-3.2,3.2,0,0,1,2,-3.2287756564386854,-0.37937209725091164
2011-06-09 16:00:00,9631,9662,9661,9630,9608,9621,9671,9672,83510,45219,1,1,30,-1,63,51,10,10,23,9,31,33,19,0.3333333333333333,0.3333333333333333,-10.0,10.0,0.7666666666666667,0.7666666666666667,-9.0,9.0,1.1,1.1,-19.0,19.0,-30.0,30.0,0,0,1,2,-2.8053436363276423,0.8594974861982845
2011-06-14 15:00:00,9870,9927,9873,9867,9857,9866,9892,9934,45262,43368,1,1,3,-3,35,68,19,7,13,1,6,32,8,6.333333333333333,6.333333333333333,-2.3333333333333335,2.3333333333333335,4.333333333333333,4.333333333333333,-0.3333333333333333,0.3333333333333333,10.666666666666666,10.666666666666666,-2.6666666666666665,2.6666666666666665,-1.0,1.0,0,0,1,2,-3.2354777399818664,0.07791400184416487
2011-06-14 19:00:00,9897,9932,9899,9894,9870,9884,9920,9936,9366,36032,1,1,2,-3,50,52,21,4,27,10,5,48,14,10.5,10.5,-1.3333333333333333,1.3333333333333333,13.5,13.5,-3.3333333333333335,3.3333333333333335,24.0,24.0,-4.666666666666667,4.666666666666667,-0.6666666666666666,0.6666666666666666,0,0,1,2,-2.8471732265015364,0.5566955318041129
2011-06-17 19:00:00,9632,9749,9648,9623,9624,9620,9659,9774,9945,72331,1,1,16,-9,35,154,11,25,8,3,25,19,28,0.6875,0.6875,-2.7777777777777777,2.7777777777777777,0.5,0.5,-0.3333333333333333,0.3333333333333333,1.1875,1.1875,-3.111111111111111,3.111111111111111,-1.7777777777777777,1.7777777777777777,0,0,1,2,-3.0650914924409416,-0.18555465030771
2011-06-21 18:00:00,9695,9702,9699,9692,9674,9661,9715,9709,45488,53896,1,1,4,-3,41,48,16,7,21,31,7,37,38,4.0,4.0,-2.3333333333333335,2.3333333333333335,5.25,5.25,-10.333333333333334,10.333333333333334,9.25,9.25,-12.666666666666666,12.666666666666666,-1.3333333333333333,1.3333333333333333,0,0,1,2,-2.9329182171844614,0.5887920511266813
2011-06-28 16:00:00,9829,9847,9845,9828,9814,9816,9863,9855,41165,44407,1,1,16,-1,49,39,18,8,15,12,17,33,20,1.125,1.125,-8.0,8.0,0.9375,0.9375,-12.0,12.0,2.0625,2.0625,-20.0,20.0,-16.0,16.0,0,0,1,2,-2.8637768204173333,0.36434341144077487
2011-06-29 16:00:00,10040,10082,10049,10038,10005,10033,10064,10089,63704,32537,1,1,9,-2,59,56,15,7,35,5,11,50,12,1.6666666666666667,1.6666666666666667,-3.5,3.5,3.888888888888889,3.888888888888889,-2.5,2.5,5.555555555555555,5.555555555555555,-6.0,6.0,-4.5,4.5,0,0,1,2,-3.005009901424445,0.20562860534897753
2011-06-30 13:00:00,10035,10073,10043,10032,10015,10010,10051,10078,26061,59195,1,1,8,-3,36,68,8,5,20,22,11,28,27,1.0,1.0,-1.6666666666666667,1.6666666666666667,2.5,2.5,-7.333333333333333,7.333333333333333,3.5,3.5,-9.0,9.0,-2.6666666666666665,2.6666666666666665,0,0,1,2,-3.0440166533788737,-0.02590314159438786
2011-06-30 22:00:00,10065,10073,10066,10063,10062,10055,10080,10079,2739,1837,1,1,1,-2,18,24,14,6,3,8,3,17,14,14.0,14.0,-3.0,3.0,3.0,3.0,-4.0,4.0,17.0,17.0,-7.0,7.0,-0.5,0.5,0,0,1,2,-3.1644830580099677,-0.29789554153947284
2011-07-01 16:00:00,10443,10515,10457,10442,10440,10421,10516,10540,62555,132097,1,1,14,-1,76,119,59,25,3,21,15,62,46,4.214285714285714,4.214285714285714,-25.0,25.0,0.21428571428571427,0.21428571428571427,-21.0,21.0,4.428571428571429,4.428571428571429,-46.0,46.0,-14.0,14.0,0,0,1,2,-1.7818086379132363,2.194266110874017
2011-07-04 13:00:00,10522,10558,10531,10521,10502,10500,10537,10563,29541,43108,1,1,9,-1,35,63,6,5,20,21,10,26,26,0.6666666666666666,0.6666666666666666,-5.0,5.0,2.2222222222222223,2.2222222222222223,-21.0,21.0,2.888888888888889,2.888888888888889,-26.0,26.0,-9.0,9.0,0,0,1,2,-2.6499146570068315,0.2481527059509377
2011-07-05 18:00:00,10501,10515,10512,10498,10481,10473,10539,10524,46313,37442,1,1,11,-3,58,51,27,9,20,25,14,47,34,2.4545454545454546,2.4545454545454546,-3.0,3.0,1.8181818181818181,1.8181818181818181,-8.333333333333334,8.333333333333334,4.2727272727272725,4.2727272727272725,-11.333333333333334,11.333333333333334,-3.6666666666666665,3.6666666666666665,0,0,1,2,-2.6686477851059895,0.22434134984209925
2011-07-06 12:00:00,10439,10482,10457,10437,10414,10412,10468,10497,48057,97069,1,1,18,-2,54,85,11,15,25,25,20,36,40,0.6111111111111112,0.6111111111111112,-7.5,7.5,1.3888888888888888,1.3888888888888888,-12.5,12.5,2.0,2.0,-20.0,20.0,-9.0,9.0,0,0,1,2,-2.5531664807028007,0.7880564194709644
2011-07-06 19:00:00,10527,10557,10548,10525,10522,10507,10559,10570,9626,54765,1,1,21,-2,37,63,11,13,5,18,23,16,31,0.5238095238095238,0.5238095238095238,-6.5,6.5,0.23809523809523808,0.23809523809523808,-9.0,9.0,0.7619047619047619,0.7619047619047619,-15.5,15.5,-10.5,10.5,0,0,1,2,-2.78181708419919,-0.15795300249694863
2011-07-06 22:00:00,10542,10554,10550,10540,10530,10528,10562,10555,2253,1941,1,1,8,-2,32,27,12,1,12,12,10,24,13,1.5,1.5,-0.5,0.5,1.5,1.5,-6.0,6.0,3.0,3.0,-6.5,6.5,-4.0,4.0,0,0,1,2,-3.0883182209537106,-0.8836288811089834
2011-07-07 20:00:00,10834,10839,10837,10833,10825,10825,10839,10841,2282,3186,1,1,3,-1,14,16,2,2,9,8,4,11,10,0.6666666666666666,0.6666666666666666,-2.0,2.0,3.0,3.0,-8.0,8.0,3.6666666666666665,3.6666666666666665,-10.0,10.0,-3.0,3.0,0,0,1,2,-3.1529846317941534,-0.9899242447335008
2011-07-11 17:00:00,10377,10412,10389,10376,10349,10368,10390,10432,62866,67027,1,1,12,-1,41,64,1,20,28,8,13,29,28,0.08333333333333333,0.08333333333333333,-20.0,20.0,2.3333333333333335,2.3333333333333335,-8.0,8.0,2.4166666666666665,2.4166666666666665,-28.0,28.0,-12.0,12.0,0,0,1,2,-2.6344015522894244,0.7640125701512706
2011-07-12 12:00:00,10177,10212,10187,10176,10168,10162,10276,10216,113673,100673,1,1,10,-1,108,54,89,4,9,14,11,98,18,8.9,8.9,-4.0,4.0,0.9,0.9,-14.0,14.0,9.8,9.8,-18.0,18.0,-10.0,10.0,0,0,1,2,-2.2981190608246025,1.9632888877291672
2011-07-15 18:00:00,10607,10643,10627,10606,10573,10590,10644,10652,71494,75785,1,1,20,-1,71,62,17,9,34,16,21,51,25,0.85,0.85,-9.0,9.0,1.7,1.7,-16.0,16.0,2.55,2.55,-25.0,25.0,-20.0,20.0,0,0,1,2,-2.3648689148015993,1.0566097025027685
2011-07-18 20:00:00,10148,10224,10162,10147,10142,10124,10169,10225,5255,18119,1,1,14,-1,27,101,7,1,6,23,15,13,24,0.5,0.5,-1.0,1.0,0.42857142857142855,0.42857142857142855,-23.0,23.0,0.9285714285714286,0.9285714285714286,-24.0,24.0,-14.0,14.0,0,0,1,2,-2.7515550364273182,-0.14240926326254125
2011-07-19 20:00:00,10300,10309,10302,10297,10296,10291,10308,10320,2888,8963,1,1,2,-3,12,29,6,11,4,6,5,10,17,3.0,3.0,-3.6666666666666665,3.6666666666666665,2.0,2.0,-2.0,2.0,5.0,5.0,-5.666666666666667,5.666666666666667,-0.6666666666666666,0.6666666666666666,0,0,1,2,-3.2837789385112583,-0.8832115948925461
2011-07-29 14:00:00,10251,10302,10252,10243,10235,10212,10266,10307,36559,82442,1,1,1,-8,31,95,14,5,16,31,9,30,36,14.0,14.0,-0.625,0.625,16.0,16.0,-3.875,3.875,30.0,30.0,-4.5,4.5,-0.125,0.125,0,0,1,2,-2.663927852809153,1.2627121114867186
2011-08-03 19:00:00,10000,10221,10028,9999,10000,9971,10055,10232,24669,222163,1,1,28,-1,55,261,27,11,0,28,29,27,39,0.9642857142857143,0.9642857142857143,-11.0,11.0,0.0,0.0,-28.0,28.0,0.9642857142857143,0.9642857142857143,-39.0,39.0,-28.0,28.0,0,0,1,2,-2.0247209819424152,2.250434487511599
2011-08-04 20:00:00,9815,9895,9845,9814,9771,9750,9866,9919,14195,24798,1,1,30,-1,95,169,21,24,44,64,31,65,88,0.7,0.7,-24.0,24.0,1.4666666666666666,1.4666666666666666,-64.0,64.0,2.1666666666666665,2.1666666666666665,-88.0,88.0,-30.0,30.0,0,0,1,2,-0.597837362968989,2.8472037306637348
2011-08-05 11:00:00,9577,9689,9666,9575,9511,9465,9684,9689,204275,165973,1,1,89,-2,173,224,18,0,66,110,91,84,110,0.20224719101123595,0.20224719101123595,-0.0,0.0,0.7415730337078652,0.7415730337078652,-55.0,55.0,0.9438202247191011,0.9438202247191011,-55.0,55.0,-44.5,44.5,0,0,1,2,-0.6915602421859964,5.114918810817825
2011-08-10 19:00:00,8630,8722,8644,8548,8450,8440,8678,8729,41972,234050,1,1,14,-82,228,289,34,7,180,108,96,214,115,2.4285714285714284,2.4285714285714284,-0.08536585365853659,0.08536585365853659,12.857142857142858,12.857142857142858,-1.3170731707317074,1.3170731707317074,15.285714285714286,15.285714285714286,-1.4024390243902438,1.4024390243902438,-0.17073170731707318,0.17073170731707318,0,0,1,2,-0.15742129990448903,3.7531112550737107
2011-08-11 16:00:00,8003,8472,8303,8001,7991,7952,8360,8485,229553,284628,1,1,300,-2,369,533,57,13,12,49,302,69,62,0.19,0.19,-6.5,6.5,0.04,0.04,-24.5,24.5,0.23,0.23,-31.0,31.0,-150.0,150.0,0,0,1,4,0.5265389598250748,7.735310350185148
2011-08-12 23:00:00,8619,8665,8621,8618,8570,8570,8659,8696,6923,14320,1,1,2,-1,89,126,38,31,49,48,3,87,79,19.0,19.0,-31.0,31.0,24.5,24.5,-48.0,48.0,43.5,43.5,-79.0,79.0,-2.0,2.0,0,0,1,1,-0.8163928480738375,4.232181768154344
2011-08-16 11:00:00,8667,8855,8711,8664,8630,8635,8715,8855,93541,86082,1,1,44,-3,85,220,4,0,37,29,47,41,29,0.09090909090909091,0.09090909090909091,-0.0,0.0,0.8409090909090909,0.8409090909090909,-9.666666666666666,9.666666666666666,0.9318181818181818,0.9318181818181818,-9.666666666666666,9.666666666666666,-14.666666666666666,14.666666666666666,0,0,1,2,-2.835134617001106,1.4146450088193676
2011-08-23 13:00:00,7925,8071,7976,7924,7850,7902,7978,8085,146169,161955,1,1,51,-1,128,183,2,14,75,22,52,77,36,0.0392156862745098,0.0392156862745098,-14.0,14.0,1.4705882352941178,1.4705882352941178,-22.0,22.0,1.5098039215686274,1.5098039215686274,-36.0,36.0,-51.0,51.0,0,0,1,2,-2.137920786064659,3.708219681774946
2011-08-24 12:00:00,7629,7833,7677,7626,7616,7620,7709,7845,105979,204063,1,1,48,-3,93,225,32,12,13,6,51,45,18,0.6666666666666666,0.6666666666666666,-4.0,4.0,0.2708333333333333,0.2708333333333333,-2.0,2.0,0.9375,0.9375,-6.0,6.0,-16.0,16.0,0,0,1,2,-3.2109536695804914,2.297032853303776
2011-08-25 14:00:00,7853,7990,7907,7852,7853,7847,7946,7995,76953,155794,1,1,54,-1,93,148,39,5,0,5,55,39,10,0.7222222222222222,0.7222222222222222,-5.0,5.0,0.0,0.0,-5.0,5.0,0.7222222222222222,0.7222222222222222,-10.0,10.0,-54.0,54.0,0,0,1,2,-2.9836066737334286,2.0212188508824616
2011-08-26 23:00:00,7869,7894,7876,7867,7857,7856,7880,7897,8062,6363,1,1,7,-2,23,41,4,3,12,11,9,16,14,0.5714285714285714,0.5714285714285714,-1.5,1.5,1.7142857142857142,1.7142857142857142,-5.5,5.5,2.2857142857142856,2.2857142857142856,-7.0,7.0,-3.5,3.5,0,0,1,2,-3.819324862922372,-0.4209225909339252
2011-08-29 14:00:00,8019,8064,8036,8018,8005,8009,8061,8089,53293,61700,1,1,17,-1,56,80,25,25,14,9,18,39,34,1.4705882352941178,1.4705882352941178,-25.0,25.0,0.8235294117647058,0.8235294117647058,-9.0,9.0,2.2941176470588234,2.2941176470588234,-34.0,34.0,-17.0,17.0,0,0,1,2,-2.8760995861017515,1.4424123549359145
2011-08-30 21:00:00,8295,8323,8302,8294,8286,8286,8315,8330,6172,13392,1,1,7,-1,29,44,13,7,9,8,8,22,15,1.8571428571428572,1.8571428571428572,-7.0,7.0,1.2857142857142858,1.2857142857142858,-8.0,8.0,3.142857142857143,3.142857142857143,-15.0,15.0,-7.0,7.0,0,0,1,2,-3.4905060784216344,-0.13587543850860662
2011-09-02 12:00:00,8378,8422,8395,8375,8364,8358,8407,8441,43888,102389,1,1,17,-3,43,83,12,19,14,17,20,26,36,0.7058823529411765,0.7058823529411765,-6.333333333333333,6.333333333333333,0.8235294117647058,0.8235294117647058,-5.666666666666667,5.666666666666667,1.5294117647058822,1.5294117647058822,-12.0,12.0,-5.666666666666667,5.666666666666667,0,0,1,2,-3.3315122566812128,0.7767660477959126
2011-09-02 15:00:00,8364,8407,8374,8362,8362,8335,8410,8407,40148,67196,1,1,10,-2,48,72,36,0,2,27,12,38,27,3.6,3.6,-0.0,0.0,0.2,0.2,-13.5,13.5,3.8,3.8,-13.5,13.5,-5.0,5.0,0,0,1,2,-3.278825342469979,0.6774307517694437
2011-09-05 11:00:00,8054,8211,8080,8053,8010,8036,8097,8211,84350,141244,1,1,26,-1,87,175,17,0,44,17,27,61,17,0.6538461538461539,0.6538461538461539,-0.0,0.0,1.6923076923076923,1.6923076923076923,-17.0,17.0,2.3461538461538463,2.3461538461538463,-17.0,17.0,-26.0,26.0,0,0,1,2,-2.9011222499054496,2.0558495835064465
2011-09-05 20:00:00,7961,8059,7984,7960,7957,7959,7987,8059,7483,17946,1,1,23,-1,30,100,3,0,4,1,24,7,1,0.13043478260869565,0.13043478260869565,-0.0,0.0,0.17391304347826086,0.17391304347826086,-1.0,1.0,0.30434782608695654,0.30434782608695654,-1.0,1.0,-23.0,23.0,0,0,1,2,-3.77172782867766,-0.42155915698310203
2011-09-07 12:00:00,8173,8232,8210,8172,8164,8158,8227,8245,82053,83305,1,1,37,-1,63,87,17,13,9,14,38,26,27,0.4594594594594595,0.4594594594594595,-13.0,13.0,0.24324324324324326,0.24324324324324326,-14.0,14.0,0.7027027027027027,0.7027027027027027,-27.0,27.0,-37.0,37.0,0,0,1,2,-2.9199830545251295,1.657275907559934
2011-09-14 19:00:00,8120,8185,8155,8110,8113,8091,8164,8209,11422,97350,1,1,35,-10,51,118,9,24,7,19,45,16,43,0.2571428571428571,0.2571428571428571,-2.4,2.4,0.2,0.2,-1.9,1.9,0.45714285714285713,0.45714285714285713,-4.3,4.3,-3.5,3.5,0,0,1,2,-3.3061155775092708,0.36852587645616625
2011-09-15 19:00:00,8200,8294,8205,8197,8159,8175,8221,8325,19402,89278,1,1,5,-3,62,150,16,31,41,22,8,57,53,3.2,3.2,-10.333333333333334,10.333333333333334,8.2,8.2,-7.333333333333333,7.333333333333333,11.4,11.4,-17.666666666666668,17.666666666666668,-1.6666666666666667,1.6666666666666667,0,0,1,2,-2.730268899876369,1.5107775306512332
2011-09-22 12:00:00,7967,8014,7978,7966,7935,7966,7997,8060,138545,198121,1,1,11,-1,62,94,19,46,32,0,12,51,46,1.7272727272727273,1.7272727272727273,-46.0,46.0,2.909090909090909,2.909090909090909,-0.0,0.0,4.636363636363637,4.636363636363637,-46.0,46.0,-11.0,11.0,0,0,1,2,-2.7306041707014446,3.387535287377409
2011-09-23 19:00:00,7095,7117,7109,7074,7070,6986,7174,7158,30314,155002,1,1,14,-21,104,172,65,41,25,88,35,90,129,4.642857142857143,4.642857142857143,-1.9523809523809523,1.9523809523809523,1.7857142857142858,1.7857142857142858,-4.190476190476191,4.190476190476191,6.428571428571429,6.428571428571429,-6.142857142857143,6.142857142857143,-0.6666666666666666,0.6666666666666666,0,0,1,2,-2.237526739385696,2.4754067708101726
2011-09-26 14:00:00,7140,7214,7208,7138,7120,7110,7230,7244,93840,131419,1,1,68,-2,110,134,22,30,20,28,70,42,58,0.3235294117647059,0.3235294117647059,-15.0,15.0,0.29411764705882354,0.29411764705882354,-14.0,14.0,0.6176470588235294,0.6176470588235294,-29.0,29.0,-34.0,34.0,0,0,1,2,-2.5864916361750394,2.8062513636097046
2011-09-28 11:00:00,7266,7332,7291,7265,7231,7218,7318,7332,122469,136324,1,1,25,-1,87,114,27,0,35,47,26,62,47,1.08,1.08,-0.0,0.0,1.4,1.4,-47.0,47.0,2.48,2.48,-47.0,47.0,-25.0,25.0,0,0,1,2,-2.554243115825325,3.309351082001567
2011-09-28 15:00:00,7234,7261,7235,7233,7188,7224,7244,7280,79320,101431,1,1,1,-1,56,56,9,19,46,9,2,55,28,9.0,9.0,-19.0,19.0,46.0,46.0,-9.0,9.0,55.0,55.0,-28.0,28.0,-1.0,1.0,0,0,1,1,-2.7352793247458855,4.080824069067592
2011-09-28 19:00:00,7188,7253,7193,7175,7140,7158,7225,7259,35946,132742,1,1,5,-13,85,101,32,6,48,17,18,80,23,6.4,6.4,-0.46153846153846156,0.46153846153846156,9.6,9.6,-1.3076923076923077,1.3076923076923077,16.0,16.0,-1.7692307692307692,1.7692307692307692,-0.38461538461538464,0.38461538461538464,0,0,1,2,-3.223178133199499,1.7231602277921039
2011-09-29 19:00:00,7565,7607,7574,7559,7529,7553,7600,7649,26078,146114,1,1,9,-6,71,96,26,42,36,6,15,62,48,2.888888888888889,2.888888888888889,-7.0,7.0,4.0,4.0,-1.0,1.0,6.888888888888889,6.888888888888889,-8.0,8.0,-1.5,1.5,0,0,1,2,-3.1572493755456144,1.4968230552296058
2011-10-07 18:00:00,6869,6897,6890,6868,6841,6805,6897,6922,100121,171597,1,1,21,-1,56,117,7,25,28,63,22,35,88,0.3333333333333333,0.3333333333333333,-25.0,25.0,1.3333333333333333,1.3333333333333333,-63.0,63.0,1.6666666666666667,1.6666666666666667,-88.0,88.0,-21.0,21.0,0,0,1,2,-2.012395443654523,4.373454226116396
2011-10-14 23:00:00,8171,8178,8177,8170,8162,8134,8206,8179,14630,8893,1,1,6,-1,44,45,29,1,9,36,7,38,37,4.833333333333333,4.833333333333333,-1.0,1.0,1.5,1.5,-36.0,36.0,6.333333333333333,6.333333333333333,-37.0,37.0,-6.0,6.0,0,0,1,2,-2.85651868404097,0.8853482158474949
2011-10-18 12:00:00,7719,7876,7738,7718,7701,7686,7818,7905,151928,268149,1,1,19,-1,117,219,80,29,18,32,20,98,61,4.2105263157894735,4.2105263157894735,-29.0,29.0,0.9473684210526315,0.9473684210526315,-32.0,32.0,5.157894736842105,5.157894736842105,-61.0,61.0,-19.0,19.0,0,0,1,2,-1.754806401395293,5.160841758431604
2011-10-19 20:00:00,8109,8159,8157,8107,8104,8107,8168,8197,18078,36601,1,1,48,-2,64,90,11,38,5,0,50,16,38,0.22916666666666666,0.22916666666666666,-19.0,19.0,0.10416666666666667,0.10416666666666667,-0.0,0.0,0.3333333333333333,0.3333333333333333,-19.0,19.0,-24.0,24.0,0,0,1,2,-2.9711296713935904,0.6370703667927321
2011-10-24 13:00:00,8353,8409,8380,8351,8344,8337,8404,8429,72588,120633,1,1,27,-2,60,92,24,20,9,14,29,33,34,0.8888888888888888,0.8888888888888888,-10.0,10.0,0.3333333333333333,0.3333333333333333,-7.0,7.0,1.2222222222222223,1.2222222222222223,-17.0,17.0,-13.5,13.5,0,0,1,2,-3.130688561363331,1.4011808072452305
2011-11-01 13:00:00,7918,8017,7926,7917,7877,7878,7946,8017,108712,222070,1,1,8,-1,69,139,20,0,41,39,9,61,39,2.5,2.5,-0.0,0.0,5.125,5.125,-39.0,39.0,7.625,7.625,-39.0,39.0,-8.0,8.0,0,0,1,2,-2.743669736872305,3.3527683390155536
2011-11-08 16:00:00,8467,8490,8489,8466,8435,8406,8517,8492,72263,84471,1,1,22,-1,82,86,28,2,32,60,23,60,62,1.2727272727272727,1.2727272727272727,-2.0,2.0,1.4545454545454546,1.4545454545454546,-60.0,60.0,2.727272727272727,2.727272727272727,-62.0,62.0,-22.0,22.0,0,0,1,2,-1.9153134415497948,2.804973560413887
2011-11-11 11:00:00,7999,8070,8016,7998,7942,7998,8063,8218,157216,138069,1,1,17,-1,121,220,47,148,57,0,18,104,148,2.764705882352941,2.764705882352941,-148.0,148.0,3.3529411764705883,3.3529411764705883,-0.0,0.0,6.117647058823529,6.117647058823529,-148.0,148.0,-17.0,17.0,0,0,1,4,0.437560408138095,7.129248246176783
2011-11-11 21:00:00,8159,8183,8177,8158,8158,8150,8199,8190,10272,9300,1,1,18,-1,41,40,22,7,1,8,19,23,15,1.2222222222222223,1.2222222222222223,-7.0,7.0,0.05555555555555555,0.05555555555555555,-8.0,8.0,1.2777777777777777,1.2777777777777777,-15.0,15.0,-18.0,18.0,0,0,1,2,-3.3981975606253196,-0.02279435330885
2011-11-15 16:00:00,7943,8012,7976,7942,7929,7893,8000,8012,93513,162608,1,1,33,-1,71,119,24,0,14,49,34,38,49,0.7272727272727273,0.7272727272727273,-0.0,0.0,0.42424242424242425,0.42424242424242425,-49.0,49.0,1.1515151515151516,1.1515151515151516,-49.0,49.0,-33.0,33.0,0,0,1,2,-2.435854480972789,3.055112913276793
2011-11-16 21:00:00,8035,8043,8042,8034,8019,8030,8062,8065,13945,13216,1,1,7,-1,43,35,20,22,16,4,8,36,26,2.857142857142857,2.857142857142857,-22.0,22.0,2.2857142857142856,2.2857142857142856,-4.0,4.0,5.142857142857143,5.142857142857143,-26.0,26.0,-7.0,7.0,0,0,1,2,-3.1739627845797327,0.5014838526186108
2011-11-21 20:00:00,7463,7610,7507,7462,7453,7434,7522,7629,25395,71469,1,1,44,-1,69,195,15,19,10,28,45,25,47,0.3409090909090909,0.3409090909090909,-19.0,19.0,0.22727272727272727,0.22727272727272727,-28.0,28.0,0.5681818181818182,0.5681818181818182,-47.0,47.0,-44.0,44.0,0,0,1,2,-2.3074927450828584,2.1597232594780573
2011-11-23 21:00:00,7700,7712,7706,7698,7674,7673,7712,7717,7864,14267,1,1,6,-2,38,44,6,5,26,25,8,32,30,1.0,1.0,-2.5,2.5,4.333333333333333,4.333333333333333,-12.5,12.5,5.333333333333333,5.333333333333333,-15.0,15.0,-3.0,3.0,0,0,1,2,-3.4620861303428567,0.2279431309415748
2011-11-24 19:00:00,7600,7632,7624,7598,7571,7570,7658,7644,27843,46804,1,1,24,-2,87,74,34,12,29,28,26,63,40,1.4166666666666667,1.4166666666666667,-6.0,6.0,1.2083333333333333,1.2083333333333333,-14.0,14.0,2.625,2.625,-20.0,20.0,-12.0,12.0,0,0,1,2,-2.9093444944762283,1.1437730914476392
2011-11-28 16:00:00,8229,8268,8234,8226,8208,8202,8251,8272,61151,78765,1,1,5,-3,43,70,17,4,21,24,8,38,28,3.4,3.4,-1.3333333333333333,1.3333333333333333,4.2,4.2,-8.0,8.0,7.6,7.6,-9.333333333333334,9.333333333333334,-1.6666666666666667,1.6666666666666667,0,0,1,2,-3.419974372646026,0.928213357552043
2011-12-05 21:00:00,9050,9064,9051,9048,9035,9029,9060,9068,4060,7064,1,1,1,-2,25,39,9,4,15,19,3,24,23,9.0,9.0,-2.0,2.0,15.0,15.0,-9.5,9.5,24.0,24.0,-11.5,11.5,-0.5,0.5,0,0,1,2,-3.115535833453777,0.5059315035554869
2011-12-07 14:00:00,8570,8652,8577,8566,8563,8544,8647,8659,123830,81505,1,1,7,-4,84,115,70,7,7,22,11,77,29,10.0,10.0,-1.75,1.75,1.0,1.0,-5.5,5.5,11.0,11.0,-7.25,7.25,-1.75,1.75,0,0,1,2,-2.927473359350175,1.8759687744903626
2011-12-07 17:00:00,8500,8580,8524,8499,8386,8491,8572,8605,205089,126161,1,1,24,-1,186,114,48,25,114,8,25,162,33,2.0,2.0,-25.0,25.0,4.75,4.75,-8.0,8.0,6.75,6.75,-33.0,33.0,-24.0,24.0,0,0,1,2,-1.7343479689258612,4.213142704044812
2011-12-09 17:00:00,8235,8316,8244,8233,8191,8204,8299,8319,128658,87154,1,1,9,-2,108,115,55,3,44,29,11,99,32,6.111111111111111,6.111111111111111,-1.5,1.5,4.888888888888889,4.888888888888889,-14.5,14.5,11.0,11.0,-16.0,16.0,-4.5,4.5,0,0,1,2,-2.6704063727168115,2.4643116827678027
2011-12-09 20:00:00,8237,8257,8245,8231,8232,8204,8274,8290,10343,38831,1,1,8,-6,42,86,29,33,5,27,14,34,60,3.625,3.625,-5.5,5.5,0.625,0.625,-4.5,4.5,4.25,4.25,-10.0,10.0,-1.3333333333333333,1.3333333333333333,0,0,1,2,-3.089538791811697,0.40107705320253534
2011-12-13 13:00:00,8123,8168,8148,8119,7919,8089,8171,8293,28832,29456,1,1,25,-4,252,204,23,125,204,30,29,227,155,0.92,0.92,-31.25,31.25,8.16,8.16,-7.5,7.5,9.08,9.08,-38.75,38.75,-6.25,6.25,0,0,1,2,0.014240941944487898,4.003860219929784
2011-12-14 10:00:00,8280,8360,8291,8269,8230,8253,8328,8397,34943,5805,1,1,11,-11,98,144,37,37,50,16,22,87,53,3.3636363636363638,3.3636363636363638,-3.3636363636363638,3.3636363636363638,4.545454545454546,4.545454545454546,-1.4545454545454546,1.4545454545454546,7.909090909090909,7.909090909090909,-4.818181818181818,4.818181818181818,-1.0,1.0,0,0,1,2,-2.541517394664405,0.8874976480526542
2011-12-20 10:00:00,8176,8257,8209,8173,8164,8151,8276,8298,89229,22088,1,1,33,-3,112,147,67,41,12,22,36,79,63,2.0303030303030303,2.0303030303030303,-13.666666666666666,13.666666666666666,0.36363636363636365,0.36363636363636365,-7.333333333333333,7.333333333333333,2.393939393939394,2.393939393939394,-21.0,21.0,-11.0,11.0,0,0,1,2,-2.2981845834245567,1.8294153247204394
2011-12-22 23:00:00,8066,8073,8072,8065,8054,8060,8074,8084,4129,3316,1,1,6,-1,20,24,2,11,12,5,7,14,16,0.3333333333333333,0.3333333333333333,-11.0,11.0,2.0,2.0,-5.0,5.0,2.3333333333333335,2.3333333333333335,-16.0,16.0,-6.0,6.0,0,0,1,2,-3.6456546036637922,-0.29015336836748445
2011-12-26 23:00:00,8215,8227,8217,8214,8200,8210,8225,8228,3190,2322,1,1,2,-1,25,18,8,1,15,4,3,23,5,4.0,4.0,-1.0,1.0,7.5,7.5,-4.0,4.0,11.5,11.5,-5.0,5.0,-2.0,2.0,0,0,1,2,-3.729884201288878,-0.2474087042316338
2011-12-29 14:00:00,7830,7859,7847,7829,7823,7812,7855,7869,35191,43376,1,1,17,-1,32,57,8,10,7,17,18,15,27,0.47058823529411764,0.47058823529411764,-10.0,10.0,0.4117647058823529,0.4117647058823529,-17.0,17.0,0.8823529411764706,0.8823529411764706,-27.0,27.0,-17.0,17.0,0,0,1,2,-3.328961780737634,0.7152606543869103
2012-01-03 22:00:00,8328,8360,8329,8325,8308,8314,8338,8363,5229,6858,1,1,1,-3,30,49,9,3,20,11,4,29,14,9.0,9.0,-1.0,1.0,20.0,20.0,-3.6666666666666665,3.6666666666666665,29.0,29.0,-4.666666666666667,4.666666666666667,-0.3333333333333333,0.3333333333333333,0,0,1,2,-3.334386533906299,0.687452622950232
2012-01-05 15:00:00,8293,8356,8315,8291,8285,8280,8330,8378,33124,43014,1,1,22,-2,45,98,15,22,8,11,24,23,33,0.6818181818181818,0.6818181818181818,-11.0,11.0,0.36363636363636365,0.36363636363636365,-5.5,5.5,1.0454545454545454,1.0454545454545454,-16.5,16.5,-11.0,11.0,0,0,1,2,-3.191111533514293,0.5093017369352959
2012-01-05 19:00:00,8350,8403,8364,8337,8290,8322,8390,8415,18616,35311,1,1,14,-13,100,93,26,12,60,15,27,86,27,1.8571428571428572,1.8571428571428572,-0.9230769230769231,0.9230769230769231,4.285714285714286,4.285714285714286,-1.1538461538461537,1.1538461538461537,6.142857142857143,6.142857142857143,-2.076923076923077,2.076923076923077,-1.0769230769230769,1.0769230769230769,0,0,1,2,-2.835519185130211,0.5058449509574546
2012-01-09 21:00:00,8432,8446,8437,8430,8423,8404,8446,8447,4592,10612,1,1,5,-2,23,43,9,1,9,26,7,18,27,1.8,1.8,-0.5,0.5,1.8,1.8,-13.0,13.0,3.6,3.6,-13.5,13.5,-2.5,2.5,0,0,1,2,-3.4698069909013727,-0.20804729694663449
2012-01-13 10:00:00,8509,8536,8518,8490,8502,8485,8566,8538,79757,13903,1,1,9,-19,64,53,48,2,7,5,28,55,7,5.333333333333333,5.333333333333333,-0.10526315789473684,0.10526315789473684,0.7777777777777778,0.7777777777777778,-0.2631578947368421,0.2631578947368421,6.111111111111111,6.111111111111111,-0.3684210526315789,0.3684210526315789,-0.47368421052631576,0.47368421052631576,0,0,1,2,-3.305519616511955,0.25030799628833683
2012-01-17 18:00:00,8512,8547,8539,8511,8491,8505,8547,8562,49624,61255,1,1,27,-1,56,57,8,15,21,6,28,29,21,0.2962962962962963,0.2962962962962963,-15.0,15.0,0.7777777777777778,0.7777777777777778,-6.0,6.0,1.0740740740740742,1.0740740740740742,-21.0,21.0,-27.0,27.0,0,0,1,2,-3.0723847526720434,0.8851419256534906
2012-01-18 10:00:00,8479,8527,8500,8476,8464,8472,8540,8527,70772,11687,1,1,21,-3,76,55,40,0,15,4,24,55,4,1.9047619047619047,1.9047619047619047,-0.0,0.0,0.7142857142857143,0.7142857142857143,-1.3333333333333333,1.3333333333333333,2.619047619047619,2.619047619047619,-1.3333333333333333,1.3333333333333333,-7.0,7.0,0,0,1,2,-3.3934332177066553,0.23928064171527874
2012-01-19 14:00:00,8552,8600,8598,8549,8548,8547,8613,8607,52065,67197,1,1,46,-3,65,60,15,7,4,2,49,19,9,0.32608695652173914,0.32608695652173914,-2.3333333333333335,2.3333333333333335,0.08695652173913043,0.08695652173913043,-0.6666666666666666,0.6666666666666666,0.41304347826086957,0.41304347826086957,-3.0,3.0,-15.333333333333334,15.333333333333334,0,0,1,2,-3.465019358319826,0.29143006549117045
2012-01-19 22:00:00,8658,8670,8664,8656,8653,8648,8677,8671,5244,5097,1,1,6,-2,24,23,13,1,5,8,8,18,9,2.1666666666666665,2.1666666666666665,-0.5,0.5,0.8333333333333334,0.8333333333333334,-4.0,4.0,3.0,3.0,-4.5,4.5,-3.0,3.0,0,0,1,2,-3.6995956274652144,-0.6683435206138683
2012-01-20 11:00:00,8621,8670,8623,8620,8608,8616,8649,8693,35378,65100,1,1,2,-1,41,77,26,23,13,4,3,39,27,13.0,13.0,-23.0,23.0,6.5,6.5,-4.0,4.0,19.5,19.5,-27.0,27.0,-2.0,2.0,0,0,1,2,-2.86487752368654,1.545025001401628
2012-01-20 18:00:00,8569,8627,8581,8568,8555,8551,8587,8631,32536,86065,1,1,12,-1,32,80,6,4,14,17,13,20,21,0.5,0.5,-4.0,4.0,1.1666666666666667,1.1666666666666667,-17.0,17.0,1.6666666666666667,1.6666666666666667,-21.0,21.0,-12.0,12.0,0,0,1,2,-3.284553305147015,0.6666062603048164
2012-01-23 12:00:00,8575,8592,8581,8574,8570,8560,8636,8596,104106,25672,1,1,6,-1,66,36,55,4,5,14,7,60,18,9.166666666666666,9.166666666666666,-4.0,4.0,0.8333333333333334,0.8333333333333334,-14.0,14.0,10.0,10.0,-18.0,18.0,-6.0,6.0,0,0,1,2,-3.0692196533465337,1.3242592706971335
2012-01-23 13:00:00,8582,8575,8470,8581,8444,8570,8585,8636,134928,104106,1,1,-112,-1,141,66,3,55,26,5,-111,29,60,-0.026785714285714284,0.026785714285714284,-55.0,55.0,-0.23214285714285715,0.23214285714285715,-5.0,5.0,-0.25892857142857145,0.25892857142857145,-60.0,60.0,112.0,112.0,0,0,1,2,-2.8553290954985213,2.3875294976574453
2012-01-23 14:00:00,8471,8582,8547,8470,8447,8444,8564,8585,101195,134928,1,1,76,-1,117,141,17,3,24,26,77,41,29,0.2236842105263158,0.2236842105263158,-3.0,3.0,0.3157894736842105,0.3157894736842105,-26.0,26.0,0.5394736842105263,0.5394736842105263,-29.0,29.0,-76.0,76.0,0,0,1,2,-2.1481588775209968,2.872704016726544
2012-01-26 10:00:00,8882,8895,8886,8875,8857,8844,8936,8900,100753,15541,1,1,4,-7,79,56,50,5,25,31,11,75,36,12.5,12.5,-0.7142857142857143,0.7142857142857143,6.25,6.25,-4.428571428571429,4.428571428571429,18.75,18.75,-5.142857142857143,5.142857142857143,-0.5714285714285714,0.5714285714285714,0,0,1,2,-2.803792257271799,1.4533334257542692
2012-01-26 20:00:00,9068,9095,9078,9067,9054,9062,9108,9126,8977,24603,1,1,10,-1,54,64,30,31,14,5,11,44,36,3.0,3.0,-31.0,31.0,1.4,1.4,-5.0,5.0,4.4,4.4,-36.0,36.0,-10.0,10.0,0,0,1,2,-2.532592981857144,0.7855312525620468
2012-01-27 16:00:00,9136,9151,9139,9135,9132,9121,9157,9152,49946,34746,1,1,3,-1,25,31,18,1,4,14,4,22,15,6.0,6.0,-1.0,1.0,1.3333333333333333,1.3333333333333333,-14.0,14.0,7.333333333333333,7.333333333333333,-15.0,15.0,-3.0,3.0,0,0,1,2,-3.3725312628141455,0.2805736989233091
2012-01-27 17:00:00,9139,9136,9074,9139,9049,9132,9145,9157,90046,49946,1,1,-65,0,96,25,6,18,25,4,-65,31,22,-0.09230769230769231,0.09230769230769231,100.0,100.0,-0.38461538461538464,0.38461538461538464,100.0,100.0,-0.47692307692307695,0.47692307692307695,100.0,100.0,0.0,0.0,0,1,1,3,-3.9887089324454963,-0.4965332830602304
2012-01-27 18:00:00,9075,9139,9130,9074,9067,9049,9141,9145,49323,90046,1,1,55,-1,74,96,11,6,8,25,56,19,31,0.2,0.2,-6.0,6.0,0.14545454545454545,0.14545454545454545,-25.0,25.0,0.34545454545454546,0.34545454545454546,-31.0,31.0,-55.0,55.0,0,0,1,2,-2.3964075516516785,1.6187550264820838
2012-01-27 22:00:00,9155,9168,9166,9153,9145,9146,9168,9180,7020,7298,1,1,11,-2,23,34,2,12,10,7,13,12,19,0.18181818181818182,0.18181818181818182,-6.0,6.0,0.9090909090909091,0.9090909090909091,-3.5,3.5,1.0909090909090908,1.0909090909090908,-9.5,9.5,-5.5,5.5,0,0,1,2,-3.443708981598023,-0.6107651750016408
2012-01-30 14:00:00,8989,9015,9004,8987,8986,8960,9030,9021,36394,70778,1,1,15,-2,44,61,26,6,3,27,17,29,33,1.7333333333333334,1.7333333333333334,-3.0,3.0,0.2,0.2,-13.5,13.5,1.9333333333333333,1.9333333333333333,-16.5,16.5,-7.5,7.5,0,0,1,2,-3.107176307750214,0.5481430411282541
2012-01-31 17:00:00,9053,9072,9061,9052,9037,9033,9067,9078,48454,59218,1,1,8,-1,30,45,6,6,16,19,9,22,25,0.75,0.75,-6.0,6.0,2.0,2.0,-19.0,19.0,2.75,2.75,-25.0,25.0,-8.0,8.0,0,0,1,2,-3.1514693474771334,0.6266797746389529
2012-02-01 15:00:00,9202,9221,9217,9200,9198,9179,9245,9245,63403,78096,1,1,15,-2,47,66,28,24,4,21,17,32,45,1.8666666666666667,1.8666666666666667,-12.0,12.0,0.26666666666666666,0.26666666666666666,-10.5,10.5,2.1333333333333333,2.1333333333333333,-22.5,22.5,-7.5,7.5,0,0,1,2,-2.86839626206436,1.027165837907095
2012-02-02 22:00:00,9300,9305,9302,9299,9288,9280,9310,9310,4253,6695,1,1,2,-1,22,30,8,5,12,19,3,20,24,4.0,4.0,-5.0,5.0,6.0,6.0,-19.0,19.0,10.0,10.0,-24.0,24.0,-2.0,2.0,0,0,1,2,-3.05458379488111,0.11782285202706926
2012-02-02 23:00:00,9300,9300,9275,9302,9257,9288,9303,9310,10910,4253,1,1,-25,2,46,22,3,8,18,12,-27,21,20,-0.12,0.12,4.0,4.0,-0.72,0.72,6.0,6.0,-0.84,0.84,10.0,10.0,-12.5,12.5,0,0,1,2,-3.6290505998535325,-0.8513091945305525
2012-02-03 10:00:00,9279,9300,9296,9275,9261,9257,9333,9303,43065,10910,1,1,17,-4,72,46,37,3,18,18,21,55,21,2.176470588235294,2.176470588235294,-0.75,0.75,1.0588235294117647,1.0588235294117647,-4.5,4.5,3.235294117647059,3.235294117647059,-5.25,5.25,-4.25,4.25,0,0,1,2,-3.029938064887407,0.06600583062456024
2012-02-06 13:00:00,9469,9477,9475,9467,9455,9448,9503,9494,40996,55589,1,1,6,-2,48,46,28,17,14,19,8,42,36,4.666666666666667,4.666666666666667,-8.5,8.5,2.3333333333333335,2.3333333333333335,-9.5,9.5,7.0,7.0,-18.0,18.0,-3.0,3.0,0,0,1,2,-2.870753436165665,0.6893294190404201
2012-02-10 18:00:00,9424,9444,9428,9423,9402,9412,9441,9451,37456,52682,1,1,4,-1,39,39,13,7,22,11,5,35,18,3.25,3.25,-7.0,7.0,5.5,5.5,-11.0,11.0,8.75,8.75,-18.0,18.0,-4.0,4.0,0,0,1,2,-3.0719725880492748,0.5351359240284183
2012-02-14 11:00:00,9586,9630,9623,9584,9573,9566,9635,9630,54902,74915,1,1,37,-2,62,64,12,0,13,18,39,25,18,0.32432432432432434,0.32432432432432434,-0.0,0.0,0.35135135135135137,0.35135135135135137,-9.0,9.0,0.6756756756756757,0.6756756756756757,-9.0,9.0,-18.5,18.5,0,0,1,2,-3.051160929277492,0.4415087245351909
2012-02-17 15:00:00,9682,9709,9700,9681,9672,9666,9700,9710,29812,46574,1,1,18,-1,28,44,0,1,10,15,19,10,16,0.0,0.0,-1.0,1.0,0.5555555555555556,0.5555555555555556,-15.0,15.0,0.5555555555555556,0.5555555555555556,-16.0,16.0,-18.0,18.0,0,0,1,2,-3.177948747178978,-0.03574079045505802
2012-02-20 14:00:00,9789,9801,9798,9788,9778,9781,9808,9807,23361,27722,1,1,9,-1,30,26,10,6,11,7,10,21,13,1.1111111111111112,1.1111111111111112,-6.0,6.0,1.2222222222222223,1.2222222222222223,-7.0,7.0,2.3333333333333335,2.3333333333333335,-13.0,13.0,-9.0,9.0,0,0,1,2,-3.2181048636681804,-0.28942256873972066
2012-02-21 12:00:00,9685,9725,9716,9684,9654,9672,9720,9733,69058,67052,1,1,31,-1,66,61,4,8,31,12,32,35,20,0.12903225806451613,0.12903225806451613,-8.0,8.0,1.0,1.0,-12.0,12.0,1.1290322580645162,1.1290322580645162,-20.0,20.0,-31.0,31.0,0,0,1,2,-2.7261580145899615,0.9445327937539999
2012-02-27 13:00:00,9894,9957,9925,9893,9883,9860,9940,9967,51939,124079,1,1,31,-1,57,107,15,10,11,33,32,26,43,0.4838709677419355,0.4838709677419355,-10.0,10.0,0.3548387096774194,0.3548387096774194,-33.0,33.0,0.8387096774193549,0.8387096774193549,-43.0,43.0,-31.0,31.0,0,0,1,2,-2.163806722206275,1.822930322731302
2012-03-06 20:00:00,9662,9740,9670,9661,9655,9647,9700,9766,9064,64811,1,1,8,-1,45,119,30,26,7,14,9,37,40,3.75,3.75,-26.0,26.0,0.875,0.875,-14.0,14.0,4.625,4.625,-40.0,40.0,-8.0,8.0,0,0,1,2,-2.3155992654869015,1.048657326979367
2012-03-11 20:00:00,9859,9881,9870,9858,9859,9845,9889,9930,474,1637,1,1,11,-1,30,85,19,49,0,13,12,19,62,1.7272727272727273,1.7272727272727273,-49.0,49.0,0.0,0.0,-13.0,13.0,1.7272727272727273,1.7272727272727273,-62.0,62.0,-11.0,11.0,0,0,1,2,-1.917639598453782,0.975577509171793
2012-03-12 21:00:00,9832,9840,9835,9831,9808,9825,9845,9847,2027,986,1,1,3,-1,37,22,10,7,24,6,4,34,13,3.3333333333333335,3.3333333333333335,-7.0,7.0,8.0,8.0,-6.0,6.0,11.333333333333334,11.333333333333334,-13.0,13.0,-3.0,3.0,0,0,1,2,-3.0253301111779067,-0.19012545910717893
2012-03-16 14:00:00,9982,9999,9983,9981,9971,9979,9999,10004,32906,43543,1,1,1,-1,28,25,16,5,11,2,2,27,7,16.0,16.0,-5.0,5.0,11.0,11.0,-2.0,2.0,27.0,27.0,-7.0,7.0,-1.0,1.0,0,0,1,2,-3.0898952277123026,0.6836855104815043
2012-03-20 20:00:00,9708,9795,9712,9706,9695,9675,9731,9808,15444,53856,1,1,4,-2,36,133,19,13,13,31,6,32,44,4.75,4.75,-6.5,6.5,3.25,3.25,-15.5,15.5,8.0,8.0,-22.0,22.0,-2.0,2.0,0,0,1,2,-2.6210429957875228,0.6688516806425192
2012-03-21 22:00:00,9800,9821,9808,9799,9798,9790,9828,9827,5427,8901,1,1,8,-1,30,37,20,6,2,9,9,22,15,2.5,2.5,-6.0,6.0,0.25,0.25,-9.0,9.0,2.75,2.75,-15.0,15.0,-8.0,8.0,0,0,1,2,-3.1095946672758905,-0.43982914716835764
2012-03-22 16:00:00,9571,9631,9589,9569,9530,9557,9621,9664,93300,62074,1,1,18,-2,91,107,32,33,41,12,20,73,45,1.7777777777777777,1.7777777777777777,-16.5,16.5,2.2777777777777777,2.2777777777777777,-6.0,6.0,4.055555555555555,4.055555555555555,-22.5,22.5,-9.0,9.0,0,0,1,2,-2.3215908146806927,1.6083531748708257
2012-03-22 22:00:00,9519,9538,9524,9517,9511,9513,9538,9547,6335,7122,1,1,5,-2,27,34,14,9,8,4,7,22,13,2.8,2.8,-4.5,4.5,1.6,1.6,-2.0,2.0,4.4,4.4,-6.5,6.5,-2.5,2.5,0,0,1,2,-3.3639516278978623,-0.6194599665072439
2012-03-23 21:00:00,9736,9739,9737,9733,9724,9722,9743,9744,3623,5172,1,1,1,-3,19,22,6,5,12,11,4,18,16,6.0,6.0,-1.6666666666666667,1.6666666666666667,12.0,12.0,-3.6666666666666665,3.6666666666666665,18.0,18.0,-5.333333333333333,5.333333333333333,-0.3333333333333333,0.3333333333333333,0,0,1,2,-3.230575452298921,-0.17912632070746848
2012-03-29 19:00:00,9285,9332,9313,9277,9275,9269,9313,9356,12106,111560,1,1,28,-8,38,87,0,24,10,8,36,10,32,0.0,0.0,-3.0,3.0,0.35714285714285715,0.35714285714285715,-1.0,1.0,0.35714285714285715,0.35714285714285715,-4.0,4.0,-3.5,3.5,0,0,1,2,-3.2749663516828877,0.03713609528018028
2012-03-30 11:00:00,9349,9418,9406,9347,9342,9347,9428,9449,67726,73097,1,1,57,-2,86,102,22,31,7,0,59,29,31,0.38596491228070173,0.38596491228070173,-15.5,15.5,0.12280701754385964,0.12280701754385964,-0.0,0.0,0.5087719298245614,0.5087719298245614,-15.5,15.5,-28.5,28.5,0,0,1,2,-2.6235570796350993,1.0985949840476992
2012-03-30 23:00:00,9415,9438,9433,9411,9406,9410,9450,9450,6546,5018,1,1,18,-4,44,40,17,12,9,1,22,26,13,0.9444444444444444,0.9444444444444444,-3.0,3.0,0.5,0.5,-0.25,0.25,1.4444444444444444,1.4444444444444444,-3.25,3.25,-4.5,4.5,0,0,1,2,-3.3131293168465015,-0.7026935733015051
2012-04-10 21:00:00,9337,9353,9343,9336,9278,9325,9350,9367,18935,17313,1,1,6,-1,72,42,7,14,59,11,7,66,25,1.1666666666666667,1.1666666666666667,-14.0,14.0,9.833333333333334,9.833333333333334,-11.0,11.0,11.0,11.0,-25.0,25.0,-6.0,6.0,0,0,1,2,-2.5638310430353,0.8147192665050053
2012-04-11 20:00:00,9467,9510,9490,9464,9455,9444,9490,9511,5572,14343,1,1,23,-3,35,67,0,1,12,20,26,12,21,0.0,0.0,-0.3333333333333333,0.3333333333333333,0.5217391304347826,0.5217391304347826,-6.666666666666667,6.666666666666667,0.5217391304347826,0.5217391304347826,-7.0,7.0,-7.666666666666667,7.666666666666667,0,0,1,2,-3.259679781994297,-0.5809360754049478
2012-04-12 17:00:00,9397,9436,9427,9396,9350,9350,9438,9450,77620,84851,1,1,30,-1,88,100,11,14,47,46,31,58,60,0.36666666666666664,0.36666666666666664,-14.0,14.0,1.5666666666666667,1.5666666666666667,-46.0,46.0,1.9333333333333333,1.9333333333333333,-60.0,60.0,-30.0,30.0,0,0,1,2,-1.6454466889419115,2.691030270320641
2012-04-19 17:00:00,9485,9526,9521,9482,9474,9474,9526,9527,66516,77699,1,1,36,-3,52,53,5,1,11,8,39,16,9,0.1388888888888889,0.1388888888888889,-0.3333333333333333,0.3333333333333333,0.3055555555555556,0.3055555555555556,-2.6666666666666665,2.6666666666666665,0.4444444444444444,0.4444444444444444,-3.0,3.0,-12.0,12.0,0,0,1,2,-3.3897301424550417,0.1763156793703396
2012-04-25 12:00:00,9407,9423,9416,9406,9391,9403,9465,9439,88566,59687,1,1,9,-1,74,36,49,16,16,3,10,65,19,5.444444444444445,5.444444444444445,-16.0,16.0,1.7777777777777777,1.7777777777777777,-3.0,3.0,7.222222222222222,7.222222222222222,-19.0,19.0,-9.0,9.0,0,0,1,2,-2.791340665495536,1.2498022996868858
2012-04-26 11:00:00,9437,9470,9459,9434,9419,9424,9482,9494,63780,55516,1,1,22,-3,63,70,23,24,18,10,25,41,34,1.0454545454545454,1.0454545454545454,-8.0,8.0,0.8181818181818182,0.8181818181818182,-3.3333333333333335,3.3333333333333335,1.8636363636363635,1.8636363636363635,-11.333333333333334,11.333333333333334,-7.333333333333333,7.333333333333333,0,0,1,2,-2.9170029119390963,0.604509579572142
2012-04-28 20:00:00,9477,9480,9478,9476,9475,9460,9480,9493,762,1956,1,1,1,-1,5,33,2,13,2,16,2,4,29,2.0,2.0,-13.0,13.0,2.0,2.0,-16.0,16.0,4.0,4.0,-29.0,29.0,-1.0,1.0,0,0,1,2,-3.1081284731907375,-0.2283233455036105
2012-05-03 22:00:00,9267,9313,9285,9266,9266,9262,9289,9325,5675,17312,1,1,18,-1,23,63,4,12,1,4,19,5,16,0.2222222222222222,0.2222222222222222,-12.0,12.0,0.05555555555555555,0.05555555555555555,-4.0,4.0,0.2777777777777778,0.2777777777777778,-16.0,16.0,-18.0,18.0,0,0,1,2,-3.239076005377264,-0.34257580216822275
2012-05-07 19:00:00,8907,8982,8936,8906,8880,8870,8941,9015,12742,65293,1,1,29,-1,61,145,5,33,27,36,30,32,69,0.1724137931034483,0.1724137931034483,-33.0,33.0,0.9310344827586207,0.9310344827586207,-36.0,36.0,1.103448275862069,1.103448275862069,-69.0,69.0,-29.0,29.0,0,0,1,2,-1.639263383687075,2.250094223336628
2012-05-23 20:00:00,7854,7895,7856,7853,7816,7850,7884,7943,34479,26627,1,1,2,-1,68,93,28,48,38,3,3,66,51,14.0,14.0,-48.0,48.0,19.0,19.0,-3.0,3.0,33.0,33.0,-51.0,51.0,-2.0,2.0,0,0,1,2,-2.0445882690695925,3.0573941708339762
2012-05-24 22:00:00,8059,8090,8087,8057,8056,8057,8109,8105,10058,13942,1,1,28,-2,53,48,22,15,3,0,30,25,15,0.7857142857142857,0.7857142857142857,-7.5,7.5,0.10714285714285714,0.10714285714285714,-0.0,0.0,0.8928571428571429,0.8928571428571429,-7.5,7.5,-14.0,14.0,0,0,1,2,-3.472066926050392,-0.14008734500445094
2012-05-25 15:00:00,8117,8195,8142,8116,8100,8081,8159,8237,65000,90532,1,1,25,-1,59,156,17,42,17,35,26,34,77,0.68,0.68,-42.0,42.0,0.68,0.68,-35.0,35.0,1.36,1.36,-77.0,77.0,-25.0,25.0,0,0,1,2,-1.733160496322034,3.167266556987224
2012-05-25 16:00:00,8142,8117,8068,8142,8060,8100,8154,8159,93274,65000,1,1,-74,0,94,59,12,17,8,17,-74,20,34,-0.16216216216216217,0.16216216216216217,100.0,100.0,-0.10810810810810811,0.10810810810810811,100.0,100.0,-0.2702702702702703,0.2702702702702703,100.0,100.0,0.0,0.0,0,1,1,3,-4.230655072317623,-0.17223388948360774
2012-05-25 17:00:00,8070,8142,8135,8068,8061,8060,8138,8154,96384,93274,1,1,65,-2,77,94,3,12,9,8,67,12,20,0.046153846153846156,0.046153846153846156,-6.0,6.0,0.13846153846153847,0.13846153846153847,-4.0,4.0,0.18461538461538463,0.18461538461538463,-10.0,10.0,-32.5,32.5,0,0,1,2,-3.26545595871334,1.3438101073247597
2012-05-29 20:00:00,8349,8424,8370,8348,8313,8348,8379,8436,34277,27769,1,1,21,-1,66,88,9,12,36,0,22,45,12,0.42857142857142855,0.42857142857142855,-12.0,12.0,1.7142857142857142,1.7142857142857142,-0.0,0.0,2.142857142857143,2.142857142857143,-12.0,12.0,-21.0,21.0,0,0,1,2,-3.1522233862617886,0.4614389036317124
2012-05-30 15:00:00,8229,8304,8289,8228,8210,8223,8341,8307,136578,87532,1,1,60,-1,131,84,52,3,19,5,61,71,8,0.8666666666666667,0.8666666666666667,-3.0,3.0,0.31666666666666665,0.31666666666666665,-5.0,5.0,1.1833333333333333,1.1833333333333333,-8.0,8.0,-60.0,60.0,0,0,1,2,-2.6998526128330584,2.2254711125408924
2012-06-01 11:00:00,8150,8216,8186,8148,8080,8131,8197,8235,215246,92763,1,1,36,-2,117,104,11,19,70,17,38,81,36,0.3055555555555556,0.3055555555555556,-9.5,9.5,1.9444444444444444,1.9444444444444444,-8.5,8.5,2.25,2.25,-18.0,18.0,-18.0,18.0,0,0,1,2,-2.7884186146437244,2.9184843548133044
2012-06-04 11:00:00,7743,7900,7753,7741,7658,7726,7779,7900,121257,110335,1,1,10,-2,121,174,26,0,85,15,12,111,15,2.6,2.6,-0.0,0.0,8.5,8.5,-7.5,7.5,11.1,11.1,-7.5,7.5,-5.0,5.0,0,0,1,2,-2.8579877329883523,2.4903238008859745
2012-06-04 12:00:00,7751,7743,7714,7753,7683,7658,7755,7779,65577,121257,1,1,-37,2,72,121,4,26,31,85,-39,35,111,-0.10810810810810811,0.10810810810810811,13.0,13.0,-0.8378378378378378,0.8378378378378378,42.5,42.5,-0.9459459459459459,0.9459459459459459,55.5,55.5,-18.5,18.5,0,0,1,2,-3.26393556430381,1.4471891709109583
2012-06-04 13:00:00,7715,7751,7747,7714,7695,7683,7780,7755,96842,65577,1,1,32,-1,85,72,33,4,20,31,33,53,35,1.03125,1.03125,-4.0,4.0,0.625,0.625,-31.0,31.0,1.65625,1.65625,-35.0,35.0,-32.0,32.0,0,0,1,2,-2.69529599951401,2.17982429219508
2012-06-05 14:00:00,7778,7821,7801,7777,7768,7755,7828,7851,36796,76065,1,1,23,-1,60,96,27,30,10,22,24,37,52,1.173913043478261,1.173913043478261,-30.0,30.0,0.43478260869565216,0.43478260869565216,-22.0,22.0,1.608695652173913,1.608695652173913,-52.0,52.0,-23.0,23.0,0,0,1,2,-2.435489870139673,2.073149764041593
2012-06-08 11:00:00,8108,8285,8110,8107,8085,8056,8131,8285,77015,148209,1,1,2,-1,46,229,21,0,23,51,3,44,51,10.5,10.5,-0.0,0.0,11.5,11.5,-51.0,51.0,22.0,22.0,-51.0,51.0,-2.0,2.0,0,0,1,2,-2.2377709758755184,3.5792540080351785
2012-06-08 15:00:00,8131,8160,8143,8130,8120,8114,8172,8176,41171,55208,1,1,12,-1,52,62,29,16,11,16,13,40,32,2.4166666666666665,2.4166666666666665,-16.0,16.0,0.9166666666666666,0.9166666666666666,-16.0,16.0,3.3333333333333335,3.3333333333333335,-32.0,32.0,-12.0,12.0,0,0,1,2,-2.948729518607525,1.1929746243237052
2012-06-18 22:00:00,8718,8727,8720,8717,8706,8710,8778,8729,20631,5450,1,1,2,-1,72,19,58,2,12,7,3,70,9,29.0,29.0,-2.0,2.0,6.0,6.0,-7.0,7.0,35.0,35.0,-9.0,9.0,-2.0,2.0,0,0,1,2,-2.835402879940329,1.3718182384951145
2012-06-20 12:00:00,8702,8793,8714,8700,8670,8683,8731,8794,55388,108182,1,1,12,-2,61,111,17,1,32,17,14,49,18,1.4166666666666667,1.4166666666666667,-0.5,0.5,2.6666666666666665,2.6666666666666665,-8.5,8.5,4.083333333333333,4.083333333333333,-9.0,9.0,-6.0,6.0,0,0,1,2,-3.20315791025644,0.9700341688844761
2012-06-28 19:00:00,8382,8453,8408,8379,8368,8355,8413,8476,10996,75259,1,1,26,-3,45,121,5,23,14,24,29,19,47,0.19230769230769232,0.19230769230769232,-7.666666666666667,7.666666666666667,0.5384615384615384,0.5384615384615384,-8.0,8.0,0.7307692307692307,0.7307692307692307,-15.666666666666666,15.666666666666666,-8.666666666666666,8.666666666666666,0,0,1,2,-3.0775123713900276,0.5732658094824706
2012-07-02 14:00:00,8852,8870,8865,8850,8815,8845,8867,8888,34940,52464,1,1,13,-2,52,43,2,18,37,5,15,39,23,0.15384615384615385,0.15384615384615385,-9.0,9.0,2.8461538461538463,2.8461538461538463,-2.5,2.5,3.0,3.0,-11.5,11.5,-6.5,6.5,0,0,1,2,-3.234138522380935,0.3314247184188853
2012-07-05 11:00:00,9126,9195,9178,9125,9105,9096,9199,9195,85817,66803,1,1,52,-1,94,99,21,0,21,29,53,42,29,0.40384615384615385,0.40384615384615385,-0.0,0.0,0.40384615384615385,0.40384615384615385,-29.0,29.0,0.8076923076923077,0.8076923076923077,-29.0,29.0,-52.0,52.0,0,0,1,2,-2.282174225804869,1.864077329240156
2012-07-09 16:00:00,9001,9050,9020,9000,8994,9000,9045,9061,50172,40467,1,1,19,-1,51,61,25,11,7,0,20,32,11,1.3157894736842106,1.3157894736842106,-11.0,11.0,0.3684210526315789,0.3684210526315789,-0.0,0.0,1.6842105263157894,1.6842105263157894,-11.0,11.0,-19.0,19.0,0,0,1,2,-3.213984565425214,0.32265900835583516
2012-07-09 20:00:00,9072,9111,9085,9070,9060,9060,9106,9142,9381,17249,1,1,13,-2,46,82,21,31,12,10,15,33,41,1.6153846153846154,1.6153846153846154,-15.5,15.5,0.9230769230769231,0.9230769230769231,-5.0,5.0,2.5384615384615383,2.5384615384615383,-20.5,20.5,-6.5,6.5,0,0,1,2,-2.8329042123945687,0.23956920668962875
2012-07-11 16:00:00,9057,9099,9077,9056,9012,9045,9078,9111,75914,75019,1,1,20,-1,66,66,1,12,45,11,21,46,23,0.05,0.05,-12.0,12.0,2.25,2.25,-11.0,11.0,2.3,2.3,-23.0,23.0,-20.0,20.0,0,0,1,2,-2.853330138228663,1.2351601504814198
2012-07-12 12:00:00,8972,9023,8978,8970,8965,8970,9009,9046,60024,78898,1,1,6,-2,44,76,31,23,7,0,8,38,23,5.166666666666667,5.166666666666667,-11.5,11.5,1.1666666666666667,1.1666666666666667,-0.0,0.0,6.333333333333333,6.333333333333333,-11.5,11.5,-3.0,3.0,0,0,1,2,-3.209222665963046,0.7831179491317026
2012-07-16 14:00:00,9156,9178,9175,9154,9155,9151,9189,9191,26563,26834,1,1,19,-2,34,40,14,13,1,3,21,15,16,0.7368421052631579,0.7368421052631579,-6.5,6.5,0.05263157894736842,0.05263157894736842,-1.5,1.5,0.7894736842105263,0.7894736842105263,-8.0,8.0,-9.5,9.5,0,0,1,2,-3.405606283456596,-0.30445977784096206
2012-07-16 21:00:00,9175,9187,9185,9174,9163,9167,9189,9193,4332,3954,1,1,10,-1,26,26,4,6,12,7,11,16,13,0.4,0.4,-6.0,6.0,1.2,1.2,-7.0,7.0,1.6,1.6,-13.0,13.0,-10.0,10.0,0,0,1,2,-3.375734558335158,-0.525814755732935
2012-07-18 17:00:00,9206,9251,9241,9203,9199,9182,9262,9261,55510,60988,1,1,35,-3,63,79,21,10,7,21,38,28,31,0.6,0.6,-3.3333333333333335,3.3333333333333335,0.2,0.2,-7.0,7.0,0.8,0.8,-10.333333333333334,10.333333333333334,-11.666666666666666,11.666666666666666,0,0,1,2,-3.0147495017190984,0.5353813742137913
2012-07-19 19:00:00,9300,9319,9301,9297,9288,9265,9309,9319,6245,47568,1,1,1,-3,21,54,8,0,12,32,4,20,32,8.0,8.0,-0.0,0.0,12.0,12.0,-10.666666666666666,10.666666666666666,20.0,20.0,-10.666666666666666,10.666666666666666,-0.3333333333333333,0.3333333333333333,0,0,1,2,-3.0932769667601794,0.5596458030956036
2012-07-23 19:00:00,8670,8717,8677,8668,8647,8630,8690,8722,15280,81912,1,1,7,-2,43,92,13,5,23,38,9,36,43,1.8571428571428572,1.8571428571428572,-2.5,2.5,3.2857142857142856,3.2857142857142856,-19.0,19.0,5.142857142857143,5.142857142857143,-21.5,21.5,-3.5,3.5,0,0,1,2,-2.9610368293981373,0.8669779595214675
2012-07-30 11:00:00,9181,9227,9211,9179,9175,9160,9220,9227,42992,68702,1,1,30,-2,45,67,9,0,6,19,32,15,19,0.3,0.3,-0.0,0.0,0.2,0.2,-9.5,9.5,0.5,0.5,-9.5,9.5,-15.0,15.0,0,0,1,2,-3.2707016556295483,0.2500624625727042
2012-07-30 12:00:00,9211,9181,9188,9211,9175,9175,9235,9220,38617,42992,1,1,-23,0,60,45,24,9,13,6,-23,37,15,-1.0434782608695652,1.0434782608695652,100.0,100.0,-0.5652173913043478,0.5652173913043478,100.0,100.0,-1.608695652173913,1.608695652173913,100.0,100.0,0.0,0.0,0,1,1,3,-3.7695438102790586,-0.8282263113423143
2012-07-30 13:00:00,9189,9211,9207,9188,9188,9175,9220,9235,49466,38617,1,1,18,-1,32,60,13,24,1,13,19,14,37,0.7222222222222222,0.7222222222222222,-24.0,24.0,0.05555555555555555,0.05555555555555555,-13.0,13.0,0.7777777777777778,0.7777777777777778,-37.0,37.0,-18.0,18.0,0,0,1,2,-2.757949612865153,0.8755346345992578
2012-08-02 17:00:00,8843,9112,8889,8839,8800,8839,8898,9156,137947,218614,1,1,46,-4,98,317,9,44,43,0,50,52,44,0.1956521739130435,0.1956521739130435,-11.0,11.0,0.9347826086956522,0.9347826086956522,-0.0,0.0,1.1304347826086956,1.1304347826086956,-11.0,11.0,-11.5,11.5,0,0,1,2,-2.525533782275012,2.848078412832927
2012-08-08 21:00:00,9480,9495,9485,9477,9475,9477,9493,9506,4534,6382,1,1,5,-3,18,29,8,11,5,0,8,13,11,1.6,1.6,-3.6666666666666665,3.6666666666666665,1.0,1.0,-0.0,0.0,2.6,2.6,-3.6666666666666665,3.6666666666666665,-1.6666666666666667,1.6666666666666667,0,0,1,2,-3.534799266917785,-0.891078083197942
2012-08-08 22:00:00,9484,9480,9454,9485,9446,9475,9484,9493,7893,4534,1,1,-30,1,38,18,0,8,8,5,-31,8,13,-0.0,0.0,8.0,8.0,-0.26666666666666666,0.26666666666666666,5.0,5.0,-0.26666666666666666,0.26666666666666666,13.0,13.0,-30.0,30.0,0,0,1,2,-3.6280649954781246,-0.9242900388258576
2012-08-08 23:00:00,9456,9484,9459,9454,9453,9446,9481,9484,4543,7893,1,1,3,-2,28,38,22,0,3,8,5,25,8,7.333333333333333,7.333333333333333,-0.0,0.0,1.0,1.0,-4.0,4.0,8.333333333333334,8.333333333333334,-4.0,4.0,-1.5,1.5,0,0,1,2,-3.3937442384325474,-0.5278226783417089
2012-08-15 14:00:00,9265,9298,9285,9263,9262,9262,9288,9309,21322,29044,1,1,20,-2,26,47,3,11,3,1,22,6,12,0.15,0.15,-5.5,5.5,0.15,0.15,-0.5,0.5,0.3,0.3,-6.0,6.0,-10.0,10.0,0,0,1,2,-3.503654236113228,-0.5086840456942598
2012-08-16 10:00:00,9385,9405,9389,9383,9378,9376,9447,9409,48298,7680,1,1,4,-2,69,33,58,4,7,7,6,65,11,14.5,14.5,-2.0,2.0,1.75,1.75,-3.5,3.5,16.25,16.25,-5.5,5.5,-2.0,2.0,0,0,1,2,-2.9552899468914955,0.5667651444621664
2012-08-16 18:00:00,9330,9361,9336,9328,9281,9308,9349,9373,61173,77551,1,1,6,-2,68,65,13,12,49,20,8,62,32,2.1666666666666665,2.1666666666666665,-6.0,6.0,8.166666666666666,8.166666666666666,-10.0,10.0,10.333333333333334,10.333333333333334,-16.0,16.0,-3.0,3.0,0,0,1,2,-2.770655341267938,1.2573152818697249
2012-08-20 17:00:00,9175,9196,9177,9172,9157,9166,9214,9213,50199,31997,1,1,2,-3,57,47,37,17,18,6,5,55,23,18.5,18.5,-5.666666666666667,5.666666666666667,9.0,9.0,-2.0,2.0,27.5,27.5,-7.666666666666667,7.666666666666667,-0.6666666666666666,0.6666666666666666,0,0,1,2,-2.863379604194544,1.300695634455715
2012-08-29 19:00:00,9470,9505,9476,9464,9446,9458,9486,9518,7985,49963,1,1,6,-6,40,60,10,13,24,6,12,34,19,1.6666666666666667,1.6666666666666667,-2.1666666666666665,2.1666666666666665,4.0,4.0,-1.0,1.0,5.666666666666667,5.666666666666667,-3.1666666666666665,3.1666666666666665,-1.0,1.0,0,0,1,2,-3.2240115703694476,-0.22207917618641604
2012-08-30 11:00:00,9406,9502,9433,9405,9393,9400,9446,9502,53758,66656,1,1,27,-1,53,102,13,0,13,5,28,26,5,0.48148148148148145,0.48148148148148145,-0.0,0.0,0.48148148148148145,0.48148148148148145,-5.0,5.0,0.9629629629629629,0.9629629629629629,-5.0,5.0,-27.0,27.0,0,0,1,2,-3.1755080854203483,0.3348097854960403
2012-09-04 13:00:00,9418,9459,9442,9417,9400,9412,9443,9467,30484,33082,1,1,24,-1,43,55,1,8,18,5,25,19,13,0.041666666666666664,0.041666666666666664,-8.0,8.0,0.75,0.75,-5.0,5.0,0.7916666666666666,0.7916666666666666,-13.0,13.0,-24.0,24.0,0,0,1,2,-3.1250031091579444,0.02671132510378667
2012-09-11 22:00:00,9496,9505,9498,9494,9491,9489,9519,9509,220,346,1,1,2,-2,28,20,21,4,5,5,4,26,9,10.5,10.5,-2.0,2.0,2.5,2.5,-2.5,2.5,13.0,13.0,-4.5,4.5,-1.0,1.0,0,0,1,2,-3.3347549123424076,-0.41515357722926155
2012-09-14 20:00:00,9748,9799,9759,9746,9740,9736,9768,9799,3307,14644,1,1,11,-2,28,63,9,0,8,10,13,17,10,0.8181818181818182,0.8181818181818182,-0.0,0.0,0.7272727272727273,0.7272727272727273,-5.0,5.0,1.5454545454545454,1.5454545454545454,-5.0,5.0,-5.5,5.5,0,0,1,2,-3.3320980964235383,-0.7633081500171054
2012-09-18 13:00:00,9695,9743,9706,9694,9680,9657,9722,9757,31469,74345,1,1,11,-1,42,100,16,14,15,37,12,31,51,1.4545454545454546,1.4545454545454546,-14.0,14.0,1.3636363636363635,1.3636363636363635,-37.0,37.0,2.8181818181818183,2.8181818181818183,-51.0,51.0,-11.0,11.0,0,0,1,2,-2.1720431532057614,1.4969948407861866
2012-09-19 22:00:00,9493,9534,9512,9492,9489,9470,9513,9537,9525,11608,1,1,19,-1,24,67,1,3,4,22,20,5,25,0.05263157894736842,0.05263157894736842,-3.0,3.0,0.21052631578947367,0.21052631578947367,-22.0,22.0,0.2631578947368421,0.2631578947368421,-25.0,25.0,-19.0,19.0,0,0,1,2,-2.966033147587397,-0.08109071689097706
2012-09-20 11:00:00,9427,9505,9432,9425,9371,9411,9444,9505,140393,113262,1,1,5,-2,73,94,12,0,56,14,7,68,14,2.4,2.4,-0.0,0.0,11.2,11.2,-7.0,7.0,13.6,13.6,-7.0,7.0,-2.5,2.5,0,0,1,2,-3.0036947826667135,1.9263196458025467
2012-09-25 14:00:00,9449,9507,9468,9448,9449,9448,9479,9512,26148,49878,1,1,19,-1,30,64,11,5,0,0,20,11,5,0.5789473684210527,0.5789473684210527,-5.0,5.0,0.0,0.0,-0.0,0.0,0.5789473684210527,0.5789473684210527,-5.0,5.0,-19.0,19.0,0,0,1,2,-3.4181631201473146,-0.29213411540909134
2012-09-26 10:00:00,9384,9407,9385,9380,9353,9375,9399,9408,69278,19714,1,1,1,-4,46,33,14,1,31,5,5,45,6,14.0,14.0,-0.25,0.25,31.0,31.0,-1.25,1.25,45.0,45.0,-1.5,1.5,-0.25,0.25,0,0,1,1,-2.941136654057818,1.750981635509031
2012-09-27 18:00:00,9090,9160,9099,9089,9045,9081,9113,9163,63212,46840,1,1,9,-1,68,82,14,3,45,8,10,59,11,1.5555555555555556,1.5555555555555556,-3.0,3.0,5.0,5.0,-8.0,8.0,6.555555555555555,6.555555555555555,-11.0,11.0,-9.0,9.0,0,0,1,2,-3.0270373355515847,0.7690350910874558
2012-10-10 16:00:00,9300,9314,9311,9299,9296,9295,9315,9321,18702,28545,1,1,11,-1,19,26,4,7,4,4,12,8,11,0.36363636363636365,0.36363636363636365,-7.0,7.0,0.36363636363636365,0.36363636363636365,-4.0,4.0,0.7272727272727273,0.7272727272727273,-11.0,11.0,-11.0,11.0,0,0,1,2,-3.4899107844061033,-0.45128949698844034
2012-10-15 19:00:00,9230,9248,9242,9225,9216,9202,9248,9255,10085,61343,1,1,12,-5,32,53,6,7,14,23,17,20,30,0.5,0.5,-1.4,1.4,1.1666666666666667,1.1666666666666667,-4.6,4.6,1.6666666666666667,1.6666666666666667,-6.0,6.0,-2.4,2.4,0,0,1,2,-3.3304359537733714,-0.20911002749464744
2012-10-16 11:00:00,9281,9293,9288,9280,9280,9278,9300,9316,25681,38296,1,1,7,-1,20,38,12,23,1,2,8,13,25,1.7142857142857142,1.7142857142857142,-23.0,23.0,0.14285714285714285,0.14285714285714285,-2.0,2.0,1.8571428571428572,1.8571428571428572,-25.0,25.0,-7.0,7.0,0,0,1,2,-3.1541549438751866,0.14968797748986323
2012-10-23 15:00:00,9387,9447,9423,9385,9381,9377,9426,9451,48188,97100,1,1,36,-2,45,74,3,4,6,8,38,9,12,0.08333333333333333,0.08333333333333333,-2.0,2.0,0.16666666666666666,0.16666666666666666,-4.0,4.0,0.25,0.25,-6.0,6.0,-18.0,18.0,0,0,1,2,-3.3349567356216503,0.287487307264612
2012-10-23 22:00:00,9438,9442,9441,9435,9428,9421,9448,9458,3796,6346,1,1,3,-3,20,37,7,16,10,14,6,17,30,2.3333333333333335,2.3333333333333335,-5.333333333333333,5.333333333333333,3.3333333333333335,3.3333333333333335,-4.666666666666667,4.666666666666667,5.666666666666667,5.666666666666667,-10.0,10.0,-1.0,1.0,0,0,1,2,-3.2503657149160596,-0.432768356021273
2012-10-30 22:00:00,9171,9177,9174,9169,9166,9163,9177,9179,855,4729,1,1,3,-2,11,16,3,2,5,6,5,8,8,1.0,1.0,-1.0,1.0,1.6666666666666667,1.6666666666666667,-3.0,3.0,2.6666666666666665,2.6666666666666665,-4.0,4.0,-1.5,1.5,0,0,1,2,-3.716316489598888,-0.9524314108960842
2012-11-01 11:00:00,9241,9247,9244,9240,9220,9221,9252,9255,36073,29739,1,1,3,-1,32,34,8,8,21,19,4,29,27,2.6666666666666665,2.6666666666666665,-8.0,8.0,7.0,7.0,-19.0,19.0,9.666666666666666,9.666666666666666,-27.0,27.0,-3.0,3.0,0,0,1,2,-2.95943928249142,0.6756385989463967
2012-11-01 21:00:00,9274,9285,9277,9273,9262,9273,9288,9289,5215,2941,1,1,3,-1,26,16,11,4,12,0,4,23,4,3.6666666666666665,3.6666666666666665,-4.0,4.0,4.0,4.0,-0.0,0.0,7.666666666666667,7.666666666666667,-4.0,4.0,-3.0,3.0,0,0,1,2,-3.5255735313144774,-0.6077850538147209
2012-11-07 11:00:00,9220,9242,9222,9218,9205,9211,9238,9252,32970,26437,1,1,2,-2,33,41,16,10,15,7,4,31,17,8.0,8.0,-5.0,5.0,7.5,7.5,-3.5,3.5,15.5,15.5,-8.5,8.5,-1.0,1.0,0,0,1,2,-3.2317949949574456,0.37424847468767436
2012-11-08 16:00:00,8793,8875,8829,8792,8792,8774,8840,8879,51159,131872,1,1,36,-1,48,105,11,4,1,18,37,12,22,0.3055555555555556,0.3055555555555556,-4.0,4.0,0.027777777777777776,0.027777777777777776,-18.0,18.0,0.3333333333333333,0.3333333333333333,-22.0,22.0,-36.0,36.0,0,0,1,2,-2.9911169815560514,1.3245579509790584
2012-11-14 22:00:00,8492,8502,8497,8490,8486,8479,8505,8503,5399,5106,1,1,5,-2,19,24,8,1,6,11,7,14,12,1.6,1.6,-0.5,0.5,1.2,1.2,-5.5,5.5,2.8,2.8,-6.0,6.0,-2.5,2.5,0,0,1,2,-3.745743802389973,-0.6323217321996536
2012-11-16 14:00:00,8579,8624,8593,8575,8562,8568,8594,8625,25456,46308,1,1,14,-4,32,57,1,1,17,7,18,18,8,0.07142857142857142,0.07142857142857142,-0.25,0.25,1.2142857142857142,1.2142857142857142,-1.75,1.75,1.2857142857142858,1.2857142857142858,-2.0,2.0,-3.5,3.5,0,0,1,2,-3.7187649655615376,-0.32780575403931045
2012-11-26 17:00:00,8952,8976,8975,8951,8938,8930,8975,8983,33928,40066,1,1,23,-1,37,53,0,7,14,21,24,14,28,0.0,0.0,-7.0,7.0,0.6086956521739131,0.6086956521739131,-21.0,21.0,0.6086956521739131,0.6086956521739131,-28.0,28.0,-23.0,23.0,0,0,1,2,-2.971938143122519,0.5795784479117461
2012-11-27 13:00:00,8966,9000,8970,8965,8945,8964,8989,9012,36489,51023,1,1,4,-1,44,48,19,12,21,1,5,40,13,4.75,4.75,-12.0,12.0,5.25,5.25,-1.0,1.0,10.0,10.0,-13.0,13.0,-4.0,4.0,0,0,1,2,-3.219265884895222,0.5500259786820897
2012-11-29 14:00:00,8858,8885,8864,8854,8857,8843,8883,8888,30329,26458,1,1,6,-4,26,45,19,3,1,11,10,20,14,3.1666666666666665,3.1666666666666665,-0.75,0.75,0.16666666666666666,0.16666666666666666,-2.75,2.75,3.3333333333333335,3.3333333333333335,-3.5,3.5,-1.5,1.5,0,0,1,2,-3.6059402407055865,-0.3390981310495684
2012-12-06 11:00:00,9391,9431,9393,9389,9367,9380,9405,9431,31666,54519,1,1,2,-2,38,51,12,0,24,9,4,36,9,6.0,6.0,-0.0,0.0,12.0,12.0,-4.5,4.5,18.0,18.0,-4.5,4.5,-1.0,1.0,0,0,1,2,-3.2377985869765564,0.51876593330261
2012-12-24 18:00:00,9378,9387,9382,9377,9366,9366,9383,9390,18838,25603,1,1,4,-1,17,24,1,3,12,11,5,13,14,0.25,0.25,-3.0,3.0,3.0,3.0,-11.0,11.0,3.25,3.25,-14.0,14.0,-4.0,4.0,0,0,1,2,-3.4229282389493383,-0.3331257191808621
2012-12-24 21:00:00,9384,9393,9386,9383,9384,9378,9392,9395,2090,3404,1,1,2,-1,8,17,6,2,0,5,3,6,7,3.0,3.0,-2.0,2.0,0.0,0.0,-5.0,5.0,3.0,3.0,-7.0,7.0,-2.0,2.0,0,0,1,2,-3.646074166712504,-0.920671128127423
2013-01-09 14:00:00,9922,9943,9925,9918,9919,9909,9934,9948,7996,18118,1,1,3,-4,15,39,9,5,3,9,7,12,14,3.0,3.0,-1.25,1.25,1.0,1.0,-2.25,2.25,4.0,4.0,-3.5,3.5,-0.75,0.75,0,0,1,2,-3.408309791803164,-0.8123034043466065
2013-01-14 15:00:00,10156,10190,10163,10155,10146,10153,10168,10192,16165,33411,1,1,7,-1,22,39,5,2,10,2,8,15,4,0.7142857142857143,0.7142857142857143,-2.0,2.0,1.4285714285714286,1.4285714285714286,-2.0,2.0,2.142857142857143,2.142857142857143,-4.0,4.0,-7.0,7.0,0,0,1,2,-3.3892581741618435,-0.7252077137680631
2013-01-16 20:00:00,10085,10089,10087,10083,10083,10082,10093,10100,3493,15073,1,1,2,-2,10,18,6,11,2,1,4,8,12,3.0,3.0,-5.5,5.5,1.0,1.0,-0.5,0.5,4.0,4.0,-6.0,6.0,-1.0,1.0,0,0,1,2,-3.4249530836777065,-0.9044288923797472
2013-01-22 11:00:00,10394,10452,10409,10392,10373,10390,10409,10468,34344,59643,1,1,15,-2,36,78,0,16,21,2,17,21,18,0.0,0.0,-8.0,8.0,1.4,1.4,-1.0,1.0,1.4,1.4,-9.0,9.0,-7.5,7.5,0,0,1,2,-3.0248946749710686,-0.14594192063128464
2013-01-23 20:00:00,10373,10417,10382,10371,10366,10355,10386,10423,4940,25294,1,1,9,-2,20,68,4,6,7,16,11,11,22,0.4444444444444444,0.4444444444444444,-3.0,3.0,0.7777777777777778,0.7777777777777778,-8.0,8.0,1.2222222222222223,1.2222222222222223,-11.0,11.0,-4.5,4.5,0,0,1,2,-3.077438937182604,-0.6451633225085347
2013-01-28 22:00:00,10790,10805,10792,10788,10786,10788,10798,10807,3639,6346,1,1,2,-2,12,19,6,2,4,0,4,10,2,3.0,3.0,-1.0,1.0,2.0,2.0,-0.0,0.0,5.0,5.0,-1.0,1.0,-1.0,1.0,0,0,1,2,-3.36200068130295,-1.2047480899623544
2013-01-31 23:00:00,11022,11028,11025,11020,11010,11010,11038,11030,6534,6889,1,1,3,-2,28,20,13,2,12,10,5,25,12,4.333333333333333,4.333333333333333,-1.0,1.0,4.0,4.0,-5.0,5.0,8.333333333333334,8.333333333333334,-6.0,6.0,-1.5,1.5,0,0,1,2,-2.9777147989363915,-0.7384087047220494
2013-02-01 20:00:00,10853,10871,10864,10851,10849,10811,10872,10883,9692,46145,1,1,11,-2,23,72,8,12,4,40,13,12,52,0.7272727272727273,0.7272727272727273,-6.0,6.0,0.36363636363636365,0.36363636363636365,-20.0,20.0,1.0909090909090908,1.0909090909090908,-26.0,26.0,-5.5,5.5,0,0,1,2,-2.503541692590223,0.03713015646826586
2013-02-07 17:00:00,10548,10594,10570,10547,10525,10542,10585,10632,130603,107372,1,1,22,-1,60,90,15,38,23,5,23,38,43,0.6818181818181818,0.6818181818181818,-38.0,38.0,1.0454545454545454,1.0454545454545454,-5.0,5.0,1.7272727272727273,1.7272727272727273,-43.0,43.0,-22.0,22.0,0,0,1,2,-2.100986777764281,2.1725408542538824
2013-02-07 20:00:00,10494,10579,10500,10493,10483,10463,10510,10593,13279,66559,1,1,6,-1,27,130,10,14,11,30,7,21,44,1.6666666666666667,1.6666666666666667,-14.0,14.0,1.8333333333333333,1.8333333333333333,-30.0,30.0,3.5,3.5,-44.0,44.0,-6.0,6.0,0,0,1,2,-2.200842221306214,0.8737895665209139
2013-02-08 12:00:00,10523,10596,10538,10522,10513,10510,10568,10606,73919,92552,1,1,15,-1,55,96,30,10,10,12,16,40,22,2.0,2.0,-10.0,10.0,0.6666666666666666,0.6666666666666666,-12.0,12.0,2.6666666666666665,2.6666666666666665,-22.0,22.0,-15.0,15.0,0,0,1,2,-2.557652858937722,0.9919153838179886
2013-02-11 15:00:00,10772,10805,10780,10770,10748,10746,10809,10808,47819,58229,1,1,8,-2,61,62,29,3,24,24,10,53,27,3.625,3.625,-1.5,1.5,3.0,3.0,-12.0,12.0,6.625,6.625,-13.5,13.5,-4.0,4.0,0,0,1,2,-2.556953342876117,0.4767888381849255
2013-02-11 22:00:00,10686,10705,10689,10684,10683,10671,10699,10707,3399,10843,1,1,3,-2,16,36,10,2,3,13,5,13,15,3.3333333333333335,3.3333333333333335,-1.0,1.0,1.0,1.0,-6.5,6.5,4.333333333333333,4.333333333333333,-7.5,7.5,-1.5,1.5,0,0,1,2,-3.1445439630386196,-0.8803399940165905
2013-02-20 15:00:00,10738,10816,10744,10737,10717,10719,10765,10816,63863,125109,1,1,6,-1,48,97,21,0,21,18,7,42,18,3.5,3.5,-0.0,0.0,3.5,3.5,-18.0,18.0,7.0,7.0,-18.0,18.0,-6.0,6.0,0,0,1,2,-2.661948791374602,1.024678847344277
2013-02-20 19:00:00,10803,10834,10812,10801,10791,10793,10846,10855,48736,74024,1,1,9,-2,55,62,34,21,12,8,11,46,29,3.7777777777777777,3.7777777777777777,-10.5,10.5,1.3333333333333333,1.3333333333333333,-4.0,4.0,5.111111111111111,5.111111111111111,-14.5,14.5,-4.5,4.5,0,0,1,2,-2.586267449910851,0.491937793735645
2013-02-22 16:00:00,10646,10686,10654,10644,10643,10614,10685,10695,58260,110858,1,1,8,-2,42,81,31,9,3,30,10,34,39,3.875,3.875,-4.5,4.5,0.375,0.375,-15.0,15.0,4.25,4.25,-19.5,19.5,-4.0,4.0,0,0,1,2,-2.61852476189691,0.8784997428159979
2013-02-22 17:00:00,10654,10646,10630,10654,10625,10643,10657,10685,30820,58260,1,1,-24,0,32,42,3,31,5,3,-24,8,34,-0.125,0.125,100.0,100.0,-0.20833333333333334,0.20833333333333334,100.0,100.0,-0.3333333333333333,0.3333333333333333,100.0,100.0,0.0,0.0,0,1,1,3,-3.544509262870254,-1.1684208448023143
2013-02-22 18:00:00,10631,10654,10632,10630,10615,10625,10660,10657,46635,30820,1,1,1,-1,45,32,28,3,16,5,2,44,8,28.0,28.0,-3.0,3.0,16.0,16.0,-5.0,5.0,44.0,44.0,-8.0,8.0,-1.0,1.0,0,0,1,1,-2.552052681951091,1.5390732018245705
2013-02-25 15:00:00,10689,10702,10696,10688,10689,10677,10707,10712,26147,54777,1,1,7,-1,18,35,11,10,0,11,8,11,21,1.5714285714285714,1.5714285714285714,-10.0,10.0,0.0,0.0,-11.0,11.0,1.5714285714285714,1.5714285714285714,-21.0,21.0,-7.0,7.0,0,0,1,2,-2.937171711890941,-0.15027729563887604
2013-02-25 18:00:00,10682,10694,10683,10681,10677,10658,10706,10698,52618,47810,1,1,1,-1,29,40,23,4,5,23,2,28,27,23.0,23.0,-4.0,4.0,5.0,5.0,-23.0,23.0,28.0,28.0,-27.0,27.0,-1.0,1.0,0,0,1,2,-2.4481898651817344,1.4258298581351625
2013-02-26 12:00:00,10438,10494,10480,10437,10428,10410,10498,10502,74197,127831,1,1,42,-1,70,92,18,8,10,27,43,28,35,0.42857142857142855,0.42857142857142855,-8.0,8.0,0.23809523809523808,0.23809523809523808,-27.0,27.0,0.6666666666666666,0.6666666666666666,-35.0,35.0,-42.0,42.0,0,0,1,2,-2.106135703249876,1.8124890935264593
2013-02-26 18:00:00,10397,10434,10425,10395,10391,10360,10446,10441,75584,91749,1,1,28,-2,55,81,21,7,6,35,30,27,42,0.75,0.75,-3.5,3.5,0.21428571428571427,0.21428571428571427,-17.5,17.5,0.9642857142857143,0.9642857142857143,-21.0,21.0,-14.0,14.0,0,0,1,2,-2.5614935971701396,0.9879284195873691
2013-02-27 11:00:00,10454,10491,10460,10453,10446,10428,10479,10491,47142,60267,1,1,6,-1,33,63,19,0,8,25,7,27,25,3.1666666666666665,3.1666666666666665,-0.0,0.0,1.3333333333333333,1.3333333333333333,-25.0,25.0,4.5,4.5,-25.0,25.0,-6.0,6.0,0,0,1,2,-2.7265859780848567,0.5035258497974816
2013-02-27 15:00:00,10380,10410,10403,10379,10337,10368,10416,10433,89507,70711,1,1,23,-1,79,65,13,23,43,11,24,56,34,0.5652173913043478,0.5652173913043478,-23.0,23.0,1.8695652173913044,1.8695652173913044,-11.0,11.0,2.4347826086956523,2.4347826086956523,-34.0,34.0,-23.0,23.0,0,0,1,2,-2.147808392485984,1.5597531245678191
2013-03-01 11:00:00,10378,10468,10393,10376,10370,10374,10407,10468,69779,79037,1,1,15,-2,37,94,14,0,8,2,17,22,2,0.9333333333333333,0.9333333333333333,-0.0,0.0,0.5333333333333333,0.5333333333333333,-1.0,1.0,1.4666666666666666,1.4666666666666666,-1.0,1.0,-7.5,7.5,0,0,1,2,-3.2789703382823157,-0.02989861045185147
2013-03-01 21:00:00,10381,10389,10382,10379,10372,10369,10388,10393,6404,18391,1,1,1,-2,16,24,6,4,9,10,3,15,14,6.0,6.0,-2.0,2.0,9.0,9.0,-5.0,5.0,15.0,15.0,-7.0,7.0,-0.5,0.5,0,0,1,2,-3.1374434137456553,-0.3201989341087765
2013-03-05 13:00:00,10404,10431,10416,10401,10400,10396,10427,10441,31267,57733,1,1,12,-3,27,45,11,10,4,5,15,15,15,0.9166666666666666,0.9166666666666666,-3.3333333333333335,3.3333333333333335,0.3333333333333333,0.3333333333333333,-1.6666666666666667,1.6666666666666667,1.25,1.25,-5.0,5.0,-4.0,4.0,0,0,1,2,-3.2359043121279667,-0.4518499755402325
2013-03-06 19:00:00,10560,10592,10574,10551,10547,10542,10590,10603,33671,60279,1,1,14,-9,43,61,16,11,13,9,23,29,20,1.1428571428571428,1.1428571428571428,-1.2222222222222223,1.2222222222222223,0.9285714285714286,0.9285714285714286,-1.0,1.0,2.0714285714285716,2.0714285714285716,-2.2222222222222223,2.2222222222222223,-1.5555555555555556,1.5555555555555556,0,0,1,2,-2.9967231055274612,-0.34481169100329034
2013-03-11 14:00:00,10548,10576,10567,10547,10536,10540,10569,10610,4535,12528,1,1,19,-1,33,70,2,34,12,7,20,14,41,0.10526315789473684,0.10526315789473684,-34.0,34.0,0.631578947368421,0.631578947368421,-7.0,7.0,0.7368421052631579,0.7368421052631579,-41.0,41.0,-19.0,19.0,0,0,1,2,-2.2318383604714933,0.29409939074024416
2013-03-13 20:00:00,10285,10304,10301,10282,10284,10275,10308,10319,4796,12449,1,1,16,-3,24,44,7,15,1,7,19,8,22,0.4375,0.4375,-5.0,5.0,0.0625,0.0625,-2.3333333333333335,2.3333333333333335,0.5,0.5,-7.333333333333333,7.333333333333333,-5.333333333333333,5.333333333333333,0,0,1,2,-3.1574325823944576,-0.8476137905637438
2013-03-14 15:00:00,10259,10309,10286,10258,10254,10250,10299,10314,41666,28890,1,1,27,-1,45,64,13,5,5,8,28,18,13,0.48148148148148145,0.48148148148148145,-5.0,5.0,0.18518518518518517,0.18518518518518517,-8.0,8.0,0.6666666666666666,0.6666666666666666,-13.0,13.0,-27.0,27.0,0,0,1,2,-2.8731671732806836,-0.009235939636981296
2013-03-26 19:00:00,9588,9606,9589,9580,9573,9572,9603,9618,13245,88797,1,1,1,-8,30,46,14,12,15,8,9,29,20,14.0,14.0,-1.5,1.5,15.0,15.0,-1.0,1.0,29.0,29.0,-2.5,2.5,-0.125,0.125,0,0,1,2,-3.036845596499663,0.9502281720672254
2013-03-27 20:00:00,9549,9555,9552,9547,9543,9515,9557,9558,6987,27291,1,1,3,-2,14,43,5,3,6,32,5,11,35,1.6666666666666667,1.6666666666666667,-1.5,1.5,2.0,2.0,-16.0,16.0,3.6666666666666665,3.6666666666666665,-17.5,17.5,-1.5,1.5,0,0,1,2,-3.169089871598939,-0.2089343864287413
2013-03-29 11:00:00,9737,9802,9759,9736,9728,9732,9776,9809,36996,60537,1,1,22,-1,48,77,17,7,9,4,23,26,11,0.7727272727272727,0.7727272727272727,-7.0,7.0,0.4090909090909091,0.4090909090909091,-4.0,4.0,1.1818181818181819,1.1818181818181819,-11.0,11.0,-22.0,22.0,0,0,1,2,-3.0288502556212875,0.20522257811821543
2013-03-29 18:00:00,9748,9759,9754,9747,9747,9732,9773,9759,16888,21269,1,1,6,-1,26,27,19,0,1,15,7,20,15,3.1666666666666665,3.1666666666666665,-0.0,0.0,0.16666666666666666,0.16666666666666666,-15.0,15.0,3.3333333333333335,3.3333333333333335,-15.0,15.0,-6.0,6.0,0,0,1,2,-3.201367674536021,-0.30603171806146917
2013-04-04 20:00:00,9834,9844,9838,9833,9824,9815,9843,9849,8802,18107,1,1,4,-1,19,34,5,5,10,18,5,15,23,1.25,1.25,-5.0,5.0,2.5,2.5,-18.0,18.0,3.75,3.75,-23.0,23.0,-4.0,4.0,0,0,1,2,-3.0447665973290166,-0.19458915200585458
2013-04-05 12:00:00,9793,9845,9804,9791,9781,9775,9820,9847,43776,104717,1,1,11,-2,39,72,16,2,12,16,13,28,18,1.4545454545454546,1.4545454545454546,-1.0,1.0,1.0909090909090908,1.0909090909090908,-8.0,8.0,2.5454545454545454,2.5454545454545454,-9.0,9.0,-5.5,5.5,0,0,1,2,-3.1873775368963693,0.36257940125222815
2013-04-05 17:00:00,9727,9787,9752,9726,9715,9685,9780,9795,72075,125537,1,1,25,-1,65,110,28,8,12,41,26,40,49,1.12,1.12,-8.0,8.0,0.48,0.48,-41.0,41.0,1.6,1.6,-49.0,49.0,-25.0,25.0,0,0,1,2,-2.027240012946174,2.275636050372899
2013-04-09 21:00:00,10108,10118,10113,10107,10106,10099,10121,10121,7382,15906,1,1,5,-1,15,22,8,3,2,8,6,10,11,1.6,1.6,-3.0,3.0,0.4,0.4,-8.0,8.0,2.0,2.0,-11.0,11.0,-5.0,5.0,0,0,1,2,-3.316396558914542,-0.7662624566993974
2013-04-11 22:00:00,10052,10060,10054,10050,10040,10047,10058,10069,2975,3415,1,1,2,-2,18,22,4,9,12,3,4,16,12,2.0,2.0,-4.5,4.5,6.0,6.0,-1.5,1.5,8.0,8.0,-6.0,6.0,-1.0,1.0,0,0,1,2,-3.300056873906265,-0.713060739134517
2013-04-15 21:00:00,9608,9622,9614,9607,9586,9593,9624,9655,8754,18158,1,1,6,-1,38,62,10,33,22,14,7,32,47,1.6666666666666667,1.6666666666666667,-33.0,33.0,3.6666666666666665,3.6666666666666665,-14.0,14.0,5.333333333333333,5.333333333333333,-47.0,47.0,-6.0,6.0,0,0,1,2,-2.3030863152346885,0.8722872905097799
2013-04-19 21:00:00,9705,9731,9713,9702,9682,9695,9725,9737,11182,8807,1,1,8,-3,43,42,12,6,23,7,11,35,13,1.5,1.5,-2.0,2.0,2.875,2.875,-2.3333333333333335,2.3333333333333335,4.375,4.375,-4.333333333333333,4.333333333333333,-2.6666666666666665,2.6666666666666665,0,0,1,2,-3.2076095648183442,-0.5269217383467301
2013-04-22 19:00:00,9592,9617,9613,9579,9576,9563,9625,9619,14519,69464,1,1,21,-13,49,56,12,2,16,16,34,28,18,0.5714285714285714,0.5714285714285714,-0.15384615384615385,0.15384615384615385,0.7619047619047619,0.7619047619047619,-1.2307692307692308,1.2307692307692308,1.3333333333333333,1.3333333333333333,-1.3846153846153846,1.3846153846153846,-1.6153846153846154,1.6153846153846154,0,0,1,2,-3.1996275953959503,-0.3386353700594621
2013-04-24 21:00:00,9896,9910,9901,9895,9893,9886,9915,9914,4021,9735,1,1,5,-1,22,28,14,4,3,9,6,17,13,2.8,2.8,-4.0,4.0,0.6,0.6,-9.0,9.0,3.4,3.4,-13.0,13.0,-5.0,5.0,0,0,1,2,-3.2245393742269184,-0.5966217445659968
2013-05-08 23:00:00,10662,10677,10669,10661,10660,10652,10680,10686,5084,5400,1,1,7,-1,20,34,11,9,2,9,8,13,18,1.5714285714285714,1.5714285714285714,-9.0,9.0,0.2857142857142857,0.2857142857142857,-9.0,9.0,1.8571428571428572,1.8571428571428572,-18.0,18.0,-7.0,7.0,0,0,1,2,-2.9343697987412716,-0.6565659443117763
2013-05-10 10:00:00,10654,10662,10604,10669,10581,10660,10654,10680,50256,5084,1,1,-50,15,73,20,0,11,23,2,-65,23,13,-0.0,0.0,0.7333333333333333,0.7333333333333333,-0.46,0.46,0.13333333333333333,0.13333333333333333,-0.46,0.46,0.8666666666666667,0.8666666666666667,-3.3333333333333335,3.3333333333333335,0,0,1,2,-3.6182119853094012,-0.8677944183125426
2013-05-10 11:00:00,10607,10654,10620,10604,10593,10581,10658,10654,37780,50256,1,1,13,-3,65,73,38,0,14,23,16,52,23,2.923076923076923,2.923076923076923,-0.0,0.0,1.0769230769230769,1.0769230769230769,-7.666666666666667,7.666666666666667,4.0,4.0,-7.666666666666667,7.666666666666667,-4.333333333333333,4.333333333333333,0,0,1,2,-2.674386189207681,0.1326930219819574
2013-05-13 22:00:00,10384,10403,10387,10383,10375,10381,10389,10409,4191,4968,1,1,3,-1,14,28,2,6,9,2,4,11,8,0.6666666666666666,0.6666666666666666,-6.0,6.0,3.0,3.0,-2.0,2.0,3.6666666666666665,3.6666666666666665,-8.0,8.0,-3.0,3.0,0,0,1,2,-3.2926254662772267,-0.9339443993545486
2013-05-14 13:00:00,10446,10467,10463,10444,10431,10403,10496,10473,45812,51279,1,1,17,-2,65,70,33,6,15,41,19,48,47,1.9411764705882353,1.9411764705882353,-3.0,3.0,0.8823529411764706,0.8823529411764706,-20.5,20.5,2.823529411764706,2.823529411764706,-23.5,23.5,-8.5,8.5,0,0,1,2,-2.325147944164139,0.7558854600567205
2013-05-14 14:00:00,10464,10446,10410,10463,10409,10431,10478,10496,44296,45812,1,1,-54,-1,69,65,14,33,1,15,-53,15,48,-0.25925925925925924,0.25925925925925924,-33.0,33.0,-0.018518518518518517,0.018518518518518517,-15.0,15.0,-0.2777777777777778,0.2777777777777778,-48.0,48.0,54.0,54.0,0,0,1,2,-2.5153688785467536,0.6486871562871077
2013-05-14 15:00:00,10411,10464,10440,10410,10377,10409,10460,10478,74434,44296,1,1,29,-1,83,69,20,14,34,1,30,54,15,0.6896551724137931,0.6896551724137931,-14.0,14.0,1.1724137931034482,1.1724137931034482,-1.0,1.0,1.8620689655172413,1.8620689655172413,-15.0,15.0,-29.0,29.0,0,0,1,2,-2.4739846959708522,0.7476548367828665
2013-05-17 20:00:00,10555,10574,10556,10554,10547,10536,10566,10574,3136,9073,1,1,1,-1,19,38,10,0,8,18,2,18,18,10.0,10.0,-0.0,0.0,8.0,8.0,-18.0,18.0,18.0,18.0,-18.0,18.0,-1.0,1.0,0,0,1,2,-2.80383462285179,0.05272432750199403
2013-05-20 16:00:00,10629,10658,10634,10628,10607,10616,10682,10677,58114,61617,1,1,5,-1,75,61,48,19,22,12,6,70,31,9.6,9.6,-19.0,19.0,4.4,4.4,-12.0,12.0,14.0,14.0,-31.0,31.0,-5.0,5.0,0,0,1,2,-2.0666573133888066,1.5173103771167349
2013-05-20 23:00:00,10711,10719,10712,10710,10710,10707,10726,10728,3305,3549,1,1,1,-1,16,21,14,9,1,3,2,15,12,14.0,14.0,-9.0,9.0,1.0,1.0,-3.0,3.0,15.0,15.0,-12.0,12.0,-1.0,1.0,0,0,1,2,-2.9894188445690517,-0.39445546791550806
2013-05-31 12:00:00,9887,10081,9896,9885,9876,9856,9922,10095,70873,178714,1,1,9,-2,46,239,26,14,11,29,11,37,43,2.888888888888889,2.888888888888889,-7.0,7.0,1.2222222222222223,1.2222222222222223,-14.5,14.5,4.111111111111111,4.111111111111111,-21.5,21.5,-4.5,4.5,0,0,1,2,-2.515782127053458,1.8371736043251048
2013-06-04 16:00:00,9963,9982,9964,9962,9950,9899,10011,9982,67086,87440,1,1,1,-1,61,83,47,0,13,63,2,60,63,47.0,47.0,-0.0,0.0,13.0,13.0,-63.0,63.0,60.0,60.0,-63.0,63.0,-1.0,1.0,0,0,1,1,-1.12770681154882,4.773327703623326
2013-06-04 22:00:00,9859,9876,9867,9858,9825,9822,9880,9883,13459,14165,1,1,8,-1,55,61,13,7,34,36,9,47,43,1.625,1.625,-7.0,7.0,4.25,4.25,-36.0,36.0,5.875,5.875,-43.0,43.0,-8.0,8.0,0,0,1,2,-2.1841128754291037,0.9027121950007347
2013-06-05 23:00:00,9703,9722,9705,9702,9693,9693,9733,9727,14995,11684,1,1,2,-1,40,34,28,5,10,9,3,38,14,14.0,14.0,-5.0,5.0,5.0,5.0,-9.0,9.0,19.0,19.0,-14.0,14.0,-2.0,2.0,0,0,1,2,-2.9229964114146623,0.395762839568847
2013-06-10 14:00:00,10068,10099,10084,10065,10060,10065,10114,10107,3093,2803,1,1,16,-3,54,42,30,8,8,0,19,38,8,1.875,1.875,-2.6666666666666665,2.6666666666666665,0.5,0.5,-0.0,0.0,2.375,2.375,-2.6666666666666665,2.6666666666666665,-5.333333333333333,5.333333333333333,0,0,1,2,-3.0776629415863836,-0.7521224549126548
2013-06-11 12:00:00,9787,9940,9801,9780,9779,9701,9810,9941,5448,19071,1,1,14,-7,31,240,9,1,8,79,21,17,80,0.6428571428571429,0.6428571428571429,-0.14285714285714285,0.14285714285714285,0.5714285714285714,0.5714285714285714,-11.285714285714286,11.285714285714286,1.2142857142857142,1.2142857142857142,-11.428571428571429,11.428571428571429,-2.0,2.0,0,0,1,2,-2.445993721749876,0.1332763133375559
2013-06-11 13:00:00,9801,9787,9692,9801,9676,9779,9803,9810,12231,5448,1,1,-109,0,127,31,2,9,16,8,-109,18,17,-0.01834862385321101,0.01834862385321101,100.0,100.0,-0.14678899082568808,0.14678899082568808,100.0,100.0,-0.1651376146788991,0.1651376146788991,100.0,100.0,0.0,0.0,0,1,1,3,-3.936476535508026,-1.6563724779500406
2013-06-11 14:00:00,9696,9801,9731,9692,9674,9676,9746,9803,10186,12231,1,1,35,-4,72,127,15,2,22,16,39,37,18,0.42857142857142855,0.42857142857142855,-0.5,0.5,0.6285714285714286,0.6285714285714286,-4.0,4.0,1.0571428571428572,1.0571428571428572,-4.5,4.5,-8.75,8.75,0,0,1,2,-2.8422027539992425,-0.28736092861060375
2013-06-19 15:00:00,9580,9611,9586,9579,9522,9560,9596,9614,66956,63126,1,1,6,-1,74,54,10,3,58,19,7,68,22,1.6666666666666667,1.6666666666666667,-3.0,3.0,9.666666666666666,9.666666666666666,-19.0,19.0,11.333333333333334,11.333333333333334,-22.0,22.0,-6.0,6.0,0,0,1,2,-2.6218622832466925,1.3588996829044382
2013-06-20 16:00:00,9238,9291,9269,9236,9236,9230,9285,9308,51109,60035,1,1,31,-2,49,78,16,17,2,6,33,18,23,0.5161290322580645,0.5161290322580645,-8.5,8.5,0.06451612903225806,0.06451612903225806,-3.0,3.0,0.5806451612903226,0.5806451612903226,-11.5,11.5,-15.5,15.5,0,0,1,2,-3.1314776236172785,0.38366209084438313
2013-06-24 11:00:00,9186,9326,9247,9185,9184,9155,9295,9326,86138,110492,1,1,61,-1,111,171,48,0,2,30,62,50,30,0.7868852459016393,0.7868852459016393,-0.0,0.0,0.03278688524590164,0.03278688524590164,-30.0,30.0,0.819672131147541,0.819672131147541,-30.0,30.0,-61.0,61.0,0,0,1,2,-1.9475433104329827,2.461316339918821
2013-06-25 19:00:00,9098,9116,9110,9071,9069,9070,9118,9153,13898,72289,1,1,12,-27,49,83,8,37,29,1,39,37,38,0.6666666666666666,0.6666666666666666,-1.3703703703703705,1.3703703703703705,2.4166666666666665,2.4166666666666665,-0.037037037037037035,0.037037037037037035,3.0833333333333335,3.0833333333333335,-1.4074074074074074,1.4074074074074074,-0.4444444444444444,0.4444444444444444,0,0,1,2,-2.951900366612421,-0.04196914981160474
2013-06-27 15:00:00,9386,9406,9387,9384,9342,9384,9409,9423,65329,28524,1,1,1,-2,67,39,22,17,44,0,3,66,17,22.0,22.0,-8.5,8.5,44.0,44.0,-0.0,0.0,66.0,66.0,-8.5,8.5,-0.5,0.5,0,0,1,1,-2.3183113542363025,3.164061916226939
2013-06-27 20:00:00,9429,9468,9432,9427,9396,9406,9435,9468,13005,18734,1,1,3,-2,39,62,3,0,33,21,5,36,21,1.0,1.0,-0.0,0.0,11.0,11.0,-10.5,10.5,12.0,12.0,-10.5,10.5,-1.5,1.5,0,0,1,2,-3.0551690159072966,0.1536538227691326
2013-07-02 10:00:00,9634,9666,9659,9625,9605,9623,9683,9670,62810,8631,1,1,25,-9,78,47,24,4,29,2,34,53,6,0.96,0.96,-0.4444444444444444,0.4444444444444444,1.16,1.16,-0.2222222222222222,0.2222222222222222,2.12,2.12,-0.6666666666666666,0.6666666666666666,-2.7777777777777777,2.7777777777777777,0,0,1,2,-3.0808344190668087,-0.15308372474556423
2013-07-02 15:00:00,9532,9549,9538,9531,9508,9520,9565,9566,44204,39033,1,1,6,-1,57,46,27,17,24,11,7,51,28,4.5,4.5,-17.0,17.0,4.0,4.0,-11.0,11.0,8.5,8.5,-28.0,28.0,-6.0,6.0,0,0,1,2,-2.6313536444820413,0.9623116598320639
2013-07-03 21:00:00,9452,9461,9456,9451,9446,9445,9465,9492,3375,11643,1,1,4,-1,19,47,9,31,6,6,5,15,37,2.25,2.25,-31.0,31.0,1.5,1.5,-6.0,6.0,3.75,3.75,-37.0,37.0,-4.0,4.0,0,0,1,2,-2.776517381311688,0.24232382887616977
2013-07-05 18:00:00,9409,9472,9416,9408,9360,9400,9434,9472,61971,81311,1,1,7,-1,74,72,18,0,49,8,8,67,8,2.5714285714285716,2.5714285714285716,-0.0,0.0,7.0,7.0,-8.0,8.0,9.571428571428571,9.571428571428571,-8.0,8.0,-7.0,7.0,0,0,1,2,-2.9729242230106223,0.9724002359041318
2013-07-10 11:00:00,9291,9360,9337,9290,9272,9269,9349,9379,64876,88046,1,1,46,-1,77,110,12,19,19,21,47,31,40,0.2608695652173913,0.2608695652173913,-19.0,19.0,0.41304347826086957,0.41304347826086957,-21.0,21.0,0.6739130434782609,0.6739130434782609,-40.0,40.0,-46.0,46.0,0,0,1,2,-2.1343259504572214,1.9685440237119658
2013-07-10 12:00:00,9335,9291,9256,9337,9246,9272,9343,9349,81607,64876,1,1,-79,2,97,77,8,12,10,19,-81,18,31,-0.10126582278481013,0.10126582278481013,6.0,6.0,-0.12658227848101267,0.12658227848101267,9.5,9.5,-0.22784810126582278,0.22784810126582278,15.5,15.5,-39.5,39.5,0,0,1,2,-3.541757092621144,0.3306441412850886
2013-07-10 13:00:00,9259,9335,9260,9256,9224,9246,9267,9343,57771,81607,1,1,1,-3,43,97,7,8,35,10,4,42,18,7.0,7.0,-2.6666666666666665,2.6666666666666665,35.0,35.0,-3.3333333333333335,3.3333333333333335,42.0,42.0,-6.0,6.0,-0.3333333333333333,0.3333333333333333,0,0,1,1,-2.807691920491119,2.1953160856108638
2013-07-10 16:00:00,9234,9254,9239,9233,9212,9219,9243,9254,25847,22744,1,1,5,-1,31,35,4,0,22,14,6,26,14,0.8,0.8,-0.0,0.0,4.4,4.4,-14.0,14.0,5.2,5.2,-14.0,14.0,-5.0,5.0,0,0,1,2,-3.298304712698905,-0.043823324679243304
2013-07-10 19:00:00,9206,9229,9211,9205,9191,9176,9220,9240,8046,56623,1,1,5,-1,29,64,9,11,15,29,6,24,40,1.8,1.8,-11.0,11.0,3.0,3.0,-29.0,29.0,4.8,4.8,-40.0,40.0,-5.0,5.0,0,0,1,2,-2.6832151351362774,0.8474371453232327
2013-07-24 11:00:00,9713,9774,9720,9712,9701,9677,9758,9791,89995,116556,1,1,7,-1,57,114,38,17,12,35,8,50,52,5.428571428571429,5.428571428571429,-17.0,17.0,1.7142857142857142,1.7142857142857142,-35.0,35.0,7.142857142857143,7.142857142857143,-52.0,52.0,-7.0,7.0,0,0,1,2,-2.040604452506632,2.5294530427640747
2013-07-24 18:00:00,9709,9790,9730,9708,9661,9700,9736,9805,83862,90620,1,1,21,-1,75,105,6,15,48,8,22,54,23,0.2857142857142857,0.2857142857142857,-15.0,15.0,2.2857142857142856,2.2857142857142856,-8.0,8.0,2.5714285714285716,2.5714285714285716,-23.0,23.0,-21.0,21.0,0,0,1,2,-2.556032067938443,1.423476202221499
2013-07-29 13:00:00,9553,9593,9562,9552,9540,9551,9585,9593,45144,66086,1,1,9,-1,45,42,23,0,13,1,10,36,1,2.5555555555555554,2.5555555555555554,-0.0,0.0,1.4444444444444444,1.4444444444444444,-1.0,1.0,4.0,4.0,-1.0,1.0,-9.0,9.0,0,0,1,2,-3.419778215384667,-0.00936742685628585
2013-07-29 17:00:00,9558,9572,9559,9556,9547,9546,9592,9580,35508,21093,1,1,1,-2,45,34,33,8,11,10,3,44,18,33.0,33.0,-4.0,4.0,11.0,11.0,-5.0,5.0,44.0,44.0,-9.0,9.0,-0.5,0.5,0,0,1,1,-2.71191580230697,1.663886508082715
2013-08-01 10:00:00,9647,9687,9678,9642,9647,9627,9713,9693,77435,19791,1,1,31,-5,66,66,35,6,0,15,36,35,21,1.1290322580645162,1.1290322580645162,-1.2,1.2,0.0,0.0,-3.0,3.0,1.1290322580645162,1.1290322580645162,-4.2,4.2,-6.2,6.2,0,0,1,2,-3.0547572564120777,0.14155573001771507
2013-08-05 15:00:00,9720,9748,9738,9719,9714,9708,9749,9756,18590,41359,1,1,18,-1,35,48,11,8,6,11,19,17,19,0.6111111111111112,0.6111111111111112,-8.0,8.0,0.3333333333333333,0.3333333333333333,-11.0,11.0,0.9444444444444444,0.9444444444444444,-19.0,19.0,-18.0,18.0,0,0,1,2,-3.0000520438322344,0.021657973107143628
2013-08-06 17:00:00,9582,9612,9583,9580,9567,9562,9607,9615,51989,71401,1,1,1,-2,40,53,24,3,15,18,3,39,21,24.0,24.0,-1.5,1.5,15.0,15.0,-9.0,9.0,39.0,39.0,-10.5,10.5,-0.5,0.5,0,0,1,2,-2.785913926185931,1.910654880040919
2013-08-07 11:00:00,9491,9537,9535,9489,9474,9475,9577,9537,102366,53303,1,1,44,-2,103,62,42,0,17,14,46,59,14,0.9545454545454546,0.9545454545454546,-0.0,0.0,0.38636363636363635,0.38636363636363635,-7.0,7.0,1.3409090909090908,1.3409090909090908,-7.0,7.0,-22.0,22.0,0,0,1,2,-2.787253449489671,1.0030960715069943
2013-08-08 12:00:00,9425,9564,9431,9424,9396,9405,9470,9569,71559,147766,1,1,6,-1,74,164,39,5,29,19,7,68,24,6.5,6.5,-5.0,5.0,4.833333333333333,4.833333333333333,-19.0,19.0,11.333333333333334,11.333333333333334,-24.0,24.0,-6.0,6.0,0,0,1,2,-2.4773414419761797,2.144221047319126
2013-08-16 13:00:00,9533,9584,9535,9532,9509,9502,9554,9599,37702,70552,1,1,2,-1,45,97,19,15,24,30,3,43,45,9.5,9.5,-15.0,15.0,12.0,12.0,-30.0,30.0,21.5,21.5,-45.0,45.0,-2.0,2.0,0,0,1,2,-2.1454451878038583,2.1650364363488386
2013-08-16 22:00:00,9419,9430,9428,9418,9405,9415,9434,9434,6529,4541,1,1,9,-1,29,19,6,4,14,3,10,20,7,0.6666666666666666,0.6666666666666666,-4.0,4.0,1.5555555555555556,1.5555555555555556,-3.0,3.0,2.2222222222222223,2.2222222222222223,-7.0,7.0,-9.0,9.0,0,0,1,2,-3.4360578711994965,-0.6991536060223597
2013-08-19 13:00:00,9430,9454,9433,9429,9423,9415,9476,9479,54858,50523,1,1,3,-1,53,64,43,25,7,14,4,50,39,14.333333333333334,14.333333333333334,-25.0,25.0,2.3333333333333335,2.3333333333333335,-14.0,14.0,16.666666666666668,16.666666666666668,-39.0,39.0,-3.0,3.0,0,0,1,2,-2.3406665405656164,1.8046085569076993
2013-08-21 14:00:00,9094,9117,9101,9093,9092,9063,9129,9129,31555,51442,1,1,7,-1,37,66,28,12,2,30,8,30,42,4.0,4.0,-12.0,12.0,0.2857142857142857,0.2857142857142857,-30.0,30.0,4.285714285714286,4.285714285714286,-42.0,42.0,-7.0,7.0,0,0,1,2,-2.602926116148057,1.1392700849982036
2013-08-21 18:00:00,9049,9105,9102,9046,9044,9038,9129,9110,63656,78863,1,1,53,-3,85,72,27,5,5,8,56,32,13,0.5094339622641509,0.5094339622641509,-1.6666666666666667,1.6666666666666667,0.09433962264150944,0.09433962264150944,-2.6666666666666665,2.6666666666666665,0.6037735849056604,0.6037735849056604,-4.333333333333333,4.333333333333333,-17.666666666666668,17.666666666666668,0,0,1,2,-3.114754414107952,0.6193928580951417
2013-08-23 22:00:00,9245,9254,9250,9242,9241,9238,9254,9258,1796,2907,1,1,5,-3,13,20,4,4,4,4,8,8,8,0.8,0.8,-1.3333333333333333,1.3333333333333333,0.8,0.8,-1.3333333333333333,1.3333333333333333,1.6,1.6,-2.6666666666666665,2.6666666666666665,-1.6666666666666667,1.6666666666666667,0,0,1,2,-3.7002218506176607,-1.0370616738134106
2013-08-29 18:00:00,9001,9020,9003,9000,8983,8967,9025,9023,35269,55261,1,1,2,-1,42,56,22,3,18,33,3,40,36,11.0,11.0,-3.0,3.0,9.0,9.0,-33.0,33.0,20.0,20.0,-36.0,36.0,-2.0,2.0,0,0,1,2,-2.587366692920039,1.7157592125605707
2013-08-30 22:00:00,8810,8822,8813,8807,8795,8804,8818,8830,8857,6364,1,1,3,-3,23,26,5,8,15,3,6,20,11,1.6666666666666667,1.6666666666666667,-2.6666666666666665,2.6666666666666665,5.0,5.0,-1.0,1.0,6.666666666666667,6.666666666666667,-3.6666666666666665,3.6666666666666665,-1.0,1.0,0,0,1,2,-3.622530494994179,-0.520811117090633
2013-09-06 11:00:00,9280,9311,9293,9277,9261,9241,9322,9344,77057,153717,1,1,13,-3,61,103,29,33,19,36,16,48,69,2.230769230769231,2.230769230769231,-11.0,11.0,1.4615384615384615,1.4615384615384615,-12.0,12.0,3.6923076923076925,3.6923076923076925,-23.0,23.0,-4.333333333333333,4.333333333333333,0,0,1,2,-2.556466964159247,1.9538531539435546
2013-09-06 19:00:00,9287,9368,9308,9282,9281,9200,9319,9370,11835,127521,1,1,21,-5,38,170,11,2,6,82,26,17,84,0.5238095238095238,0.5238095238095238,-0.4,0.4,0.2857142857142857,0.2857142857142857,-16.4,16.4,0.8095238095238095,0.8095238095238095,-16.8,16.8,-4.2,4.2,0,0,1,2,-2.6212301536543725,1.0062319954050423
2013-09-17 11:00:00,9962,9986,9982,9961,9943,9934,10008,9990,48056,59823,1,1,20,-1,65,56,26,4,19,27,21,45,31,1.3,1.3,-4.0,4.0,0.95,0.95,-27.0,27.0,2.25,2.25,-31.0,31.0,-20.0,20.0,0,0,1,2,-2.410281433017612,1.0247897711879246
2013-09-23 23:00:00,10283,10286,10285,10281,10267,10274,10290,10290,3115,4033,1,1,2,-2,23,16,5,4,16,7,4,21,11,2.5,2.5,-2.0,2.0,8.0,8.0,-3.5,3.5,10.5,10.5,-5.5,5.5,-1.0,1.0,0,0,1,2,-3.196063071905841,-0.6206629683687614
2013-09-25 13:00:00,10177,10192,10182,10176,10156,10151,10202,10195,31360,47880,1,1,5,-1,46,44,20,3,21,25,6,41,28,4.0,4.0,-3.0,3.0,4.2,4.2,-25.0,25.0,8.2,8.2,-28.0,28.0,-5.0,5.0,0,0,1,2,-2.577693748498368,0.6952716905368581
2013-09-26 20:00:00,10250,10260,10251,10248,10242,10226,10260,10324,4229,19127,1,1,1,-2,18,98,9,64,8,22,3,17,86,9.0,9.0,-32.0,32.0,8.0,8.0,-11.0,11.0,17.0,17.0,-43.0,43.0,-0.5,0.5,0,0,1,2,-1.925455144156006,1.2849905315219365
2013-09-30 21:00:00,9899,9910,9904,9898,9895,9883,9924,9915,6636,5586,1,1,5,-1,29,32,20,5,4,15,6,24,20,4.0,4.0,-5.0,5.0,0.8,0.8,-15.0,15.0,4.8,4.8,-20.0,20.0,-5.0,5.0,0,0,1,2,-2.977273126540003,-0.25343856028424777
2013-10-01 17:00:00,9979,10000,9985,9978,9957,9952,10005,10031,34057,50523,1,1,6,-1,48,79,20,31,22,26,7,42,57,3.3333333333333335,3.3333333333333335,-31.0,31.0,3.6666666666666665,3.6666666666666665,-26.0,26.0,7.0,7.0,-57.0,57.0,-6.0,6.0,0,0,1,2,-1.8959126968299693,1.6869805021906008
2013-10-02 23:00:00,9938,9949,9941,9936,9932,9930,9950,9950,4865,5584,1,1,3,-2,18,20,9,1,6,6,5,15,7,3.0,3.0,-0.5,0.5,2.0,2.0,-3.0,3.0,5.0,5.0,-3.5,3.5,-1.5,1.5,0,0,1,2,-3.447444675801928,-0.9008451992519183
2013-10-08 12:00:00,10123,10176,10147,10121,10116,10113,10169,10191,40543,63762,1,1,24,-2,53,78,22,15,7,8,26,29,23,0.9166666666666666,0.9166666666666666,-7.5,7.5,0.2916666666666667,0.2916666666666667,-4.0,4.0,1.2083333333333333,1.2083333333333333,-11.5,11.5,-12.0,12.0,0,0,1,2,-2.8614351435126437,0.2258430711447053
2013-10-10 10:00:00,10290,10294,10293,10283,10290,10279,10330,10302,60014,5419,1,1,3,-7,40,23,37,8,0,4,10,37,12,12.333333333333334,12.333333333333334,-1.1428571428571428,1.1428571428571428,0.0,0.0,-0.5714285714285714,0.5714285714285714,12.333333333333334,12.333333333333334,-1.7142857142857142,1.7142857142857142,-0.42857142857142855,0.42857142857142855,0,0,1,2,-3.080032817427067,-0.08109241614396619
2013-10-10 22:00:00,10446,10465,10448,10445,10435,10421,10451,10465,2448,7453,1,1,2,-1,16,44,3,0,11,24,3,14,24,1.5,1.5,-0.0,0.0,5.5,5.5,-24.0,24.0,7.0,7.0,-24.0,24.0,-2.0,2.0,0,0,1,2,-2.834838207761958,-0.2513426035547837
2013-10-15 12:00:00,10486,10507,10493,10483,10453,10467,10509,10517,51552,61106,1,1,7,-3,56,50,16,10,33,16,10,49,26,2.2857142857142856,2.2857142857142856,-3.3333333333333335,3.3333333333333335,4.714285714285714,4.714285714285714,-5.333333333333333,5.333333333333333,7.0,7.0,-8.666666666666666,8.666666666666666,-2.3333333333333335,2.3333333333333335,0,0,1,2,-2.781497862160418,0.3817034012236488
2013-10-15 15:00:00,10494,10497,10496,10490,10490,10476,10515,10504,17164,20423,1,1,2,-4,25,28,19,7,4,14,6,23,21,9.5,9.5,-1.75,1.75,2.0,2.0,-3.5,3.5,11.5,11.5,-5.25,5.25,-0.5,0.5,0,0,1,2,-3.043730739586367,-0.33657476072604503
2013-10-21 23:00:00,10619,10641,10623,10618,10616,10604,10633,10641,3391,5225,1,1,4,-1,17,37,10,0,3,14,5,13,14,2.5,2.5,-0.0,0.0,0.75,0.75,-14.0,14.0,3.25,3.25,-14.0,14.0,-4.0,4.0,0,0,1,2,-3.056055036911462,-0.7626619774451782
2013-10-24 21:00:00,10383,10410,10385,10382,10370,10375,10386,10412,5267,6464,1,1,2,-1,16,37,1,2,13,7,3,14,9,0.5,0.5,-2.0,2.0,6.5,6.5,-7.0,7.0,7.0,7.0,-9.0,9.0,-2.0,2.0,0,0,1,2,-3.2046679862215557,-0.7069712488633279
2013-10-29 15:00:00,10336,10370,10361,10334,10330,10325,10380,10374,30421,33141,1,1,25,-2,50,49,19,4,6,9,27,25,13,0.76,0.76,-2.0,2.0,0.24,0.24,-4.5,4.5,1.0,1.0,-6.5,6.5,-12.5,12.5,0,0,1,2,-3.00461571688139,-0.33376283490016156
2013-10-29 22:00:00,10345,10359,10351,10343,10341,10333,10353,10360,2072,4365,1,1,6,-2,12,27,2,1,4,10,8,6,11,0.3333333333333333,0.3333333333333333,-0.5,0.5,0.6666666666666666,0.6666666666666666,-5.0,5.0,1.0,1.0,-5.5,5.5,-3.0,3.0,0,0,1,2,-3.372647900641356,-1.1376607596346324
2013-10-30 23:00:00,10314,10362,10319,10312,10306,10252,10338,10438,12095,93467,1,1,5,-2,32,186,19,76,8,60,7,27,136,3.8,3.8,-38.0,38.0,1.6,1.6,-30.0,30.0,5.4,5.4,-68.0,68.0,-2.5,2.5,0,0,1,2,-1.0976246445565017,2.4683017692569176
2013-11-05 23:00:00,10287,10307,10293,10286,10283,10281,10308,10314,4580,4875,1,1,6,-1,25,33,15,7,4,5,7,19,12,2.5,2.5,-7.0,7.0,0.6666666666666666,0.6666666666666666,-5.0,5.0,3.1666666666666665,3.1666666666666665,-12.0,12.0,-6.0,6.0,0,0,1,2,-3.108957822555339,-0.69257152970494
2013-11-07 15:00:00,10302,10314,10308,10301,10294,10299,10314,10320,15209,13477,1,1,6,-1,20,21,6,6,8,2,7,14,8,1.0,1.0,-6.0,6.0,1.3333333333333333,1.3333333333333333,-2.0,2.0,2.3333333333333335,2.3333333333333335,-8.0,8.0,-6.0,6.0,0,0,1,2,-3.2937479773866167,-0.7900476887073409
2013-11-08 18:00:00,10220,10284,10229,10218,10215,10206,10240,10284,48843,134421,1,1,9,-2,25,78,11,0,5,12,11,16,12,1.2222222222222223,1.2222222222222223,-0.0,0.0,0.5555555555555556,0.5555555555555556,-6.0,6.0,1.7777777777777777,1.7777777777777777,-6.0,6.0,-4.5,4.5,0,0,1,2,-3.320439442666417,0.23653795534392064
2013-11-13 19:00:00,10200,10355,10244,10198,10192,10154,10255,10355,68457,215687,1,1,44,-2,63,201,11,0,8,44,46,19,44,0.25,0.25,-0.0,0.0,0.18181818181818182,0.18181818181818182,-22.0,22.0,0.4318181818181818,0.4318181818181818,-22.0,22.0,-22.0,22.0,0,0,1,2,-2.3949893507674953,1.968794452208513
2013-11-20 20:00:00,10620,10642,10630,10618,10615,10608,10635,10699,8094,45772,1,1,10,-2,20,91,5,57,5,10,12,10,67,0.5,0.5,-28.5,28.5,0.5,0.5,-5.0,5.0,1.0,1.0,-33.5,33.5,-5.0,5.0,0,0,1,2,-2.313218341566385,0.3427409166025845
2013-11-26 21:00:00,10387,10407,10403,10386,10383,10386,10409,10416,5981,4919,1,1,16,-1,26,30,6,9,4,0,17,10,9,0.375,0.375,-9.0,9.0,0.25,0.25,-0.0,0.0,0.625,0.625,-9.0,9.0,-16.0,16.0,0,0,1,2,-3.143335122952986,-0.8459895913883652
2013-11-27 11:00:00,10357,10425,10380,10356,10355,10336,10394,10425,33335,63676,1,1,23,-1,39,89,14,0,2,20,24,16,20,0.6086956521739131,0.6086956521739131,-0.0,0.0,0.08695652173913043,0.08695652173913043,-20.0,20.0,0.6956521739130435,0.6956521739130435,-20.0,20.0,-23.0,23.0,0,0,1,2,-2.731455042632227,0.30107760501562036
2013-11-28 22:00:00,10289,10296,10293,10288,10287,10287,10297,10300,1294,2346,1,1,4,-1,10,13,4,4,2,1,5,6,5,1.0,1.0,-4.0,4.0,0.5,0.5,-1.0,1.0,1.5,1.5,-5.0,5.0,-4.0,4.0,0,0,1,2,-3.46116564504657,-1.1959752227832159
2013-12-02 21:00:00,10238,10259,10242,10235,10228,10215,10248,10266,4609,14812,1,1,4,-3,20,51,6,7,10,20,7,16,27,1.5,1.5,-2.3333333333333335,2.3333333333333335,2.5,2.5,-6.666666666666667,6.666666666666667,4.0,4.0,-9.0,9.0,-1.3333333333333333,1.3333333333333333,0,0,1,2,-3.096066858866915,-0.6161013522715639
2013-12-03 15:00:00,10050,10138,10069,10049,10048,10028,10085,10141,37315,134016,1,1,19,-1,37,113,16,3,2,21,20,18,24,0.8421052631578947,0.8421052631578947,-3.0,3.0,0.10526315789473684,0.10526315789473684,-21.0,21.0,0.9473684210526315,0.9473684210526315,-24.0,24.0,-19.0,19.0,0,0,1,2,-2.758763636620829,0.9248159686194986
2013-12-04 18:00:00,9911,9948,9913,9909,9896,9906,9929,9972,51714,83106,1,1,2,-2,33,66,16,24,15,3,4,31,27,8.0,8.0,-12.0,12.0,7.5,7.5,-1.5,1.5,15.5,15.5,-13.5,13.5,-1.0,1.0,0,0,1,2,-2.925558118687963,0.9523102774779565
2013-12-09 13:00:00,9994,10030,10009,9993,9989,9968,10017,10041,34929,97333,1,1,15,-1,28,73,8,11,5,25,16,13,36,0.5333333333333333,0.5333333333333333,-11.0,11.0,0.3333333333333333,0.3333333333333333,-25.0,25.0,0.8666666666666667,0.8666666666666667,-36.0,36.0,-15.0,15.0,0,0,1,2,-2.6367210716001983,0.9115942749027639
2013-12-16 11:00:00,9996,10023,10010,9995,9976,9921,10024,10023,54540,51210,1,1,14,-1,48,102,14,0,20,74,15,34,74,1.0,1.0,-0.0,0.0,1.4285714285714286,1.4285714285714286,-74.0,74.0,2.4285714285714284,2.4285714285714284,-74.0,74.0,-14.0,14.0,0,0,1,2,-1.5309753967900677,2.2651949463774317
2013-12-16 15:00:00,10016,10021,10020,10015,9980,9999,10033,10035,34067,36087,1,1,4,-1,53,36,13,14,36,16,5,49,30,3.25,3.25,-14.0,14.0,9.0,9.0,-16.0,16.0,12.25,12.25,-30.0,30.0,-4.0,4.0,0,0,1,2,-2.474297653751086,0.956140314901608
2013-12-16 22:00:00,10122,10135,10128,10121,10114,10120,10133,10136,2825,5416,1,1,6,-1,19,16,5,1,8,1,7,13,2,0.8333333333333334,0.8333333333333334,-1.0,1.0,1.3333333333333333,1.3333333333333333,-1.0,1.0,2.1666666666666665,2.1666666666666665,-2.0,2.0,-6.0,6.0,0,0,1,2,-3.4763849032194467,-1.1085408647747181
2013-12-17 19:00:00,10168,10188,10169,10164,10157,10159,10187,10193,21228,33351,1,1,1,-4,30,34,18,5,11,5,5,29,10,18.0,18.0,-1.25,1.25,11.0,11.0,-1.25,1.25,29.0,29.0,-2.5,2.5,-0.25,0.25,0,0,1,2,-2.995170059486311,0.5121328337041497
2013-12-18 13:00:00,10162,10199,10191,10161,10156,10160,10196,10213,24573,35351,1,1,29,-1,40,53,5,14,6,1,30,11,15,0.1724137931034483,0.1724137931034483,-14.0,14.0,0.20689655172413793,0.20689655172413793,-1.0,1.0,0.3793103448275862,0.3793103448275862,-15.0,15.0,-29.0,29.0,0,0,1,2,-2.894852179243241,-0.08619877490962759
2013-12-25 11:00:00,10309,10326,10310,10308,10308,10303,10325,10337,10530,13664,1,1,1,-1,17,34,15,11,1,5,2,16,16,15.0,15.0,-11.0,11.0,1.0,1.0,-5.0,5.0,16.0,16.0,-16.0,16.0,-1.0,1.0,0,0,1,2,-2.9717905385214505,-0.015217069124497839
2014-01-08 21:00:00,9894,9902,9899,9893,9888,9882,9900,9906,7389,5320,1,1,5,-1,12,24,1,4,6,11,6,7,15,0.2,0.2,-4.0,4.0,1.2,1.2,-11.0,11.0,1.4,1.4,-15.0,15.0,-5.0,5.0,0,0,1,2,-3.3050129989586288,-0.715233168639442
2014-01-09 12:00:00,9890,9915,9912,9888,9881,9860,9940,9920,40408,36417,1,1,22,-2,59,60,28,5,9,28,24,37,33,1.2727272727272727,1.2727272727272727,-2.5,2.5,0.4090909090909091,0.4090909090909091,-14.0,14.0,1.6818181818181819,1.6818181818181819,-16.5,16.5,-11.0,11.0,0,0,1,2,-2.7316745548400982,0.34526505316164147
2014-01-09 23:00:00,9826,9841,9840,9825,9818,9824,9845,9844,4091,2708,1,1,14,-1,27,20,5,3,8,1,15,13,4,0.35714285714285715,0.35714285714285715,-3.0,3.0,0.5714285714285714,0.5714285714285714,-1.0,1.0,0.9285714285714286,0.9285714285714286,-4.0,4.0,-14.0,14.0,0,0,1,2,-3.409565029909411,-0.9360143485123438
2014-01-20 22:00:00,10267,10278,10269,10266,10263,10260,10270,10282,809,2583,1,1,2,-1,7,22,1,4,4,6,3,5,10,0.5,0.5,-4.0,4.0,2.0,2.0,-6.0,6.0,2.5,2.5,-10.0,10.0,-2.0,2.0,0,0,1,2,-3.3609284214632953,-1.0152087408690982
2014-01-28 21:00:00,9811,9829,9814,9809,9804,9785,9825,9846,3921,15475,1,1,3,-2,21,61,11,17,7,24,5,18,41,3.6666666666666665,3.6666666666666665,-8.5,8.5,2.3333333333333335,2.3333333333333335,-12.0,12.0,6.0,6.0,-20.5,20.5,-1.5,1.5,0,0,1,2,-2.8753471293291777,-0.04256253723846906
2014-01-31 12:00:00,9644,9666,9660,9643,9582,9598,9670,9675,76011,50049,1,1,16,-1,88,77,10,9,62,45,17,72,54,0.625,0.625,-9.0,9.0,3.875,3.875,-45.0,45.0,4.5,4.5,-54.0,54.0,-16.0,16.0,0,0,1,2,-1.7632354493972668,2.242548822495373
2014-01-31 16:00:00,9552,9608,9560,9550,9536,9550,9596,9639,57458,61335,1,1,8,-2,60,89,36,31,16,0,10,52,31,4.5,4.5,-15.5,15.5,2.0,2.0,-0.0,0.0,6.5,6.5,-15.5,15.5,-4.0,4.0,0,0,1,2,-2.7606965239251124,0.8804325400025838
2014-02-03 21:00:00,9377,9421,9402,9376,9367,9375,9417,9430,20298,17971,1,1,25,-1,50,55,15,9,10,1,26,25,10,0.6,0.6,-9.0,9.0,0.4,0.4,-1.0,1.0,1.0,1.0,-10.0,10.0,-25.0,25.0,0,0,1,2,-3.1019376637018845,-0.14404849379543339
2014-02-06 13:00:00,9657,9679,9674,9655,9655,9648,9694,9700,34537,45817,1,1,17,-2,39,52,20,21,2,7,19,22,28,1.1764705882352942,1.1764705882352942,-10.5,10.5,0.11764705882352941,0.11764705882352941,-3.5,3.5,1.2941176470588236,1.2941176470588236,-14.0,14.0,-8.5,8.5,0,0,1,2,-3.0525161596441697,0.0908506509450825
2014-02-07 15:00:00,9718,9732,9728,9715,9691,9705,9740,9744,44163,29667,1,1,10,-3,49,39,12,12,27,10,13,39,22,1.2,1.2,-4.0,4.0,2.7,2.7,-3.3333333333333335,3.3333333333333335,3.9,3.9,-7.333333333333333,7.333333333333333,-3.3333333333333335,3.3333333333333335,0,0,1,2,-3.108039401575479,-8.581336508242405e-06
2014-02-11 18:00:00,9667,9689,9671,9665,9635,9662,9679,9697,46302,40965,1,1,4,-2,44,35,8,8,32,3,6,40,11,2.0,2.0,-4.0,4.0,8.0,8.0,-1.5,1.5,10.0,10.0,-5.5,5.5,-2.0,2.0,0,0,1,2,-3.21491371048648,0.2071598014264054
2014-02-17 14:00:00,9807,9830,9818,9802,9799,9800,9827,9832,29499,41540,1,1,11,-5,28,32,9,2,8,2,16,17,4,0.8181818181818182,0.8181818181818182,-0.4,0.4,0.7272727272727273,0.7272727272727273,-0.4,0.4,1.5454545454545454,1.5454545454545454,-0.8,0.8,-2.2,2.2,0,0,1,2,-3.5152734898944917,-0.6598192091424683
2014-02-17 17:00:00,9773,9811,9774,9772,9760,9770,9783,9811,40222,50830,1,1,1,-1,23,41,9,0,13,2,2,22,2,9.0,9.0,-0.0,0.0,13.0,13.0,-2.0,2.0,22.0,22.0,-2.0,2.0,-1.0,1.0,0,0,1,2,-3.3446090753560154,0.42924970937088874
2014-02-19 22:00:00,9452,9481,9453,9451,9433,9422,9470,9493,5437,20871,1,1,1,-1,37,71,17,12,19,29,2,36,41,17.0,17.0,-12.0,12.0,19.0,19.0,-29.0,29.0,36.0,36.0,-41.0,41.0,-1.0,1.0,0,0,1,2,-2.1318761084456987,2.059754210716946
2014-02-21 13:00:00,9524,9544,9530,9523,9514,9508,9542,9573,18348,52547,1,1,6,-1,28,65,12,29,10,15,7,22,44,2.0,2.0,-29.0,29.0,1.6666666666666667,1.6666666666666667,-15.0,15.0,3.6666666666666665,3.6666666666666665,-44.0,44.0,-6.0,6.0,0,0,1,2,-2.5291800553363117,0.9125676221467021
2014-02-27 20:00:00,9008,9032,9029,9006,9005,8971,9069,9038,16477,33175,1,1,21,-2,64,67,40,6,3,35,23,43,41,1.9047619047619047,1.9047619047619047,-3.0,3.0,0.14285714285714285,0.14285714285714285,-17.5,17.5,2.0476190476190474,2.0476190476190474,-20.5,20.5,-10.5,10.5,0,0,1,2,-2.7368034173946025,0.5281428987204501
2014-03-07 12:00:00,7895,8020,7989,7894,7846,7893,8008,8058,132560,65376,1,1,94,-1,162,165,19,38,49,1,95,68,39,0.20212765957446807,0.20212765957446807,-38.0,38.0,0.5212765957446809,0.5212765957446809,-1.0,1.0,0.723404255319149,0.723404255319149,-39.0,39.0,-94.0,94.0,0,0,1,2,-1.5350836152612422,3.627279135303292
2014-03-13 21:00:00,6565,6680,6578,6558,6522,6533,6620,6700,9086,21974,1,1,13,-7,98,167,42,20,43,25,20,85,45,3.230769230769231,3.230769230769231,-2.857142857142857,2.857142857142857,3.3076923076923075,3.3076923076923075,-3.5714285714285716,3.5714285714285716,6.538461538461538,6.538461538461538,-6.428571428571429,6.428571428571429,-1.8571428571428572,1.8571428571428572,0,0,1,2,-3.001142862845101,1.0662359864833644
2014-03-14 21:00:00,6884,6944,6931,6880,6840,6838,6937,6959,17494,27381,1,1,47,-4,97,121,6,15,44,42,51,50,57,0.1276595744680851,0.1276595744680851,-3.75,3.75,0.9361702127659575,0.9361702127659575,-10.5,10.5,1.0638297872340425,1.0638297872340425,-14.25,14.25,-11.75,11.75,0,0,1,2,-2.96317193893409,1.043828403966793
2014-03-17 20:00:00,7446,7480,7470,7442,7432,7425,7482,7498,11177,22919,1,1,24,-4,50,73,12,18,14,17,28,26,35,0.5,0.5,-4.5,4.5,0.5833333333333334,0.5833333333333334,-4.25,4.25,1.0833333333333333,1.0833333333333333,-8.75,8.75,-6.0,6.0,0,0,1,2,-3.4969389535320756,0.1452737375783105
2014-03-18 11:00:00,7426,7532,7465,7424,7415,7351,7497,7575,68155,242534,1,1,39,-2,82,224,32,43,11,73,41,43,116,0.8205128205128205,0.8205128205128205,-21.5,21.5,0.28205128205128205,0.28205128205128205,-36.5,36.5,1.1025641025641026,1.1025641025641026,-58.0,58.0,-19.5,19.5,0,0,1,2,-1.8143086625492568,4.215417920619436
2014-03-18 21:00:00,7761,7799,7767,7760,7726,7742,7794,7827,12248,22326,1,1,6,-1,68,85,27,28,35,18,7,62,46,4.5,4.5,-28.0,28.0,5.833333333333333,5.833333333333333,-18.0,18.0,10.333333333333334,10.333333333333334,-46.0,46.0,-6.0,6.0,0,0,1,2,-2.4286841172500173,1.7276334090401504
2014-03-21 20:00:00,7572,7580,7574,7571,7566,7550,7590,7636,6650,31590,1,1,2,-1,24,86,16,56,6,21,3,22,77,8.0,8.0,-56.0,56.0,3.0,3.0,-21.0,21.0,11.0,11.0,-77.0,77.0,-2.0,2.0,0,0,1,2,-2.157507179424074,2.3670091281913352
2014-03-21 21:00:00,7573,7572,7515,7574,7485,7566,7580,7590,19331,6650,1,1,-58,1,95,24,7,16,30,6,-59,37,22,-0.1206896551724138,0.1206896551724138,16.0,16.0,-0.5172413793103449,0.5172413793103449,6.0,6.0,-0.6379310344827587,0.6379310344827587,22.0,22.0,-58.0,58.0,0,0,1,2,-3.665942122714628,0.029104214228222295
2014-03-21 22:00:00,7517,7573,7535,7515,7493,7485,7558,7580,14201,19331,1,1,18,-2,65,95,23,7,24,30,20,47,37,1.2777777777777777,1.2777777777777777,-3.5,3.5,1.3333333333333333,1.3333333333333333,-15.0,15.0,2.611111111111111,2.611111111111111,-18.5,18.5,-9.0,9.0,0,0,1,2,-3.1095909927921666,0.6727693189779346
2014-03-24 13:00:00,7670,7762,7700,7669,7644,7662,7723,7783,59066,87571,1,1,30,-1,79,121,23,21,26,7,31,49,28,0.7666666666666667,0.7666666666666667,-21.0,21.0,0.8666666666666667,0.8666666666666667,-7.0,7.0,1.6333333333333333,1.6333333333333333,-28.0,28.0,-30.0,30.0,0,0,1,2,-2.8153745183711947,1.809042370831962
2014-03-26 16:00:00,8176,8258,8244,8174,8142,8160,8245,8288,87435,96906,1,1,68,-2,103,128,1,30,34,14,70,35,44,0.014705882352941176,0.014705882352941176,-15.0,15.0,0.5,0.5,-7.0,7.0,0.5147058823529411,0.5147058823529411,-22.0,22.0,-34.0,34.0,0,0,1,2,-2.588966202143132,2.022061140917635
2014-03-26 17:00:00,8243,8176,8092,8244,8088,8142,8255,8245,79993,87435,1,1,-151,1,167,103,12,1,4,34,-152,16,35,-0.07947019867549669,0.07947019867549669,1.0,1.0,-0.026490066225165563,0.026490066225165563,34.0,34.0,-0.10596026490066225,0.10596026490066225,35.0,35.0,-151.0,151.0,0,0,1,2,-3.1750759657168337,1.596220086725661
2014-03-26 18:00:00,8093,8243,8103,8092,8080,8088,8130,8255,66448,79993,1,1,10,-1,50,167,27,12,13,4,11,40,16,2.7,2.7,-12.0,12.0,1.3,1.3,-4.0,4.0,4.0,4.0,-16.0,16.0,-10.0,10.0,0,0,1,2,-3.2155300032804535,1.1861717558412346
2014-03-27 13:00:00,7974,7995,7985,7970,7934,7916,8021,8012,78411,118245,1,1,11,-4,87,96,36,17,40,54,15,76,71,3.272727272727273,3.272727272727273,-4.25,4.25,3.6363636363636362,3.6363636363636362,-13.5,13.5,6.909090909090909,6.909090909090909,-17.75,17.75,-2.75,2.75,0,0,1,2,-2.684278441090761,2.211012304716646
2014-03-27 17:00:00,7843,7885,7848,7842,7794,7839,7883,7924,135317,91888,1,1,5,-1,89,85,35,39,49,3,6,84,42,7.0,7.0,-39.0,39.0,9.8,9.8,-3.0,3.0,16.8,16.8,-42.0,42.0,-5.0,5.0,0,0,1,2,-2.4294929229565385,3.3704764157174445
2014-03-27 22:00:00,7914,7933,7923,7911,7893,7896,7948,7958,12779,23313,1,1,9,-3,55,62,25,25,21,15,12,46,40,2.7777777777777777,2.7777777777777777,-8.333333333333334,8.333333333333334,2.3333333333333335,2.3333333333333335,-5.0,5.0,5.111111111111111,5.111111111111111,-13.333333333333334,13.333333333333334,-3.0,3.0,0,0,1,2,-3.1826343581628977,0.45942733966270194
2014-03-28 12:00:00,7926,7987,7980,7924,7889,7921,7995,8009,86538,56002,1,1,54,-2,106,88,15,22,37,3,56,52,25,0.2777777777777778,0.2777777777777778,-11.0,11.0,0.6851851851851852,0.6851851851851852,-1.5,1.5,0.9629629629629629,0.9629629629629629,-12.5,12.5,-27.0,27.0,0,0,1,2,-2.9385861781602363,1.426624615299158
2014-04-04 13:00:00,8026,8065,8044,8025,8005,8005,8059,8083,26733,115041,1,1,18,-1,54,78,15,18,21,20,19,36,38,0.8333333333333334,0.8333333333333334,-18.0,18.0,1.1666666666666667,1.1666666666666667,-20.0,20.0,2.0,2.0,-38.0,38.0,-18.0,18.0,0,0,1,2,-2.819431002240201,1.6499001690413766
2014-04-07 22:00:00,7725,7788,7753,7723,7715,7718,7760,7788,23364,27745,1,1,28,-2,45,70,7,0,10,5,30,17,5,0.25,0.25,-0.0,0.0,0.35714285714285715,0.35714285714285715,-2.5,2.5,0.6071428571428571,0.6071428571428571,-2.5,2.5,-14.0,14.0,0,0,1,2,-3.7829952421478854,-0.14796547685805284
2014-04-11 14:00:00,7852,7916,7857,7851,7820,7825,7900,7959,83820,151001,1,1,5,-1,80,134,43,43,32,26,6,75,69,8.6,8.6,-43.0,43.0,6.4,6.4,-26.0,26.0,15.0,15.0,-69.0,69.0,-5.0,5.0,0,0,1,2,-1.8051387069976692,4.092728943792631
2014-04-11 19:00:00,7815,7869,7825,7811,7800,7796,7867,7874,32760,120366,1,1,10,-4,67,78,42,5,15,15,14,57,20,4.2,4.2,-1.25,1.25,1.5,1.5,-3.75,3.75,5.7,5.7,-5.0,5.0,-2.5,2.5,0,0,1,2,-3.4197941945653203,0.9894779147879478
2014-04-17 15:00:00,7368,7411,7397,7365,7353,7336,7403,7419,40850,82090,1,1,29,-3,50,83,6,8,15,29,32,21,37,0.20689655172413793,0.20689655172413793,-2.6666666666666665,2.6666666666666665,0.5172413793103449,0.5172413793103449,-9.666666666666666,9.666666666666666,0.7241379310344828,0.7241379310344828,-12.333333333333334,12.333333333333334,-9.666666666666666,9.666666666666666,0,0,1,2,-3.5189096799301756,0.8461834733090409
2014-04-18 13:00:00,7698,7714,7702,7695,7696,7669,7716,7730,13180,63401,1,1,4,-3,20,61,14,16,2,26,7,16,42,3.5,3.5,-5.333333333333333,5.333333333333333,0.5,0.5,-8.666666666666666,8.666666666666666,4.0,4.0,-14.0,14.0,-1.3333333333333333,1.3333333333333333,0,0,1,2,-3.5716127064848164,0.41589503362953867
2014-04-22 12:00:00,7482,7517,7492,7480,7474,7455,7512,7549,46550,91075,1,1,10,-2,38,94,20,32,8,25,12,28,57,2.0,2.0,-16.0,16.0,0.8,0.8,-12.5,12.5,2.8,2.8,-28.5,28.5,-5.0,5.0,0,0,1,2,-3.1420751475190487,1.4909119948681815
2014-04-24 22:00:00,7063,7091,7079,7062,7050,7051,7086,7092,10725,10774,1,1,16,-1,36,41,7,1,13,11,17,20,12,0.4375,0.4375,-1.0,1.0,0.8125,0.8125,-11.0,11.0,1.25,1.25,-12.0,12.0,-16.0,16.0,0,0,1,2,-3.8065196856198935,0.026557558488770713
2014-04-25 16:00:00,6848,6944,6861,6845,6828,6804,6904,6947,78476,137207,1,1,13,-3,76,143,43,3,20,41,16,63,44,3.3076923076923075,3.3076923076923075,-1.0,1.0,1.5384615384615385,1.5384615384615385,-13.666666666666666,13.666666666666666,4.846153846153846,4.846153846153846,-14.666666666666666,14.666666666666666,-4.333333333333333,4.333333333333333,0,0,1,2,-3.248286055727478,2.1524886312700877
2014-04-28 11:00:00,6634,6690,6649,6633,6603,6569,6681,6751,121071,485890,1,1,15,-1,78,182,32,61,31,64,16,63,125,2.1333333333333333,2.1333333333333333,-61.0,61.0,2.066666666666667,2.066666666666667,-64.0,64.0,4.2,4.2,-125.0,125.0,-15.0,15.0,0,0,1,2,-1.1346500335396905,7.916746462780378
2014-04-28 20:00:00,7068,7112,7077,7067,7065,7062,7099,7137,25637,35827,1,1,9,-1,34,75,22,25,3,5,10,25,30,2.4444444444444446,2.4444444444444446,-25.0,25.0,0.3333333333333333,0.3333333333333333,-5.0,5.0,2.7777777777777777,2.7777777777777777,-30.0,30.0,-9.0,9.0,0,0,1,2,-3.381913204408463,0.9050400847727827
2014-05-02 11:00:00,6912,6997,6935,6909,6904,6856,6960,6997,62915,79196,1,1,23,-3,56,141,25,0,8,53,26,33,53,1.0869565217391304,1.0869565217391304,-0.0,0.0,0.34782608695652173,0.34782608695652173,-17.666666666666668,17.666666666666668,1.434782608695652,1.434782608695652,-17.666666666666668,17.666666666666668,-7.666666666666667,7.666666666666667,0,0,1,2,-3.3010652130833975,1.4966347513367018
2014-05-07 19:00:00,7648,7700,7666,7643,7581,7585,7679,7740,30207,223605,1,1,18,-5,98,155,13,40,67,58,23,80,98,0.7222222222222222,0.7222222222222222,-8.0,8.0,3.7222222222222223,3.7222222222222223,-11.6,11.6,4.444444444444445,4.444444444444445,-19.6,19.6,-3.6,3.6,0,0,1,2,-2.421168421126152,2.7957464606328846
2014-05-12 13:00:00,7570,7610,7597,7569,7553,7535,7616,7623,70124,98462,1,1,27,-1,63,88,19,13,17,34,28,36,47,0.7037037037037037,0.7037037037037037,-13.0,13.0,0.6296296296296297,0.6296296296296297,-34.0,34.0,1.3333333333333333,1.3333333333333333,-47.0,47.0,-27.0,27.0,0,0,1,2,-2.644302308839276,2.359584655047661
2014-05-16 22:00:00,7684,7699,7696,7682,7676,7673,7697,7699,5598,7848,1,1,12,-2,21,26,1,0,8,9,14,9,9,0.08333333333333333,0.08333333333333333,-0.0,0.0,0.6666666666666666,0.6666666666666666,-4.5,4.5,0.75,0.75,-4.5,4.5,-6.0,6.0,0,0,1,2,-3.9964997172545935,-0.5965763499711372
2014-05-20 22:00:00,7992,8054,8001,7991,7990,7983,8015,8055,7921,19279,1,1,9,-1,25,72,14,1,2,8,10,16,9,1.5555555555555556,1.5555555555555556,-1.0,1.0,0.2222222222222222,0.2222222222222222,-8.0,8.0,1.7777777777777777,1.7777777777777777,-9.0,9.0,-9.0,9.0,0,0,1,2,-3.7060485466000332,-0.2622889582103462
2014-05-21 20:00:00,8107,8113,8111,8105,8096,8080,8129,8138,11926,14238,1,1,4,-2,33,58,18,25,11,25,6,29,50,4.5,4.5,-12.5,12.5,2.75,2.75,-12.5,12.5,7.25,7.25,-25.0,25.0,-2.0,2.0,0,0,1,2,-3.055443531847957,0.6344645520591429
2014-05-22 10:00:00,8145,8174,8146,8132,8111,8131,8190,8178,95616,8298,1,1,1,-13,79,47,44,4,34,1,14,78,5,44.0,44.0,-0.3076923076923077,0.3076923076923077,34.0,34.0,-0.07692307692307693,0.07692307692307693,78.0,78.0,-0.38461538461538464,0.38461538461538464,-0.07692307692307693,0.07692307692307693,0,0,1,1,-2.509765619846316,3.756093951508052
2014-05-22 22:00:00,8019,8027,8025,8017,8011,8016,8034,8036,3415,4333,1,1,6,-2,23,20,9,9,8,1,8,17,10,1.5,1.5,-4.5,4.5,1.3333333333333333,1.3333333333333333,-0.5,0.5,2.8333333333333335,2.8333333333333335,-5.0,5.0,-3.0,3.0,0,0,1,2,-3.855216431249543,-0.5785095806934422
2014-05-22 23:00:00,8024,8019,8019,8025,8003,8011,8024,8034,6597,3415,1,1,-5,1,21,23,0,9,16,8,-6,16,17,-0.0,0.0,9.0,9.0,-3.2,3.2,8.0,8.0,-3.2,3.2,17.0,17.0,-5.0,5.0,0,0,1,2,-4.000875569072344,-0.7775958799047714
2014-05-23 10:00:00,8020,8024,8023,8019,8009,8003,8055,8024,49400,6597,1,1,3,-1,46,21,32,0,11,16,4,43,16,10.666666666666666,10.666666666666666,-0.0,0.0,3.6666666666666665,3.6666666666666665,-16.0,16.0,14.333333333333334,14.333333333333334,-16.0,16.0,-3.0,3.0,0,0,1,2,-3.3534908633911673,0.8144377745406458
2014-05-26 13:00:00,8427,8490,8455,8425,8364,8421,8460,8490,86247,44174,1,1,28,-2,96,69,5,0,63,4,30,68,4,0.17857142857142858,0.17857142857142858,-0.0,0.0,2.25,2.25,-2.0,2.0,2.4285714285714284,2.4285714285714284,-2.0,2.0,-14.0,14.0,0,0,1,2,-3.254689321554536,0.7743325908872656
2014-05-30 14:00:00,8155,8232,8193,8153,8145,8149,8205,8238,63567,49109,1,1,38,-2,60,89,12,6,10,4,40,22,10,0.3157894736842105,0.3157894736842105,-3.0,3.0,0.2631578947368421,0.2631578947368421,-2.0,2.0,0.5789473684210527,0.5789473684210527,-5.0,5.0,-19.0,19.0,0,0,1,2,-3.4892086868996284,0.46718789718615816
2014-06-10 11:00:00,8526,8628,8544,8525,8509,8523,8548,8634,40796,98009,1,1,18,-1,39,111,4,6,17,2,19,21,8,0.2222222222222222,0.2222222222222222,-6.0,6.0,0.9444444444444444,0.9444444444444444,-2.0,2.0,1.1666666666666667,1.1666666666666667,-8.0,8.0,-18.0,18.0,0,0,1,2,-3.4786556392992427,0.5120045180799322
2014-06-13 18:00:00,8518,8545,8535,8517,8500,8510,8548,8559,8966,13004,1,1,17,-1,48,49,13,14,18,7,18,31,21,0.7647058823529411,0.7647058823529411,-14.0,14.0,1.0588235294117647,1.0588235294117647,-7.0,7.0,1.8235294117647058,1.8235294117647058,-21.0,21.0,-17.0,17.0,0,0,1,2,-3.1004818159771568,0.19679704308794535
2014-06-18 11:00:00,8447,8514,8497,8446,8436,8431,8510,8531,62628,60338,1,1,50,-1,74,100,13,17,11,15,51,24,32,0.26,0.26,-17.0,17.0,0.22,0.22,-15.0,15.0,0.48,0.48,-32.0,32.0,-50.0,50.0,0,0,1,2,-2.532523031212489,1.6636488010062942
2014-06-19 19:00:00,8595,8662,8606,8591,8572,8583,8608,8672,14392,51935,1,1,11,-4,36,89,2,10,23,8,15,25,18,0.18181818181818182,0.18181818181818182,-2.5,2.5,2.090909090909091,2.090909090909091,-2.0,2.0,2.272727272727273,2.272727272727273,-4.5,4.5,-2.75,2.75,0,0,1,2,-3.4927067154208054,-0.12038738122482141
2014-06-20 22:00:00,8514,8528,8517,8510,8504,8510,8524,8538,3401,2819,1,1,3,-4,20,28,7,10,10,0,7,17,10,2.3333333333333335,2.3333333333333335,-2.5,2.5,3.3333333333333335,3.3333333333333335,-0.0,0.0,5.666666666666667,5.666666666666667,-2.5,2.5,-0.75,0.75,0,0,1,2,-3.7371544122708955,-0.6422889236694684
2014-06-23 13:00:00,8509,8556,8524,8507,8493,8485,8531,8559,31889,82100,1,1,15,-2,38,74,7,3,16,22,17,23,25,0.4666666666666667,0.4666666666666667,-1.5,1.5,1.0666666666666667,1.0666666666666667,-11.0,11.0,1.5333333333333334,1.5333333333333334,-12.5,12.5,-7.5,7.5,0,0,1,2,-3.3970435535405374,0.4516662869032272
2014-06-25 10:00:00,8710,8727,8716,8708,8685,8705,8744,8733,82422,10490,1,1,6,-2,59,28,28,6,25,3,8,53,9,4.666666666666667,4.666666666666667,-3.0,3.0,4.166666666666667,4.166666666666667,-1.5,1.5,8.833333333333334,8.833333333333334,-4.5,4.5,-3.0,3.0,0,0,1,2,-3.389713772308645,0.49616697625992984
2014-06-27 11:00:00,8536,8558,8546,8535,8525,8513,8564,8565,33496,44325,1,1,10,-1,39,52,18,7,11,22,11,29,29,1.8,1.8,-7.0,7.0,1.1,1.1,-22.0,22.0,2.9,2.9,-29.0,29.0,-10.0,10.0,0,0,1,2,-3.053360104096413,0.7519803995331321
2014-06-30 13:00:00,8464,8495,8478,8463,8428,8442,8484,8503,77208,57272,1,1,14,-1,56,61,6,8,36,21,15,42,29,0.42857142857142855,0.42857142857142855,-8.0,8.0,2.5714285714285716,2.5714285714285716,-21.0,21.0,3.0,3.0,-29.0,29.0,-14.0,14.0,0,0,1,2,-2.9625307036370723,1.3436130021467907
2014-06-30 17:00:00,8440,8456,8450,8438,8424,8432,8459,8467,32534,23168,1,1,10,-2,35,35,9,11,16,6,12,25,17,0.9,0.9,-5.5,5.5,1.6,1.6,-3.0,3.0,2.5,2.5,-8.5,8.5,-5.0,5.0,0,0,1,2,-3.5673575620376523,-0.07608605655605476
2014-07-03 23:00:00,8651,8668,8656,8650,8641,8647,8662,8670,3733,2671,1,1,5,-1,21,23,6,2,10,3,6,16,5,1.2,1.2,-2.0,2.0,2.0,2.0,-3.0,3.0,3.2,3.2,-5.0,5.0,-5.0,5.0,0,0,1,2,-3.736669747770593,-0.700219247506173
2014-07-04 13:00:00,8613,8658,8621,8612,8605,8604,8631,8664,14403,34630,1,1,8,-1,26,60,10,6,8,8,9,18,14,1.25,1.25,-6.0,6.0,1.0,1.0,-8.0,8.0,2.25,2.25,-14.0,14.0,-8.0,8.0,0,0,1,2,-3.466332283563266,-0.07314068658049698
2014-07-07 12:00:00,8535,8556,8553,8533,8520,8519,8555,8569,16728,33533,1,1,18,-2,35,50,2,13,15,14,20,17,27,0.1111111111111111,0.1111111111111111,-6.5,6.5,0.8333333333333334,0.8333333333333334,-7.0,7.0,0.9444444444444444,0.9444444444444444,-13.5,13.5,-9.0,9.0,0,0,1,2,-3.3779849859208566,0.003442254074052044
2014-07-07 16:00:00,8601,8605,8603,8599,8593,8592,8624,8624,21871,27034,1,1,2,-2,31,32,21,19,8,7,4,29,26,10.5,10.5,-9.5,9.5,4.0,4.0,-3.5,3.5,14.5,14.5,-13.0,13.0,-1.0,1.0,0,0,1,2,-3.282437710167088,0.4955616824647994
2014-07-08 18:00:00,8591,8686,8606,8590,8573,8572,8636,8687,42445,112989,1,1,15,-1,63,115,30,1,18,18,16,48,19,2.0,2.0,-1.0,1.0,1.2,1.2,-18.0,18.0,3.2,3.2,-19.0,19.0,-15.0,15.0,0,0,1,2,-2.9823240019173354,1.2385439394494864
2014-07-10 14:00:00,8560,8580,8570,8556,8531,8550,8591,8613,56249,54513,1,1,10,-4,60,63,21,33,29,6,14,50,39,2.1,2.1,-8.25,8.25,2.9,2.9,-1.5,1.5,5.0,5.0,-9.75,9.75,-2.5,2.5,0,0,1,2,-3.1086734371227607,0.7836737205728266
2014-07-16 14:00:00,8383,8492,8405,8382,8380,8368,8419,8496,41390,100586,1,1,22,-1,39,128,14,4,3,14,23,17,18,0.6363636363636364,0.6363636363636364,-4.0,4.0,0.13636363636363635,0.13636363636363635,-14.0,14.0,0.7727272727272727,0.7727272727272727,-18.0,18.0,-22.0,22.0,0,0,1,2,-3.241750597006066,0.909629792915393
2014-07-16 22:00:00,8487,8508,8490,8485,8486,8478,8513,8515,9474,6568,1,1,3,-2,27,37,23,7,1,7,5,24,14,7.666666666666667,7.666666666666667,-3.5,3.5,0.3333333333333333,0.3333333333333333,-3.5,3.5,8.0,8.0,-7.0,7.0,-1.5,1.5,0,0,1,2,-3.563666886172185,-0.24048655376137318
2014-07-30 13:00:00,7594,7620,7615,7591,7592,7588,7626,7658,45386,82623,1,1,21,-3,34,70,11,38,2,3,24,13,41,0.5238095238095238,0.5238095238095238,-12.666666666666666,12.666666666666666,0.09523809523809523,0.09523809523809523,-1.0,1.0,0.6190476190476191,0.6190476190476191,-13.666666666666666,13.666666666666666,-7.0,7.0,0,0,1,2,-3.5550979962170723,0.7500486387400532
2014-07-30 20:00:00,7411,7456,7423,7410,7395,7380,7432,7461,13078,51092,1,1,12,-1,37,81,9,5,16,30,13,25,35,0.75,0.75,-5.0,5.0,1.3333333333333333,1.3333333333333333,-30.0,30.0,2.0833333333333335,2.0833333333333335,-35.0,35.0,-12.0,12.0,0,0,1,2,-3.1562878936473524,1.0218982374064645
2014-08-06 11:00:00,7061,7200,7127,7060,7036,6998,7134,7210,155102,312231,1,1,66,-1,98,212,7,10,25,62,67,32,72,0.10606060606060606,0.10606060606060606,-10.0,10.0,0.3787878787878788,0.3787878787878788,-62.0,62.0,0.48484848484848486,0.48484848484848486,-72.0,72.0,-66.0,66.0,0,0,1,2,-1.8033240069824363,5.782194746522413
2014-08-06 19:00:00,6999,7010,7000,6990,6969,6963,7040,7027,26518,87560,1,1,1,-9,71,64,40,17,30,27,10,70,44,40.0,40.0,-1.8888888888888888,1.8888888888888888,30.0,30.0,-3.0,3.0,70.0,70.0,-4.888888888888889,4.888888888888889,-0.1111111111111111,0.1111111111111111,0,0,1,1,-2.6182609237770826,3.913490720336322
2014-08-11 22:00:00,7464,7469,7466,7463,7451,7448,7477,7485,4484,9105,1,1,2,-1,26,37,11,16,13,15,3,24,31,5.5,5.5,-16.0,16.0,6.5,6.5,-15.0,15.0,12.0,12.0,-31.0,31.0,-2.0,2.0,0,0,1,2,-3.280222511187678,0.8014528767865104
2014-08-15 14:00:00,7478,7518,7489,7475,7451,7442,7495,7534,23561,86151,1,1,11,-3,44,92,6,16,27,33,14,33,49,0.5454545454545454,0.5454545454545454,-5.333333333333333,5.333333333333333,2.4545454545454546,2.4545454545454546,-11.0,11.0,3.0,3.0,-16.333333333333332,16.333333333333332,-3.6666666666666665,3.6666666666666665,0,0,1,2,-3.3322506192796935,0.9704525287234612
2014-08-15 17:00:00,7579,7605,7591,7577,7565,7556,7609,7645,48092,86644,1,1,12,-2,44,89,18,40,14,21,14,32,61,1.5,1.5,-20.0,20.0,1.1666666666666667,1.1666666666666667,-10.5,10.5,2.6666666666666665,2.6666666666666665,-30.5,30.5,-6.0,6.0,0,0,1,2,-3.011750292461675,1.5745995786266747
2014-08-21 12:00:00,7779,7792,7784,7778,7763,7755,7795,7810,41050,93483,1,1,5,-1,32,55,11,18,16,23,6,27,41,2.2,2.2,-18.0,18.0,3.2,3.2,-23.0,23.0,5.4,5.4,-41.0,41.0,-5.0,5.0,0,0,1,2,-3.0593401341638247,1.6246387232557633
2014-08-26 21:00:00,7774,7806,7782,7772,7755,7771,7788,7825,8816,12990,1,1,8,-2,33,54,6,19,19,1,10,25,20,0.75,0.75,-9.5,9.5,2.375,2.375,-0.5,0.5,3.125,3.125,-10.0,10.0,-4.0,4.0,0,0,1,2,-3.631939462444257,-0.10467427758889165
2014-08-27 19:00:00,7827,7846,7843,7825,7822,7810,7855,7850,8918,46688,1,1,16,-2,33,40,12,4,5,15,18,17,19,0.75,0.75,-2.0,2.0,0.3125,0.3125,-7.5,7.5,1.0625,1.0625,-9.5,9.5,-8.0,8.0,0,0,1,2,-3.7019510737188637,-0.032419150241501424
2014-08-28 17:00:00,7494,7536,7524,7492,7478,7489,7532,7546,94197,79725,1,1,30,-2,54,57,8,10,16,3,32,24,13,0.26666666666666666,0.26666666666666666,-5.0,5.0,0.5333333333333333,0.5333333333333333,-1.5,1.5,0.8,0.8,-6.5,6.5,-15.0,15.0,0,0,1,2,-3.7787537770789807,0.9450134265308029
2014-08-28 21:00:00,7518,7534,7525,7516,7515,7516,7532,7538,4045,6822,1,1,7,-2,17,22,7,4,3,0,9,10,4,1.0,1.0,-2.0,2.0,0.42857142857142855,0.42857142857142855,-0.0,0.0,1.4285714285714286,1.4285714285714286,-2.0,2.0,-3.5,3.5,0,0,1,2,-4.138415475108061,-0.6965364976066301
2014-08-28 22:00:00,7524,7518,7502,7525,7501,7515,7528,7532,4371,4045,1,1,-22,1,27,17,4,7,1,3,-23,5,10,-0.18181818181818182,0.18181818181818182,7.0,7.0,-0.045454545454545456,0.045454545454545456,3.0,3.0,-0.22727272727272727,0.22727272727272727,10.0,10.0,-22.0,22.0,0,0,1,2,-4.193645327911962,-0.717165872777609
2014-08-28 23:00:00,7503,7524,7513,7502,7492,7501,7516,7528,5984,4371,1,1,10,-1,24,27,3,4,11,1,11,14,5,0.3,0.3,-4.0,4.0,1.1,1.1,-1.0,1.0,1.4,1.4,-5.0,5.0,-10.0,10.0,0,0,1,2,-3.996845748024339,-0.4957593307979085
2014-08-29 10:00:00,7510,7503,7451,7513,7381,7492,7513,7516,193641,5984,1,1,-59,3,132,24,3,3,70,11,-62,73,14,-0.05084745762711865,0.05084745762711865,1.0,1.0,-1.1864406779661016,1.1864406779661016,3.6666666666666665,3.6666666666666665,-1.2372881355932204,1.2372881355932204,4.666666666666667,4.666666666666667,-19.666666666666668,19.666666666666668,0,0,1,2,-3.9273877516735474,1.244152239616596
2014-08-29 11:00:00,7453,7510,7498,7451,7434,7381,7527,7513,164409,193641,1,1,45,-2,93,132,29,3,19,70,47,48,73,0.6444444444444445,0.6444444444444445,-1.5,1.5,0.4222222222222222,0.4222222222222222,-35.0,35.0,1.0666666666666667,1.0666666666666667,-36.5,36.5,-22.5,22.5,0,0,1,2,-2.5928446683258404,3.7817536566843875
2014-09-02 13:00:00,7344,7386,7374,7341,7328,7331,7389,7402,51522,111831,1,1,30,-3,61,71,15,16,16,10,33,31,26,0.5,0.5,-5.333333333333333,5.333333333333333,0.5333333333333333,0.5333333333333333,-3.3333333333333335,3.3333333333333335,1.0333333333333334,1.0333333333333334,-8.666666666666666,8.666666666666666,-10.0,10.0,0,0,1,2,-3.5968008844464854,1.0263446027485674
2014-09-05 10:00:00,7869,7930,7926,7867,7858,7830,7948,7934,100282,47803,1,1,57,-2,90,104,22,4,11,37,59,33,41,0.38596491228070173,0.38596491228070173,-2.0,2.0,0.19298245614035087,0.19298245614035087,-18.5,18.5,0.5789473684210527,0.5789473684210527,-20.5,20.5,-28.5,28.5,0,0,1,2,-2.8479745198467743,1.6889426704811819
2014-09-05 20:00:00,8007,8030,8023,8006,8003,7972,8029,8106,9132,30751,1,1,16,-1,26,134,6,76,4,34,17,10,110,0.375,0.375,-76.0,76.0,0.25,0.25,-34.0,34.0,0.625,0.625,-110.0,110.0,-16.0,16.0,0,0,1,2,-1.2634435116329845,3.04600586732587
2014-09-08 22:00:00,7888,7932,7913,7885,7883,7877,7917,7942,4760,12557,1,1,25,-3,34,65,4,10,5,8,28,9,18,0.16,0.16,-3.3333333333333335,3.3333333333333335,0.2,0.2,-2.6666666666666665,2.6666666666666665,0.36,0.36,-6.0,6.0,-8.333333333333334,8.333333333333334,0,0,1,2,-3.691941173374764,-0.38539100266118287
2014-09-11 15:00:00,7838,8010,7873,7834,7823,7830,7900,8012,17696,11065,1,1,35,-4,77,182,27,2,15,4,39,42,6,0.7714285714285715,0.7714285714285715,-0.5,0.5,0.42857142857142855,0.42857142857142855,-1.0,1.0,1.2,1.2,-1.5,1.5,-8.75,8.75,0,0,1,2,-3.2927880276290753,0.06200622622396007
2014-09-11 16:00:00,7868,7838,7783,7873,7766,7823,7871,7900,16976,17696,1,1,-85,5,105,77,3,27,17,15,-90,20,42,-0.03529411764705882,0.03529411764705882,5.4,5.4,-0.2,0.2,3.0,3.0,-0.23529411764705882,0.23529411764705882,8.4,8.4,-17.0,17.0,0,0,1,2,-3.899460659726101,-0.2753557295984036
2014-09-11 17:00:00,7786,7868,7788,7783,7757,7766,7823,7871,16825,16976,1,1,2,-3,66,105,35,3,29,17,5,64,20,17.5,17.5,-1.0,1.0,14.5,14.5,-5.666666666666667,5.666666666666667,32.0,32.0,-6.666666666666667,6.666666666666667,-0.6666666666666666,0.6666666666666666,0,0,1,2,-2.974382961141137,1.5281911390994238
2014-09-15 18:00:00,7691,7730,7711,7690,7685,7686,7728,7745,31503,41521,1,1,20,-1,43,59,17,15,6,4,21,23,19,0.85,0.85,-15.0,15.0,0.3,0.3,-4.0,4.0,1.15,1.15,-19.0,19.0,-20.0,20.0,0,0,1,2,-3.416679900320842,0.576006551551357
2014-09-23 16:00:00,7810,7825,7820,7809,7798,7795,7832,7839,24073,24193,1,1,10,-1,34,44,12,14,12,14,11,24,28,1.2,1.2,-14.0,14.0,1.2,1.2,-14.0,14.0,2.4,2.4,-28.0,28.0,-10.0,10.0,0,0,1,2,-3.295919533028178,0.5778729707896408
2014-09-24 18:00:00,8030,8056,8045,8028,8005,8019,8087,8060,64716,31111,1,1,15,-2,82,41,42,4,25,9,17,67,13,2.8,2.8,-2.0,2.0,1.6666666666666667,1.6666666666666667,-4.5,4.5,4.466666666666667,4.466666666666667,-6.5,6.5,-7.5,7.5,0,0,1,2,-3.309055743334814,0.7149833331604939
2014-09-25 21:00:00,7884,7913,7886,7883,7877,7867,7892,7913,4893,24317,1,1,2,-1,15,46,6,0,7,16,3,13,16,3.0,3.0,-0.0,0.0,3.5,3.5,-16.0,16.0,6.5,6.5,-16.0,16.0,-2.0,2.0,0,0,1,2,-3.6825913972916116,0.02830776380925232
2014-09-30 16:00:00,7824,7852,7846,7823,7803,7816,7862,7864,49823,52750,1,1,22,-1,59,48,16,12,21,7,23,37,19,0.7272727272727273,0.7272727272727273,-12.0,12.0,0.9545454545454546,0.9545454545454546,-7.0,7.0,1.6818181818181819,1.6818181818181819,-19.0,19.0,-22.0,22.0,0,0,1,2,-3.281845167747436,0.9075233200229031
2014-10-09 16:00:00,7503,7583,7518,7501,7483,7488,7529,7583,74750,116391,1,1,15,-2,46,95,11,0,20,13,17,31,13,0.7333333333333333,0.7333333333333333,-0.0,0.0,1.3333333333333333,1.3333333333333333,-6.5,6.5,2.066666666666667,2.066666666666667,-6.5,6.5,-7.5,7.5,0,0,1,2,-3.785837793965145,1.0383031565680514
2014-10-09 23:00:00,7412,7443,7417,7410,7401,7403,7432,7446,9424,12202,1,1,5,-2,31,43,15,3,11,7,7,26,10,3.0,3.0,-1.5,1.5,2.2,2.2,-3.5,3.5,5.2,5.2,-5.0,5.0,-2.5,2.5,0,0,1,2,-3.8848206007944226,-0.17454808981916126
2014-10-14 10:00:00,7510,7571,7568,7506,7510,7501,7583,7575,86995,24986,1,1,58,-4,73,74,15,4,0,5,62,15,9,0.25862068965517243,0.25862068965517243,-1.0,1.0,0.0,0.0,-1.25,1.25,0.25862068965517243,0.25862068965517243,-2.25,2.25,-14.5,14.5,0,0,1,2,-3.6864237094916774,0.5009237622641891
2014-10-15 12:00:00,7431,7497,7432,7428,7407,7428,7455,7525,75978,94580,1,1,1,-3,48,97,23,28,24,0,4,47,28,23.0,23.0,-9.333333333333334,9.333333333333334,24.0,24.0,-0.0,0.0,47.0,47.0,-9.333333333333334,9.333333333333334,-0.3333333333333333,0.3333333333333333,0,0,1,1,-3.073039687499595,3.113585554658775
2014-10-17 14:00:00,7346,7382,7348,7345,7323,7341,7372,7399,68832,47003,1,1,2,-1,49,58,24,17,23,4,3,47,21,12.0,12.0,-17.0,17.0,11.5,11.5,-4.0,4.0,23.5,23.5,-21.0,21.0,-2.0,2.0,0,0,1,2,-3.2622467998682185,1.948509569476062
2014-10-17 23:00:00,7406,7443,7416,7403,7382,7400,7425,7447,12579,15546,1,1,10,-3,43,47,9,4,24,3,13,33,7,0.9,0.9,-1.3333333333333333,1.3333333333333333,2.4,2.4,-1.0,1.0,3.3,3.3,-2.3333333333333335,2.3333333333333335,-3.3333333333333335,3.3333333333333335,0,0,1,2,-3.8673665700732474,-0.2114886416327737
2014-10-23 19:00:00,7252,7270,7266,7250,7236,7231,7286,7304,15520,125861,1,1,14,-2,50,73,20,34,16,19,16,36,53,1.4285714285714286,1.4285714285714286,-17.0,17.0,1.1428571428571428,1.1428571428571428,-9.5,9.5,2.5714285714285716,2.5714285714285716,-26.5,26.5,-7.0,7.0,0,0,1,2,-3.1739502628326366,1.4878898758680912
2014-10-23 20:00:00,7267,7252,7245,7266,7241,7236,7271,7286,4833,15520,1,1,-22,-1,30,50,4,20,4,16,-21,8,36,-0.18181818181818182,0.18181818181818182,-20.0,20.0,-0.18181818181818182,0.18181818181818182,-16.0,16.0,-0.36363636363636365,0.36363636363636365,-36.0,36.0,22.0,22.0,0,0,1,2,-3.5537934162959015,0.31902957893109657
2014-10-23 21:00:00,7246,7267,7257,7245,7233,7241,7265,7271,7027,4833,1,1,11,-1,32,30,8,4,13,4,12,21,8,0.7272727272727273,0.7272727272727273,-4.0,4.0,1.1818181818181819,1.1818181818181819,-4.0,4.0,1.9090909090909092,1.9090909090909092,-8.0,8.0,-11.0,11.0,0,0,1,2,-3.9067985794289166,-0.24446366776645936
2014-10-23 22:00:00,7256,7246,7239,7257,7238,7233,7275,7265,7835,7027,1,1,-17,1,37,32,19,8,1,13,-18,20,21,-1.1176470588235294,1.1176470588235294,8.0,8.0,-0.058823529411764705,0.058823529411764705,13.0,13.0,-1.1764705882352942,1.1764705882352942,21.0,21.0,-17.0,17.0,0,0,1,2,-4.049833229555163,-0.43434304856522443
2014-10-23 23:00:00,7240,7256,7248,7239,7232,7238,7249,7275,6600,7835,1,1,8,-1,17,37,1,19,8,1,9,9,20,0.125,0.125,-19.0,19.0,1.0,1.0,-1.0,1.0,1.125,1.125,-20.0,20.0,-8.0,8.0,0,0,1,2,-3.7749923131317775,-0.027884967860722285
2014-10-27 19:00:00,7367,7400,7394,7366,7339,7360,7403,7412,15309,56270,1,1,27,-1,64,52,9,12,28,6,28,37,18,0.3333333333333333,0.3333333333333333,-12.0,12.0,1.037037037037037,1.037037037037037,-6.0,6.0,1.3703703703703705,1.3703703703703705,-18.0,18.0,-27.0,27.0,0,0,1,2,-3.319028493707429,0.7773392197390694
2014-10-28 16:00:00,7460,7483,7472,7458,7440,7454,7483,7509,46176,53829,1,1,12,-2,43,55,11,26,20,4,14,31,30,0.9166666666666666,0.9166666666666666,-13.0,13.0,1.6666666666666667,1.6666666666666667,-2.0,2.0,2.5833333333333335,2.5833333333333335,-15.0,15.0,-6.0,6.0,0,0,1,2,-3.5458757151333957,0.7271783886097648
2014-11-05 11:00:00,7597,7636,7598,7596,7573,7586,7623,7660,79365,177429,1,1,1,-1,50,74,25,24,24,10,2,49,34,25.0,25.0,-24.0,24.0,24.0,24.0,-10.0,10.0,49.0,49.0,-34.0,34.0,-1.0,1.0,0,0,1,1,-2.67127365763335,4.313931091826869
2014-11-05 17:00:00,7604,7644,7628,7603,7597,7602,7657,7654,61174,60280,1,1,24,-1,60,52,29,10,7,1,25,36,11,1.2083333333333333,1.2083333333333333,-10.0,10.0,0.2916666666666667,0.2916666666666667,-1.0,1.0,1.5,1.5,-11.0,11.0,-24.0,24.0,0,0,1,2,-3.5055291985847736,0.8494625653562907
2014-11-06 19:00:00,7552,7666,7571,7539,7523,7535,7588,7668,33506,169194,1,1,19,-13,65,133,17,2,29,4,32,46,6,0.8947368421052632,0.8947368421052632,-0.15384615384615385,0.15384615384615385,1.5263157894736843,1.5263157894736843,-0.3076923076923077,0.3076923076923077,2.4210526315789473,2.4210526315789473,-0.46153846153846156,0.46153846153846156,-1.4615384615384615,1.4615384615384615,0,0,1,2,-3.6051754165123837,0.9313037203750456
2014-11-10 13:00:00,7773,7801,7790,7770,7766,7761,7806,7821,43269,107143,1,1,17,-3,40,60,16,20,7,9,20,23,29,0.9411764705882353,0.9411764705882353,-6.666666666666667,6.666666666666667,0.4117647058823529,0.4117647058823529,-3.0,3.0,1.3529411764705883,1.3529411764705883,-9.666666666666666,9.666666666666666,-5.666666666666667,5.666666666666667,0,0,1,2,-3.6295042642872626,0.7333555474986779
2014-11-11 20:00:00,7747,7780,7759,7745,7744,7741,7783,7821,8892,21174,1,1,12,-2,39,80,24,41,3,4,14,27,45,2.0,2.0,-20.5,20.5,0.25,0.25,-2.0,2.0,2.25,2.25,-22.5,22.5,-6.0,6.0,0,0,1,2,-3.1673976993182134,0.4908683947848074
2014-11-18 11:00:00,7469,7501,7483,7468,7407,7457,7488,7517,128733,63988,1,1,14,-1,81,60,5,16,62,11,15,67,27,0.35714285714285715,0.35714285714285715,-16.0,16.0,4.428571428571429,4.428571428571429,-11.0,11.0,4.785714285714286,4.785714285714286,-27.0,27.0,-14.0,14.0,0,0,1,2,-3.0860958562422036,2.15929676134464
2014-11-20 17:00:00,7363,7394,7390,7362,7361,7362,7396,7395,37357,32920,1,1,27,-1,35,33,6,1,2,0,28,8,1,0.2222222222222222,0.2222222222222222,-1.0,1.0,0.07407407407407407,0.07407407407407407,-0.0,0.0,0.2962962962962963,0.2962962962962963,-1.0,1.0,-27.0,27.0,0,0,1,2,-4.015808504519328,-0.039220903409179775
2014-11-21 20:00:00,7472,7489,7476,7470,7464,7461,7484,7541,3822,14772,1,1,4,-2,20,80,8,52,8,9,6,16,61,2.0,2.0,-26.0,26.0,2.0,2.0,-4.5,4.5,4.0,4.0,-30.5,30.5,-2.0,2.0,0,0,1,2,-3.1489554073995953,0.6724679856930064
2014-11-25 11:00:00,7467,7507,7468,7465,7426,7456,7474,7508,63078,46189,1,1,1,-2,48,52,6,1,41,9,3,47,10,6.0,6.0,-0.5,0.5,41.0,41.0,-4.5,4.5,47.0,47.0,-5.0,5.0,-0.5,0.5,0,0,1,1,-3.2853016656489307,2.4732660052692137
2014-11-28 12:00:00,7235,7259,7248,7234,7177,7224,7259,7262,122912,63995,1,1,13,-1,82,38,11,3,58,10,14,69,13,0.8461538461538461,0.8461538461538461,-3.0,3.0,4.461538461538462,4.461538461538462,-10.0,10.0,5.3076923076923075,5.3076923076923075,-13.0,13.0,-13.0,13.0,0,0,1,2,-3.4822691843680067,1.7176091481766131
2014-12-02 23:00:00,7148,7170,7166,7146,7146,7127,7175,7175,9537,17575,1,1,18,-2,29,48,9,5,2,19,20,11,24,0.5,0.5,-2.5,2.5,0.1111111111111111,0.1111111111111111,-9.5,9.5,0.6111111111111112,0.6111111111111112,-12.0,12.0,-9.0,9.0,0,0,1,2,-3.8060908546777714,-0.02232520697586377
2014-12-04 19:00:00,7131,7156,7155,7123,7102,7120,7164,7162,20983,79732,1,1,24,-8,62,42,9,6,29,3,32,38,9,0.375,0.375,-0.75,0.75,1.2083333333333333,1.2083333333333333,-0.375,0.375,1.5833333333333333,1.5833333333333333,-1.125,1.125,-3.0,3.0,0,0,1,2,-3.8476863693933545,0.25486678038285887
2014-12-05 12:00:00,7099,7153,7134,7098,7073,7070,7140,7171,56929,70709,1,1,35,-1,67,101,6,18,26,28,36,32,46,0.17142857142857143,0.17142857142857143,-18.0,18.0,0.7428571428571429,0.7428571428571429,-28.0,28.0,0.9142857142857143,0.9142857142857143,-46.0,46.0,-35.0,35.0,0,0,1,2,-2.6741215473665076,2.222344960643309
2014-12-12 14:00:00,6737,6766,6748,6734,6706,6728,6777,6828,31750,48675,1,1,11,-3,71,100,29,62,31,6,14,60,68,2.6363636363636362,2.6363636363636362,-20.666666666666668,20.666666666666668,2.8181818181818183,2.8181818181818183,-2.0,2.0,5.454545454545454,5.454545454545454,-22.666666666666668,22.666666666666668,-3.6666666666666665,3.6666666666666665,0,0,1,2,-2.9556362680030324,1.5852721199590711
2014-12-12 23:00:00,6547,6563,6550,6543,6532,6541,6550,6565,3986,3060,1,1,3,-4,18,24,0,2,15,2,7,15,4,0.0,0.0,-0.5,0.5,5.0,5.0,-0.5,0.5,5.0,5.0,-1.0,1.0,-0.75,0.75,0,0,1,2,-4.3314844165457025,-0.42519104455743845
2014-12-15 22:00:00,5986,6132,6004,5977,5900,5861,6083,6195,34737,45755,1,1,18,-9,183,334,79,63,86,116,27,165,179,4.388888888888889,4.388888888888889,-7.0,7.0,4.777777777777778,4.777777777777778,-12.88888888888889,12.88888888888889,9.166666666666666,9.166666666666666,-19.88888888888889,19.88888888888889,-2.0,2.0,0,0,1,2,-1.0226605251433645,3.850712755802083
2014-12-17 19:00:00,6178,6241,6216,6169,6142,6065,6249,6290,19354,197974,1,1,38,-9,107,225,33,49,36,104,47,69,153,0.868421052631579,0.868421052631579,-5.444444444444445,5.444444444444445,0.9473684210526315,0.9473684210526315,-11.555555555555555,11.555555555555555,1.8157894736842106,1.8157894736842106,-17.0,17.0,-4.222222222222222,4.222222222222222,0,0,1,2,-2.2722664435293596,3.1491719863060954
2014-12-18 13:00:00,6654,6710,6694,6653,6551,6576,6732,6809,96644,186801,1,1,40,-1,181,233,38,99,103,77,41,141,176,0.95,0.95,-99.0,99.0,2.575,2.575,-77.0,77.0,3.525,3.525,-176.0,176.0,-40.0,40.0,0,0,1,4,1.3476672732097246,8.626853620020118
2014-12-18 16:00:00,6676,6732,6706,6674,6646,6520,6872,6824,125384,137768,1,1,30,-2,226,304,166,92,30,154,32,196,246,5.533333333333333,5.533333333333333,-46.0,46.0,1.0,1.0,-77.0,77.0,6.533333333333333,6.533333333333333,-123.0,123.0,-15.0,15.0,0,0,1,4,1.4503372619238557,8.279925673239342
2014-12-23 18:00:00,5650,5832,5683,5649,5488,5620,5712,5848,128158,136454,1,1,33,-1,224,228,29,16,162,29,34,191,45,0.8787878787878788,0.8787878787878788,-16.0,16.0,4.909090909090909,4.909090909090909,-29.0,29.0,5.787878787878788,5.787878787878788,-45.0,45.0,-33.0,33.0,0,0,1,2,-1.56922795917605,5.054501482249529
2014-12-25 12:00:00,5777,5832,5791,5776,5723,5762,5801,5841,42367,45839,1,1,14,-1,78,79,10,9,54,14,15,64,23,0.7142857142857143,0.7142857142857143,-9.0,9.0,3.857142857142857,3.857142857142857,-14.0,14.0,4.571428571428571,4.571428571428571,-23.0,23.0,-14.0,14.0,0,0,1,2,-3.479737860932176,1.5747261994252995
2014-12-29 22:00:00,5491,5524,5498,5490,5476,5473,5519,5538,7112,11103,1,1,7,-1,43,65,21,14,15,17,8,36,31,3.0,3.0,-14.0,14.0,2.142857142857143,2.142857142857143,-17.0,17.0,5.142857142857143,5.142857142857143,-31.0,31.0,-7.0,7.0,0,0,1,2,-3.639220139426674,1.0858241769339891
2015-01-05 21:00:00,5749,5767,5766,5745,5743,5740,5781,5778,3296,3611,1,1,17,-4,38,38,15,11,6,5,21,21,16,0.8823529411764706,0.8823529411764706,-2.75,2.75,0.35294117647058826,0.35294117647058826,-1.25,1.25,1.2352941176470589,1.2352941176470589,-4.0,4.0,-4.25,4.25,0,0,1,2,-4.251630834561167,-0.12012431167029707
2015-01-06 20:00:00,5920,5952,5932,5919,5910,5877,5936,5978,3854,9465,1,1,12,-1,26,101,4,26,10,42,13,14,68,0.3333333333333333,0.3333333333333333,-26.0,26.0,0.8333333333333334,0.8333333333333334,-42.0,42.0,1.1666666666666667,1.1666666666666667,-68.0,68.0,-12.0,12.0,0,0,1,2,-2.8063444176404486,1.8948504302450746
2015-01-12 11:00:00,6406,6500,6440,6404,6372,6320,6475,6535,64829,102501,1,1,34,-2,103,215,35,35,34,84,36,69,119,1.0294117647058822,1.0294117647058822,-17.5,17.5,1.0,1.0,-42.0,42.0,2.0294117647058822,2.0294117647058822,-59.5,59.5,-17.0,17.0,0,0,1,2,-1.7570216756714905,3.806323199048212
2015-01-13 22:00:00,6201,6239,6211,6198,6176,6191,6245,6244,9431,5113,1,1,10,-3,69,53,34,5,25,7,13,59,12,3.4,3.4,-1.6666666666666667,1.6666666666666667,2.5,2.5,-2.3333333333333335,2.3333333333333335,5.9,5.9,-4.0,4.0,-3.3333333333333335,3.3333333333333335,0,0,1,2,-3.815135635009329,0.34140309138702557
2015-01-19 22:00:00,6235,6246,6241,6234,6230,6215,6264,6246,5490,8146,1,1,6,-1,34,31,23,0,5,19,7,28,19,3.8333333333333335,3.8333333333333335,-0.0,0.0,0.8333333333333334,0.8333333333333334,-19.0,19.0,4.666666666666667,4.666666666666667,-19.0,19.0,-6.0,6.0,0,0,1,2,-3.8712111596633245,0.402535151887995
2015-01-22 12:00:00,6412,6436,6426,6409,6412,6363,6472,6455,75568,77935,1,1,14,-3,60,92,46,19,0,46,17,46,65,3.2857142857142856,3.2857142857142856,-6.333333333333333,6.333333333333333,0.0,0.0,-15.333333333333334,15.333333333333334,3.2857142857142856,3.2857142857142856,-21.666666666666668,21.666666666666668,-4.666666666666667,4.666666666666667,0,0,1,2,-3.2936207837694593,1.9060053389239213
2015-01-29 19:00:00,6159,6236,6175,6157,6141,6143,6189,6257,17255,89107,1,1,16,-2,48,114,14,21,18,14,18,32,35,0.875,0.875,-10.5,10.5,1.125,1.125,-7.0,7.0,2.0,2.0,-17.5,17.5,-8.0,8.0,0,0,1,2,-3.651293094895677,1.1496443791686861
2015-01-30 14:00:00,6104,6150,6125,6103,6030,6066,6137,6192,131699,147110,1,1,21,-1,107,126,12,42,74,37,22,86,79,0.5714285714285714,0.5714285714285714,-42.0,42.0,3.5238095238095237,3.5238095238095237,-37.0,37.0,4.095238095238095,4.095238095238095,-79.0,79.0,-21.0,21.0,0,0,1,2,-1.9372216941107891,4.853957571420619
2015-02-02 17:00:00,6181,6255,6210,6178,6175,6162,6243,6269,86297,88673,1,1,29,-3,68,107,33,14,6,16,32,39,30,1.1379310344827587,1.1379310344827587,-4.666666666666667,4.666666666666667,0.20689655172413793,0.20689655172413793,-5.333333333333333,5.333333333333333,1.3448275862068966,1.3448275862068966,-10.0,10.0,-9.666666666666666,9.666666666666666,0,0,1,2,-3.7281915480763783,1.5507746062012284
2015-02-04 13:00:00,6198,6267,6220,6196,6174,6189,6234,6275,54304,95999,1,1,22,-2,60,86,14,8,24,7,24,38,15,0.6363636363636364,0.6363636363636364,-4.0,4.0,1.0909090909090908,1.0909090909090908,-3.5,3.5,1.7272727272727273,1.7272727272727273,-7.5,7.5,-11.0,11.0,0,0,1,2,-3.9299877902701614,1.1300321759218184
2015-02-09 13:00:00,6719,6759,6738,6718,6690,6696,6768,6765,98706,101845,1,1,19,-1,78,69,30,6,29,22,20,59,28,1.5789473684210527,1.5789473684210527,-6.0,6.0,1.5263157894736843,1.5263157894736843,-22.0,22.0,3.1052631578947367,3.1052631578947367,-28.0,28.0,-19.0,19.0,0,0,1,2,-3.2349482636392852,2.2774937533872435
2015-02-09 23:00:00,6621,6671,6622,6618,6604,6615,6628,6699,7128,19572,1,1,1,-3,24,84,6,28,17,3,4,23,31,6.0,6.0,-9.333333333333334,9.333333333333334,17.0,17.0,-1.0,1.0,23.0,23.0,-10.333333333333334,10.333333333333334,-0.3333333333333333,0.3333333333333333,0,0,1,2,-3.6218263659275,1.0632724425387876
2015-02-10 18:00:00,6527,6572,6550,6525,6516,6520,6574,6609,86549,85461,1,1,23,-2,58,89,24,37,11,5,25,35,42,1.0434782608695652,1.0434782608695652,-18.5,18.5,0.4782608695652174,0.4782608695652174,-2.5,2.5,1.5217391304347827,1.5217391304347827,-21.0,21.0,-11.5,11.5,0,0,1,2,-3.4752978714817684,1.7565145060449134
2015-02-11 17:00:00,6601,6685,6609,6600,6584,6592,6635,6689,88693,105249,1,1,8,-1,51,97,26,4,17,8,9,43,12,3.25,3.25,-4.0,4.0,2.125,2.125,-8.0,8.0,5.375,5.375,-12.0,12.0,-8.0,8.0,0,0,1,2,-3.827327856849507,1.5898686193035958
2015-02-13 17:00:00,7031,7067,7065,7029,7004,7003,7077,7080,89802,124239,1,1,34,-2,73,77,12,13,27,26,36,39,39,0.35294117647058826,0.35294117647058826,-6.5,6.5,0.7941176470588235,0.7941176470588235,-13.0,13.0,1.1470588235294117,1.1470588235294117,-19.5,19.5,-17.0,17.0,0,0,1,2,-3.3344237839338486,1.9637218317027623
2015-02-16 14:00:00,7054,7139,7065,7053,7022,7051,7075,7142,83510,98471,1,1,11,-1,53,91,10,3,32,2,12,42,5,0.9090909090909091,0.9090909090909091,-3.0,3.0,2.909090909090909,2.909090909090909,-2.0,2.0,3.8181818181818183,3.8181818181818183,-5.0,5.0,-11.0,11.0,0,0,1,2,-3.873126468690862,1.1627517618311463
2015-02-17 19:00:00,7269,7350,7297,7264,7259,7261,7320,7360,29993,127243,1,1,28,-5,61,99,23,10,10,3,33,33,13,0.8214285714285714,0.8214285714285714,-2.0,2.0,0.35714285714285715,0.35714285714285715,-0.6,0.6,1.1785714285714286,1.1785714285714286,-2.6,2.6,-5.6,5.6,0,0,1,2,-3.7341695422935577,0.7348204313556224
2015-02-18 19:00:00,7701,7730,7714,7699,7694,7682,7769,7740,35920,78161,1,1,13,-2,75,58,55,10,7,17,15,62,27,4.230769230769231,4.230769230769231,-5.0,5.0,0.5384615384615384,0.5384615384615384,-8.5,8.5,4.769230769230769,4.769230769230769,-13.5,13.5,-6.5,6.5,0,0,1,2,-3.2026766136419074,1.0839565690675708
2015-02-18 20:00:00,7715,7701,7703,7714,7692,7694,7756,7769,15159,35920,1,1,-12,-1,64,75,41,55,11,7,-11,52,62,-3.4166666666666665,3.4166666666666665,-55.0,55.0,-0.9166666666666666,0.9166666666666666,-7.0,7.0,-4.333333333333333,4.333333333333333,-62.0,62.0,12.0,12.0,0,0,1,2,-2.3921482368646574,1.6758711741035337
2015-02-18 21:00:00,7706,7715,7713,7703,7695,7692,7718,7756,8707,15159,1,1,7,-3,23,64,5,41,11,11,10,16,52,0.7142857142857143,0.7142857142857143,-13.666666666666666,13.666666666666666,1.5714285714285714,1.5714285714285714,-3.6666666666666665,3.6666666666666665,2.2857142857142856,2.2857142857142856,-17.333333333333332,17.333333333333332,-2.3333333333333335,2.3333333333333335,0,0,1,2,-3.391801786711872,0.20330294252237735
2015-02-19 12:00:00,7397,7589,7439,7395,7365,7384,7460,7600,134905,318476,1,1,42,-2,95,216,21,11,32,11,44,53,22,0.5,0.5,-5.5,5.5,0.7619047619047619,0.7619047619047619,-5.5,5.5,1.2619047619047619,1.2619047619047619,-11.0,11.0,-21.0,21.0,0,0,1,2,-3.2426045074814427,3.448956455757481
2015-02-27 14:00:00,7630,7685,7648,7627,7625,7604,7655,7718,31271,125170,1,1,18,-3,30,114,7,33,5,23,21,12,56,0.3888888888888889,0.3888888888888889,-11.0,11.0,0.2777777777777778,0.2777777777777778,-7.666666666666667,7.666666666666667,0.6666666666666666,0.6666666666666666,-18.666666666666668,18.666666666666668,-6.0,6.0,0,0,1,2,-3.3488712336685245,1.1473581715903804
2015-02-27 18:00:00,7630,7672,7650,7629,7594,7575,7650,7681,58956,117346,1,1,20,-1,56,106,0,9,36,54,21,36,63,0.0,0.0,-9.0,9.0,1.8,1.8,-54.0,54.0,1.8,1.8,-63.0,63.0,-20.0,20.0,0,0,1,2,-2.3373290339242607,2.8169615596908595
2015-03-03 22:00:00,7563,7605,7595,7560,7558,7559,7598,7608,8618,13597,1,1,32,-3,40,49,3,3,5,1,35,8,4,0.09375,0.09375,-1.0,1.0,0.15625,0.15625,-0.3333333333333333,0.3333333333333333,0.25,0.25,-1.3333333333333333,1.3333333333333333,-10.666666666666666,10.666666666666666,0,0,1,2,-3.9264356756782726,-0.48704829776850145
2015-03-04 19:00:00,7289,7369,7294,7282,7273,7270,7312,7390,24837,100395,1,1,5,-7,39,120,18,21,16,12,12,34,33,3.6,3.6,-3.0,3.0,3.2,3.2,-1.7142857142857142,1.7142857142857142,6.8,6.8,-4.714285714285714,4.714285714285714,-0.7142857142857143,0.7142857142857143,0,0,1,2,-3.584269544958617,0.8429532559588511
2015-03-05 17:00:00,7296,7341,7320,7293,7269,7285,7336,7376,103112,95330,1,1,24,-3,67,91,16,35,27,8,27,43,43,0.6666666666666666,0.6666666666666666,-11.666666666666666,11.666666666666666,1.125,1.125,-2.6666666666666665,2.6666666666666665,1.7916666666666667,1.7916666666666667,-14.333333333333334,14.333333333333334,-8.0,8.0,0,0,1,2,-3.3511029866934607,1.696493160573891
2015-03-10 21:00:00,6975,7000,6985,6971,6940,6971,6991,7008,4184,1860,1,1,10,-4,51,37,6,8,35,0,14,41,8,0.6,0.6,-2.0,2.0,3.5,3.5,-0.0,0.0,4.1,4.1,-2.0,2.0,-2.5,2.5,0,0,1,2,-3.8878098874337725,-0.20722257862929655
2015-03-16 12:00:00,6751,6798,6770,6749,6712,6710,6782,6842,60044,120619,1,1,19,-2,70,132,12,44,39,39,21,51,83,0.631578947368421,0.631578947368421,-22.0,22.0,2.0526315789473686,2.0526315789473686,-19.5,19.5,2.6842105263157894,2.6842105263157894,-41.5,41.5,-9.5,9.5,0,0,1,2,-2.639231455559699,2.7168666862525046
2015-03-17 15:00:00,6570,6595,6572,6567,6555,6556,6603,6621,44568,55331,1,1,2,-3,48,65,31,26,15,11,5,46,37,15.5,15.5,-8.666666666666666,8.666666666666666,7.5,7.5,-3.6666666666666665,3.6666666666666665,23.0,23.0,-12.333333333333334,12.333333333333334,-0.6666666666666666,0.6666666666666666,0,0,1,2,-3.456818364985053,1.810759491077243
2015-03-18 14:00:00,6653,6707,6664,6652,6614,6641,6689,6741,81411,102474,1,1,11,-1,75,100,25,34,39,11,12,64,45,2.272727272727273,2.272727272727273,-34.0,34.0,3.5454545454545454,3.5454545454545454,-11.0,11.0,5.818181818181818,5.818181818181818,-45.0,45.0,-11.0,11.0,0,0,1,2,-2.812550675342328,2.777486639572918
2015-03-19 20:00:00,6597,6613,6601,6596,6590,6575,6611,6645,6004,19478,1,1,4,-1,21,70,10,32,7,21,5,17,53,2.5,2.5,-32.0,32.0,1.75,1.75,-21.0,21.0,4.25,4.25,-53.0,53.0,-4.0,4.0,0,0,1,2,-3.0722958354560204,1.3805497878639086
2015-03-20 13:00:00,6699,6734,6705,6696,6663,6685,6730,6764,70634,98054,1,1,6,-3,67,79,25,30,36,11,9,61,41,4.166666666666667,4.166666666666667,-10.0,10.0,6.0,6.0,-3.6666666666666665,3.6666666666666665,10.166666666666666,10.166666666666666,-13.666666666666666,13.666666666666666,-2.0,2.0,0,0,1,2,-3.398898217760314,1.9054229329583894
2015-03-20 18:00:00,6768,6790,6780,6767,6730,6763,6798,6824,196202,120803,1,1,12,-1,68,61,18,34,38,4,13,56,38,1.5,1.5,-34.0,34.0,3.1666666666666665,3.1666666666666665,-4.0,4.0,4.666666666666667,4.666666666666667,-38.0,38.0,-12.0,12.0,0,0,1,2,-3.2323012167460408,3.3386643511398866
2015-03-23 19:00:00,6558,6592,6565,6553,6539,6538,6576,6593,16981,150892,1,1,7,-5,37,55,11,1,19,15,12,30,16,1.5714285714285714,1.5714285714285714,-0.2,0.2,2.7142857142857144,2.7142857142857144,-3.0,3.0,4.285714285714286,4.285714285714286,-3.2,3.2,-1.4,1.4,0,0,1,2,-4.118768816730923,0.8298403311847959
2015-03-24 17:00:00,6628,6673,6639,6626,6571,6609,6643,6675,107857,54237,1,1,11,-2,72,66,4,2,57,17,13,61,19,0.36363636363636365,0.36363636363636365,-1.0,1.0,5.181818181818182,5.181818181818182,-8.5,8.5,5.545454545454546,5.545454545454546,-9.5,9.5,-5.5,5.5,0,0,1,2,-3.7052513630636974,1.511463242364803
2015-03-25 18:00:00,6516,6575,6539,6515,6499,6496,6560,6593,51098,96010,1,1,23,-1,61,97,21,18,17,19,24,38,37,0.9130434782608695,0.9130434782608695,-18.0,18.0,0.7391304347826086,0.7391304347826086,-19.0,19.0,1.6521739130434783,1.6521739130434783,-37.0,37.0,-23.0,23.0,0,0,1,2,-3.121771317285966,2.0568507731312593
2015-03-26 21:00:00,6389,6406,6398,6387,6372,6376,6402,6410,9437,14015,1,1,9,-2,30,34,4,4,17,11,11,21,15,0.4444444444444444,0.4444444444444444,-2.0,2.0,1.8888888888888888,1.8888888888888888,-5.5,5.5,2.3333333333333335,2.3333333333333335,-7.5,7.5,-4.5,4.5,0,0,1,2,-4.130118969669411,-0.03700680203248132
2015-03-27 14:00:00,6206,6268,6248,6201,6206,6191,6270,6289,74629,131608,1,1,42,-5,64,98,22,21,0,10,47,22,31,0.5238095238095238,0.5238095238095238,-4.2,4.2,0.0,0.0,-2.0,2.0,0.5238095238095238,0.5238095238095238,-6.2,6.2,-8.4,8.4,0,0,1,2,-3.875428346357473,1.473669261019318
2015-04-03 10:00:00,6587,6598,6594,6581,6562,6581,6620,6601,111371,9691,1,1,7,-6,58,20,26,3,25,0,13,51,3,3.7142857142857144,3.7142857142857144,-0.5,0.5,3.5714285714285716,3.5714285714285716,-0.0,0.0,7.285714285714286,7.285714285714286,-0.5,0.5,-1.1666666666666667,1.1666666666666667,0,0,1,2,-4.074268869376497,0.8048209166615332
2015-04-08 13:00:00,6902,6949,6930,6901,6883,6890,6930,6967,62721,82184,1,1,28,-1,47,77,0,18,19,11,29,19,29,0.0,0.0,-18.0,18.0,0.6785714285714286,0.6785714285714286,-11.0,11.0,0.6785714285714286,0.6785714285714286,-29.0,29.0,-28.0,28.0,0,0,1,2,-3.372548032864283,1.5747989550982633
2015-04-14 13:00:00,7365,7379,7367,7363,7354,7340,7417,7383,64896,94915,1,1,2,-2,63,43,50,4,11,23,4,61,27,25.0,25.0,-2.0,2.0,5.5,5.5,-11.5,11.5,30.5,30.5,-13.5,13.5,-1.0,1.0,0,0,1,2,-3.1897198480831386,2.4434160320446896
2015-04-14 17:00:00,7333,7375,7348,7331,7306,7322,7379,7387,91152,90098,1,1,15,-2,73,65,31,12,27,9,17,58,21,2.066666666666667,2.066666666666667,-6.0,6.0,1.8,1.8,-4.5,4.5,3.8666666666666667,3.8666666666666667,-10.5,10.5,-7.5,7.5,0,0,1,2,-3.487664458431019,1.4595261497529834
2015-04-16 14:00:00,7494,7648,7540,7492,7486,7450,7553,7648,104474,227333,1,1,46,-2,67,198,13,0,8,42,48,21,42,0.2826086956521739,0.2826086956521739,-0.0,0.0,0.17391304347826086,0.17391304347826086,-21.0,21.0,0.45652173913043476,0.45652173913043476,-21.0,21.0,-23.0,23.0,0,0,1,2,-3.1178362881854507,2.7718744986425827
2015-04-17 13:00:00,7444,7484,7448,7443,7407,7440,7469,7506,83058,119873,1,1,4,-1,62,66,21,22,37,3,5,58,25,5.25,5.25,-22.0,22.0,9.25,9.25,-3.0,3.0,14.5,14.5,-25.0,25.0,-4.0,4.0,0,0,1,2,-3.1841591016832576,2.318227598624108
2015-04-20 13:00:00,7263,7364,7283,7261,7254,7260,7344,7391,86259,121511,1,1,20,-2,90,131,61,27,9,1,22,70,28,3.05,3.05,-13.5,13.5,0.45,0.45,-0.5,0.5,3.5,3.5,-14.0,14.0,-10.0,10.0,0,0,1,2,-3.1298683323613825,1.9966752816997815
2015-04-24 10:00:00,7670,7706,7684,7668,7638,7661,7738,7706,130212,7104,1,1,14,-2,100,45,54,0,32,7,16,86,7,3.857142857142857,3.857142857142857,-0.0,0.0,2.2857142857142856,2.2857142857142856,-3.5,3.5,6.142857142857143,6.142857142857143,-3.5,3.5,-7.0,7.0,0,0,1,2,-3.360680619656221,1.2465199748330262
2015-04-28 12:00:00,7491,7543,7530,7489,7475,7466,7540,7548,61824,107577,1,1,39,-2,65,82,10,5,16,23,41,26,28,0.2564102564102564,0.2564102564102564,-2.5,2.5,0.41025641025641024,0.41025641025641024,-11.5,11.5,0.6666666666666666,0.6666666666666666,-14.0,14.0,-19.5,19.5,0,0,1,2,-3.40171189548997,1.2929872859668277
2015-04-28 16:00:00,7545,7581,7565,7544,7508,7538,7578,7630,77647,70686,1,1,20,-1,70,92,13,49,37,6,21,50,55,0.65,0.65,-49.0,49.0,1.85,1.85,-6.0,6.0,2.5,2.5,-55.0,55.0,-20.0,20.0,0,0,1,2,-2.397388405123721,2.5642138472243188
2015-05-14 14:00:00,7462,7475,7468,7460,7456,7430,7493,7480,38211,45460,1,1,6,-2,37,50,25,5,6,30,8,31,35,4.166666666666667,4.166666666666667,-2.5,2.5,1.0,1.0,-15.0,15.0,5.166666666666667,5.166666666666667,-17.5,17.5,-3.0,3.0,0,0,1,2,-3.495747596919237,0.7720288427466138
2015-05-18 13:00:00,7585,7609,7597,7584,7534,7567,7597,7611,72112,47332,1,1,12,-1,63,44,0,2,51,17,13,51,19,0.0,0.0,-2.0,2.0,4.25,4.25,-17.0,17.0,4.25,4.25,-19.0,19.0,-12.0,12.0,0,0,1,2,-3.3649863995733513,1.1624180194072011
2015-05-19 16:00:00,7355,7438,7380,7354,7337,7341,7396,7439,67707,110431,1,1,25,-1,59,98,16,1,18,13,26,34,14,0.64,0.64,-1.0,1.0,0.72,0.72,-13.0,13.0,1.36,1.36,-14.0,14.0,-25.0,25.0,0,0,1,2,-3.4863651034407637,1.3839482947644912
2015-05-19 20:00:00,7332,7361,7360,7331,7332,7331,7363,7366,7829,12103,1,1,28,-1,31,35,3,5,0,0,29,3,5,0.10714285714285714,0.10714285714285714,-5.0,5.0,0.0,0.0,-0.0,0.0,0.10714285714285714,0.10714285714285714,-5.0,5.0,-28.0,28.0,0,0,1,2,-3.9127939996719503,-0.2857387208655995
2015-05-20 12:00:00,7211,7254,7239,7210,7177,7201,7275,7279,110818,144068,1,1,28,-1,98,78,36,25,34,9,29,70,34,1.2857142857142858,1.2857142857142858,-25.0,25.0,1.2142857142857142,1.2142857142857142,-9.0,9.0,2.5,2.5,-34.0,34.0,-28.0,28.0,0,0,1,2,-2.788894703230246,2.9186677589658228
2015-05-21 13:00:00,7250,7269,7253,7249,7230,7232,7263,7274,45103,45831,1,1,3,-1,33,42,10,5,20,17,4,30,22,3.3333333333333335,3.3333333333333335,-5.0,5.0,6.666666666666667,6.666666666666667,-17.0,17.0,10.0,10.0,-22.0,22.0,-3.0,3.0,0,0,1,2,-3.566823583383277,1.0617981064247424
2015-05-28 16:00:00,7383,7467,7396,7381,7330,7370,7405,7470,127296,110351,1,1,13,-2,75,100,9,3,53,11,15,62,14,0.6923076923076923,0.6923076923076923,-1.5,1.5,4.076923076923077,4.076923076923077,-5.5,5.5,4.769230769230769,4.769230769230769,-7.0,7.0,-6.5,6.5,0,0,1,2,-3.5722378316423553,1.8002155741208499
2015-05-29 23:00:00,7356,7365,7357,7353,7354,7337,7372,7377,5553,7662,1,1,1,-3,18,40,15,12,2,16,4,17,28,15.0,15.0,-4.0,4.0,2.0,2.0,-5.333333333333333,5.333333333333333,17.0,17.0,-9.333333333333334,9.333333333333334,-0.3333333333333333,0.3333333333333333,0,0,1,2,-3.683267989850088,0.39978462608898263
2015-06-01 12:00:00,7295,7407,7323,7293,7272,7281,7333,7420,77604,151871,1,1,28,-2,61,139,10,13,23,12,30,33,25,0.35714285714285715,0.35714285714285715,-6.5,6.5,0.8214285714285714,0.8214285714285714,-6.0,6.0,1.1785714285714286,1.1785714285714286,-12.5,12.5,-14.0,14.0,0,0,1,2,-3.482089629511015,1.7005451437082093
2015-06-04 12:00:00,7064,7165,7135,7063,7054,7051,7139,7168,98941,162224,1,1,71,-1,85,117,4,3,10,12,72,14,15,0.056338028169014086,0.056338028169014086,-3.0,3.0,0.14084507042253522,0.14084507042253522,-12.0,12.0,0.19718309859154928,0.19718309859154928,-15.0,15.0,-71.0,71.0,0,0,1,2,-3.1833831346969044,2.466521959499426
2015-06-08 17:00:00,6905,6964,6914,6904,6892,6898,6953,6980,105506,122038,1,1,9,-1,61,82,39,16,13,6,10,52,22,4.333333333333333,4.333333333333333,-16.0,16.0,1.4444444444444444,1.4444444444444444,-6.0,6.0,5.777777777777778,5.777777777777778,-22.0,22.0,-9.0,9.0,0,0,1,2,-3.4710616848218008,2.1604027614847365
2015-06-09 19:00:00,7005,7009,7008,6997,6995,6971,7009,7018,6045,51672,1,1,3,-8,14,47,1,9,10,26,11,11,35,0.3333333333333333,0.3333333333333333,-1.125,1.125,3.3333333333333335,3.3333333333333335,-3.25,3.25,3.6666666666666665,3.6666666666666665,-4.375,4.375,-0.375,0.375,0,0,1,2,-3.971988889860135,0.011892320113108663
2015-06-10 20:00:00,7308,7317,7314,7303,7298,7298,7322,7333,495,960,1,1,6,-5,24,35,8,16,10,5,11,18,21,1.3333333333333333,1.3333333333333333,-3.2,3.2,1.6666666666666667,1.6666666666666667,-1.0,1.0,3.0,3.0,-4.2,4.2,-1.2,1.2,0,0,1,2,-3.911665914479905,-0.43137667915304845
2015-06-25 15:00:00,7382,7389,7384,7381,7372,7377,7399,7406,22339,23303,1,1,2,-1,27,29,15,17,10,4,3,25,21,7.5,7.5,-17.0,17.0,5.0,5.0,-4.0,4.0,12.5,12.5,-21.0,21.0,-2.0,2.0,0,0,1,2,-3.5569254621490987,0.7332859286078691
2015-07-07 17:00:00,7002,7094,7005,7001,6970,7001,7018,7100,74938,103881,1,1,3,-1,48,99,13,6,32,0,4,45,6,4.333333333333333,4.333333333333333,-6.0,6.0,10.666666666666666,10.666666666666666,-0.0,0.0,15.0,15.0,-6.0,6.0,-3.0,3.0,0,0,1,2,-3.780261773083426,1.5984447077902966
2015-07-15 22:00:00,7512,7527,7519,7508,7502,7504,7521,7538,7477,8806,1,1,7,-4,19,34,2,11,10,4,11,12,15,0.2857142857142857,0.2857142857142857,-2.75,2.75,1.4285714285714286,1.4285714285714286,-1.0,1.0,1.7142857142857142,1.7142857142857142,-3.75,3.75,-1.75,1.75,0,0,1,2,-3.9963315233585415,-0.518176997769993
2015-07-16 21:00:00,7553,7558,7556,7551,7550,7551,7562,7567,9991,6138,1,1,3,-2,12,16,6,9,3,0,5,9,9,2.0,2.0,-4.5,4.5,1.0,1.0,-0.0,0.0,3.0,3.0,-4.5,4.5,-1.5,1.5,0,0,1,2,-4.099932289089365,-0.5535309482798367
2015-07-17 16:00:00,7617,7643,7638,7615,7611,7609,7652,7654,49951,52943,1,1,21,-2,41,45,14,11,6,6,23,20,17,0.6666666666666666,0.6666666666666666,-5.5,5.5,0.2857142857142857,0.2857142857142857,-3.0,3.0,0.9523809523809523,0.9523809523809523,-8.5,8.5,-10.5,10.5,0,0,1,2,-3.750637498464146,0.385270266033077
2015-07-22 19:00:00,7577,7631,7587,7568,7543,7538,7594,7632,15447,63721,1,1,10,-9,51,94,7,1,34,30,19,41,31,0.7,0.7,-0.1111111111111111,0.1111111111111111,3.4,3.4,-3.3333333333333335,3.3333333333333335,4.1,4.1,-3.4444444444444446,3.4444444444444446,-1.1111111111111112,1.1111111111111112,0,0,1,2,-3.493007219522889,0.3760808974188298
2015-08-04 16:00:00,7292,7322,7316,7291,7266,7269,7322,7324,76580,59210,1,1,24,-1,56,55,6,2,26,22,25,32,24,0.25,0.25,-2.0,2.0,1.0833333333333333,1.0833333333333333,-22.0,22.0,1.3333333333333333,1.3333333333333333,-24.0,24.0,-24.0,24.0,0,0,1,2,-3.360081518707844,1.3761722996153163
2015-08-06 15:00:00,7318,7340,7334,7317,7295,7311,7354,7366,85992,96776,1,1,16,-1,59,55,20,26,23,6,17,43,32,1.25,1.25,-26.0,26.0,1.4375,1.4375,-6.0,6.0,2.6875,2.6875,-32.0,32.0,-16.0,16.0,0,0,1,2,-3.178877611991256,1.9463140395920422
2015-08-07 13:00:00,7421,7459,7438,7420,7403,7420,7448,7464,50221,42108,1,1,17,-1,45,44,10,5,18,0,18,28,5,0.5882352941176471,0.5882352941176471,-5.0,5.0,1.0588235294117647,1.0588235294117647,-0.0,0.0,1.6470588235294117,1.6470588235294117,-5.0,5.0,-17.0,17.0,0,0,1,2,-3.849624673750859,0.3242995994061264
2015-08-07 20:00:00,7514,7523,7517,7512,7495,7497,7529,7546,12168,16419,1,1,3,-2,34,49,12,23,19,15,5,31,38,4.0,4.0,-11.5,11.5,6.333333333333333,6.333333333333333,-7.5,7.5,10.333333333333334,10.333333333333334,-19.0,19.0,-1.5,1.5,0,0,1,2,-3.3532257209636875,0.6528856272512101
2015-08-12 11:00:00,7356,7418,7384,7355,7350,7331,7398,7418,48874,110500,1,1,28,-1,48,87,14,0,6,24,29,20,24,0.5,0.5,-0.0,0.0,0.21428571428571427,0.21428571428571427,-24.0,24.0,0.7142857142857143,0.7142857142857143,-24.0,24.0,-28.0,28.0,0,0,1,2,-3.345864776061384,1.4402877638525395
2015-08-13 18:00:00,7399,7420,7412,7398,7393,7375,7425,7420,34015,68887,1,1,13,-1,32,45,13,0,6,23,14,19,23,1.0,1.0,-0.0,0.0,0.46153846153846156,0.46153846153846156,-23.0,23.0,1.4615384615384615,1.4615384615384615,-23.0,23.0,-13.0,13.0,0,0,1,2,-3.5740265914869456,0.7942729957743994
2015-08-14 14:00:00,7509,7538,7530,7507,7509,7499,7560,7558,60372,67735,1,1,21,-2,51,59,30,20,0,8,23,30,28,1.4285714285714286,1.4285714285714286,-10.0,10.0,0.0,0.0,-4.0,4.0,1.4285714285714286,1.4285714285714286,-14.0,14.0,-10.5,10.5,0,0,1,2,-3.5074910115191584,0.9126977617089509
2015-08-25 23:00:00,6987,7103,7005,6985,6978,6981,7016,7104,13986,34771,1,1,18,-2,38,123,11,1,9,4,20,20,5,0.6111111111111112,0.6111111111111112,-0.5,0.5,0.5,0.5,-2.0,2.0,1.1111111111111112,1.1111111111111112,-2.5,2.5,-9.0,9.0,0,0,1,2,-3.9319663018364643,-0.019272473266241808
2015-08-26 17:00:00,7085,7155,7112,7082,7063,7074,7137,7173,119813,96918,1,1,27,-3,74,99,25,18,22,8,30,47,26,0.9259259259259259,0.9259259259259259,-6.0,6.0,0.8148148148148148,0.8148148148148148,-2.6666666666666665,2.6666666666666665,1.7407407407407407,1.7407407407407407,-8.666666666666666,8.666666666666666,-9.0,9.0,0,0,1,2,-3.5563337679760796,1.6811423296128238
2015-08-28 14:00:00,7331,7453,7400,7329,7328,7326,7421,7457,78407,128953,1,1,69,-2,93,131,21,4,3,3,71,24,7,0.30434782608695654,0.30434782608695654,-2.0,2.0,0.043478260869565216,0.043478260869565216,-1.5,1.5,0.34782608695652173,0.34782608695652173,-3.5,3.5,-34.5,34.5,0,0,1,2,-3.42661435642706,1.5064493866211988
2015-09-03 13:00:00,7370,7389,7388,7368,7356,7346,7397,7422,26932,71960,1,1,18,-2,41,76,9,33,14,22,20,23,55,0.5,0.5,-16.5,16.5,0.7777777777777778,0.7777777777777778,-11.0,11.0,1.2777777777777777,1.2777777777777777,-27.5,27.5,-9.0,9.0,0,0,1,2,-3.1853629255219156,1.1508553816555636
2015-09-07 23:00:00,7419,7426,7420,7416,7415,7414,7425,7428,3404,3521,1,1,1,-3,10,14,5,2,4,2,4,9,4,5.0,5.0,-0.6666666666666666,0.6666666666666666,4.0,4.0,-0.6666666666666666,0.6666666666666666,9.0,9.0,-1.3333333333333333,1.3333333333333333,-0.3333333333333333,0.3333333333333333,0,0,1,2,-4.154581121459053,-0.46888684387213314
2015-09-10 13:00:00,7653,7664,7655,7651,7639,7651,7668,7690,611,2783,1,1,2,-2,29,39,13,26,14,0,4,27,26,6.5,6.5,-13.0,13.0,7.0,7.0,-0.0,0.0,13.5,13.5,-13.0,13.0,-1.0,1.0,0,0,1,2,-3.4909470725395932,0.31268517770807
2015-09-22 13:00:00,7670,7680,7674,7668,7647,7633,7678,7681,37272,140951,1,1,4,-2,31,48,4,1,23,35,6,27,36,1.0,1.0,-0.5,0.5,5.75,5.75,-17.5,17.5,6.75,6.75,-18.0,18.0,-2.0,2.0,0,0,1,2,-3.5459662304369717,1.316580159628717
2015-09-23 13:00:00,7553,7668,7567,7552,7535,7552,7579,7672,74410,91830,1,1,14,-1,44,120,12,4,18,0,15,30,4,0.8571428571428571,0.8571428571428571,-4.0,4.0,1.2857142857142858,1.2857142857142858,-0.0,0.0,2.142857142857143,2.142857142857143,-4.0,4.0,-14.0,14.0,0,0,1,2,-3.7902562116295595,0.849777092328174
2015-09-28 20:00:00,7630,7642,7636,7626,7615,7620,7653,7651,14214,13747,1,1,6,-4,38,31,17,9,15,6,10,32,15,2.8333333333333335,2.8333333333333335,-2.25,2.25,2.5,2.5,-1.5,1.5,5.333333333333333,5.333333333333333,-3.75,3.75,-1.5,1.5,0,0,1,2,-3.7670350582044514,-0.1381213510596902
2015-09-29 20:00:00,7723,7746,7744,7722,7721,7722,7753,7766,7311,10519,1,1,21,-1,32,44,9,20,2,0,22,11,20,0.42857142857142855,0.42857142857142855,-20.0,20.0,0.09523809523809523,0.09523809523809523,-0.0,0.0,0.5238095238095238,0.5238095238095238,-20.0,20.0,-21.0,21.0,0,0,1,2,-3.4624486218246946,0.09931488647356924
2015-09-30 10:00:00,7720,7745,7727,7710,7706,7710,7783,7749,128316,7487,1,1,7,-10,77,39,56,4,14,0,17,70,4,8.0,8.0,-0.4,0.4,2.0,2.0,-0.0,0.0,10.0,10.0,-0.4,0.4,-0.7,0.7,0,0,1,2,-3.5192078279113397,1.0161674442903192
2015-10-07 13:00:00,7844,7865,7847,7842,7842,7831,7865,7893,29419,44861,1,1,3,-2,23,62,18,28,2,11,5,20,39,6.0,6.0,-14.0,14.0,0.6666666666666666,0.6666666666666666,-5.5,5.5,6.666666666666667,6.666666666666667,-19.5,19.5,-1.5,1.5,0,0,1,2,-3.4103345710500355,0.667655494614272
2015-10-09 14:00:00,8523,8618,8584,8519,8519,8513,8614,8668,76087,96551,1,1,61,-4,95,155,30,50,4,6,65,34,56,0.4918032786885246,0.4918032786885246,-12.5,12.5,0.06557377049180328,0.06557377049180328,-1.5,1.5,0.5573770491803278,0.5573770491803278,-14.0,14.0,-15.25,15.25,0,0,1,2,-2.6126148763200208,1.6031053201301968
2015-10-12 17:00:00,8604,8658,8629,8601,8586,8573,8657,8691,65590,101035,1,1,25,-3,71,118,28,33,18,28,28,46,61,1.12,1.12,-11.0,11.0,0.72,0.72,-9.333333333333334,9.333333333333334,1.84,1.84,-20.333333333333332,20.333333333333332,-8.333333333333334,8.333333333333334,0,0,1,2,-2.683629042461934,1.5788738684043464
2015-10-13 12:00:00,8623,8668,8643,8622,8582,8579,8676,8678,74622,78477,1,1,20,-1,94,99,33,10,41,43,21,74,53,1.65,1.65,-10.0,10.0,2.05,2.05,-43.0,43.0,3.7,3.7,-53.0,53.0,-20.0,20.0,0,0,1,2,-1.9444638054597525,2.6258717140198264
2015-10-13 17:00:00,8630,8675,8661,8629,8596,8605,8672,8690,76820,98765,1,1,31,-1,76,85,11,15,34,24,32,45,39,0.3548387096774194,0.3548387096774194,-15.0,15.0,1.096774193548387,1.096774193548387,-24.0,24.0,1.4516129032258065,1.4516129032258065,-39.0,39.0,-31.0,31.0,0,0,1,2,-2.45103149276192,2.1018756874753355
2015-10-13 18:00:00,8663,8630,8637,8661,8611,8596,8666,8672,47052,76820,1,1,-26,-2,55,76,3,11,26,34,-24,29,45,-0.11538461538461539,0.11538461538461539,-5.5,5.5,-1.0,1.0,-17.0,17.0,-1.1153846153846154,1.1153846153846154,-22.5,22.5,13.0,13.0,0,0,1,2,-3.245504769641959,0.6903081625075468
2015-10-13 19:00:00,8638,8663,8639,8637,8632,8611,8669,8666,10948,47052,1,1,1,-1,37,55,30,3,6,26,2,36,29,30.0,30.0,-3.0,3.0,6.0,6.0,-26.0,26.0,36.0,36.0,-29.0,29.0,-1.0,1.0,0,0,1,2,-2.675186727796829,1.9696002417802785
2015-10-16 18:00:00,8988,9114,9026,8986,8975,8965,9035,9129,54714,139616,1,1,38,-2,60,164,9,15,13,21,40,22,36,0.23684210526315788,0.23684210526315788,-7.5,7.5,0.34210526315789475,0.34210526315789475,-10.5,10.5,0.5789473684210527,0.5789473684210527,-18.0,18.0,-19.0,19.0,0,0,1,2,-2.8285268611142196,1.3932180798303235
2015-10-19 11:00:00,8873,9059,8889,8871,8850,8871,8913,9059,77606,159175,1,1,16,-2,63,188,24,0,23,0,18,47,0,1.5,1.5,-0.0,0.0,1.4375,1.4375,-0.0,0.0,2.9375,2.9375,-0.0,0.0,-8.0,8.0,0,0,1,2,-3.3429467808945796,1.14401682126775
2015-10-20 17:00:00,8930,8981,8937,8929,8902,8856,8990,8998,82738,108054,1,1,7,-1,88,142,53,17,28,73,8,81,90,7.571428571428571,7.571428571428571,-17.0,17.0,4.0,4.0,-73.0,73.0,11.571428571428571,11.571428571428571,-90.0,90.0,-7.0,7.0,0,0,1,2,-0.9819806741624876,4.260832915665605
2015-10-26 15:00:00,9278,9352,9302,9277,9222,9241,9322,9365,80289,139609,1,1,24,-1,100,124,20,13,56,36,25,76,49,0.8333333333333334,0.8333333333333334,-13.0,13.0,2.3333333333333335,2.3333333333333335,-36.0,36.0,3.1666666666666665,3.1666666666666665,-49.0,49.0,-24.0,24.0,0,0,1,2,-1.8267860692853255,2.8624213989253207
2015-10-26 21:00:00,9313,9348,9330,9312,9312,9312,9340,9349,5399,9777,1,1,17,-1,28,37,10,1,1,0,18,11,1,0.5882352941176471,0.5882352941176471,-1.0,1.0,0.058823529411764705,0.058823529411764705,-0.0,0.0,0.6470588235294118,0.6470588235294118,-1.0,1.0,-17.0,17.0,0,0,1,2,-3.5629035858383493,-0.847633145862837
2015-10-27 14:00:00,9136,9200,9167,9134,9134,9122,9195,9202,41743,119312,1,1,31,-2,61,80,28,2,2,12,33,30,14,0.9032258064516129,0.9032258064516129,-1.0,1.0,0.06451612903225806,0.06451612903225806,-6.0,6.0,0.967741935483871,0.967741935483871,-7.0,7.0,-15.5,15.5,0,0,1,2,-3.2053318175208254,0.6305837795116407
2015-10-28 11:00:00,8865,9043,8974,8863,8859,8861,8997,9055,122195,145482,1,1,109,-2,138,194,23,12,6,2,111,29,14,0.21100917431192662,0.21100917431192662,-6.0,6.0,0.05504587155963303,0.05504587155963303,-1.0,1.0,0.26605504587155965,0.26605504587155965,-7.0,7.0,-54.5,54.5,0,0,1,2,-2.473811676874014,2.3217613000921156
2015-10-28 19:00:00,9117,9157,9121,9114,9107,9092,9150,9180,13754,83302,1,1,4,-3,43,88,29,23,10,22,7,39,45,7.25,7.25,-7.666666666666667,7.666666666666667,2.5,2.5,-7.333333333333333,7.333333333333333,9.75,9.75,-15.0,15.0,-1.3333333333333333,1.3333333333333333,0,0,1,2,-2.870867561047424,0.8272137171671902
2015-10-29 12:00:00,9037,9179,9108,9036,9030,9028,9145,9182,76666,129596,1,1,71,-1,115,154,37,3,7,8,72,44,11,0.5211267605633803,0.5211267605633803,-3.0,3.0,0.09859154929577464,0.09859154929577464,-8.0,8.0,0.6197183098591549,0.6197183098591549,-11.0,11.0,-71.0,71.0,0,0,1,2,-2.3804343544519,1.9817200548063885
2015-11-03 14:00:00,9561,9588,9573,9560,9551,9555,9616,9618,80160,94080,1,1,12,-1,65,63,43,30,10,5,13,53,35,3.5833333333333335,3.5833333333333335,-30.0,30.0,0.8333333333333334,0.8333333333333334,-5.0,5.0,4.416666666666667,4.416666666666667,-35.0,35.0,-12.0,12.0,0,0,1,2,-2.4536944431404053,1.7147974528783494
2015-11-05 19:00:00,9654,9699,9685,9650,9636,9640,9690,9709,12378,52985,1,1,31,-4,54,69,5,10,18,10,35,23,20,0.16129032258064516,0.16129032258064516,-2.5,2.5,0.5806451612903226,0.5806451612903226,-2.5,2.5,0.7419354838709677,0.7419354838709677,-5.0,5.0,-7.75,7.75,0,0,1,2,-3.1165757665679115,-0.25099379018680773
2015-11-11 16:00:00,9394,9454,9453,9392,9351,9366,9462,9454,106647,104923,1,1,59,-2,111,88,9,0,43,26,61,52,26,0.15254237288135594,0.15254237288135594,-0.0,0.0,0.7288135593220338,0.7288135593220338,-13.0,13.0,0.8813559322033898,0.8813559322033898,-13.0,13.0,-29.5,29.5,0,0,1,2,-2.5874974858377575,1.670861198286634
2015-11-11 19:00:00,9452,9518,9493,9451,9415,9413,9496,9533,23868,99273,1,1,41,-1,81,120,3,15,37,38,42,40,53,0.07317073170731707,0.07317073170731707,-15.0,15.0,0.9024390243902439,0.9024390243902439,-38.0,38.0,0.975609756097561,0.975609756097561,-53.0,53.0,-41.0,41.0,0,0,1,2,-1.7342760839188787,2.1343059559418767
2015-11-18 11:00:00,10323,10347,10336,10321,10272,10250,10411,10512,150794,309998,1,1,13,-2,139,262,75,165,51,71,15,126,236,5.769230769230769,5.769230769230769,-82.5,82.5,3.923076923076923,3.923076923076923,-35.5,35.5,9.692307692307692,9.692307692307692,-118.0,118.0,-6.5,6.5,0,0,1,4,1.24095230058205,7.914665433353072
2015-11-18 21:00:00,10427,10488,10441,10425,10423,10405,10454,10493,7427,16794,1,1,14,-2,31,88,13,5,4,20,16,17,25,0.9285714285714286,0.9285714285714286,-2.5,2.5,0.2857142857142857,0.2857142857142857,-10.0,10.0,1.2142857142857142,1.2142857142857142,-12.5,12.5,-7.0,7.0,0,0,1,2,-2.879224448508011,-0.4951172279798617
2015-11-26 18:00:00,10621,10680,10661,10620,10610,10610,10699,10698,63126,83089,1,1,40,-1,89,88,38,18,11,10,41,49,28,0.95,0.95,-18.0,18.0,0.275,0.275,-10.0,10.0,1.225,1.225,-28.0,28.0,-40.0,40.0,0,0,1,2,-1.9998787812640721,1.387726248891651
2015-11-26 23:00:00,10689,10697,10695,10688,10685,10676,10710,10700,5681,2865,1,1,6,-1,25,24,15,3,4,12,7,19,15,2.5,2.5,-3.0,3.0,0.6666666666666666,0.6666666666666666,-12.0,12.0,3.1666666666666665,3.1666666666666665,-15.0,15.0,-6.0,6.0,0,0,1,2,-2.957046411022696,-0.6830885781212388
2015-11-30 15:00:00,10519,10567,10526,10518,10473,10511,10567,10616,70776,69820,1,1,7,-1,94,105,41,49,46,7,8,87,56,5.857142857142857,5.857142857142857,-49.0,49.0,6.571428571428571,6.571428571428571,-7.0,7.0,12.428571428571429,12.428571428571429,-56.0,56.0,-7.0,7.0,0,0,1,2,-1.310131539890738,2.618836167484151
2015-12-01 13:00:00,10218,10319,10238,10217,10205,10213,10280,10382,79410,122196,1,1,20,-1,75,169,42,63,13,4,21,55,67,2.1,2.1,-63.0,63.0,0.65,0.65,-4.0,4.0,2.75,2.75,-67.0,67.0,-20.0,20.0,0,0,1,2,-1.290706264404958,2.9665323937783437
2015-12-02 21:00:00,10235,10250,10241,10233,10216,10230,10259,10268,15971,10512,1,1,6,-2,43,38,18,18,19,3,8,37,21,3.0,3.0,-9.0,9.0,3.1666666666666665,3.1666666666666665,-1.5,1.5,6.166666666666667,6.166666666666667,-10.5,10.5,-3.0,3.0,0,0,1,2,-2.907912877932661,-0.277037369178235
2015-12-07 23:00:00,10294,10322,10296,10293,10278,10290,10310,10328,7933,6192,1,1,2,-1,32,38,14,6,16,3,3,30,9,7.0,7.0,-6.0,6.0,8.0,8.0,-3.0,3.0,15.0,15.0,-9.0,9.0,-2.0,2.0,0,0,1,2,-2.988530591602591,-0.18333396251917106
2015-12-09 15:00:00,9801,9914,9899,9800,9789,9789,9912,9949,73131,76354,1,1,98,-1,123,160,13,35,12,11,99,25,46,0.1326530612244898,0.1326530612244898,-35.0,35.0,0.12244897959183673,0.12244897959183673,-11.0,11.0,0.25510204081632654,0.25510204081632654,-46.0,46.0,-98.0,98.0,0,0,1,2,-1.1723815748045234,2.8102868253718163
2015-12-11 16:00:00,10116,10159,10140,10114,10093,10090,10180,10159,4716,4236,1,1,24,-2,87,69,40,0,23,24,26,63,24,1.6666666666666667,1.6666666666666667,-0.0,0.0,0.9583333333333334,0.9583333333333334,-12.0,12.0,2.625,2.625,-12.0,12.0,-12.0,12.0,0,0,1,2,-2.466376726063705,-0.025899272779648274
2015-12-11 21:00:00,10031,10074,10035,10023,10031,10000,10053,10083,500,1318,1,1,4,-8,22,83,18,9,0,23,12,18,32,4.5,4.5,-1.125,1.125,0.0,0.0,-2.875,2.875,4.5,4.5,-4.0,4.0,-0.5,0.5,0,0,1,2,-3.0549071521675955,-0.7242176176531793
2015-12-18 17:00:00,10151,10198,10188,10150,10151,10130,10238,10199,64509,71533,1,1,37,-1,87,69,50,1,0,20,38,50,21,1.3513513513513513,1.3513513513513513,-1.0,1.0,0.0,0.0,-20.0,20.0,1.3513513513513513,1.3513513513513513,-21.0,21.0,-37.0,37.0,0,0,1,2,-2.3268372256602534,1.1494729557386987
2015-12-18 18:00:00,10188,10151,10155,10188,10107,10151,10193,10238,64075,64509,1,1,-33,0,86,87,5,50,48,0,-33,53,50,-0.15151515151515152,0.15151515151515152,100.0,100.0,-1.4545454545454546,1.4545454545454546,0.0,0.0,-1.606060606060606,1.606060606060606,100.0,100.0,0.0,0.0,0,1,1,3,-3.163696449699586,-0.22288422494144433
2015-12-18 19:00:00,10158,10188,10160,10155,10143,10107,10214,10193,21427,64075,1,1,2,-3,71,86,54,5,15,48,5,69,53,27.0,27.0,-1.6666666666666667,1.6666666666666667,7.5,7.5,-16.0,16.0,34.5,34.5,-17.666666666666668,17.666666666666668,-0.6666666666666666,0.6666666666666666,0,0,1,2,-1.9879995174614569,2.0431704104831665
2015-12-24 21:00:00,10363,10395,10392,10362,10362,10361,10393,10398,3500,4251,1,1,29,-1,31,37,1,3,1,1,30,2,4,0.034482758620689655,0.034482758620689655,-3.0,3.0,0.034482758620689655,0.034482758620689655,-1.0,1.0,0.06896551724137931,0.06896551724137931,-4.0,4.0,-29.0,29.0,0,0,1,2,-3.163300343918728,-0.9151986613498645
2015-12-25 16:00:00,10334,10400,10350,10332,10313,10314,10377,10422,42792,44554,1,1,16,-2,64,108,27,22,21,18,18,48,40,1.6875,1.6875,-11.0,11.0,1.3125,1.3125,-9.0,9.0,3.0,3.0,-20.0,20.0,-8.0,8.0,0,0,1,2,-2.385742314825471,0.6267498024289454
2015-12-30 13:00:00,10318,10348,10328,10316,10294,10278,10364,10348,25879,40134,1,1,10,-2,70,70,36,0,24,38,12,60,38,3.6,3.6,-0.0,0.0,2.4,2.4,-19.0,19.0,6.0,6.0,-19.0,19.0,-5.0,5.0,0,0,1,2,-2.383746290365574,0.564116803725027
2016-01-04 16:00:00,10050,10070,10067,10049,10039,10040,10088,10079,24182,17351,1,1,17,-1,49,39,21,9,11,9,18,32,18,1.2352941176470589,1.2352941176470589,-9.0,9.0,0.6470588235294118,0.6470588235294118,-9.0,9.0,1.8823529411764706,1.8823529411764706,-18.0,18.0,-17.0,17.0,0,0,1,2,-2.8101056591646048,-0.022320560603730062
2016-01-04 20:00:00,9945,10012,9964,9944,9930,9919,9973,10023,12039,19973,1,1,19,-1,43,104,9,11,15,25,20,24,36,0.47368421052631576,0.47368421052631576,-11.0,11.0,0.7894736842105263,0.7894736842105263,-25.0,25.0,1.263157894736842,1.263157894736842,-36.0,36.0,-19.0,19.0,0,0,1,2,-2.3660117531661506,0.5108881581823558
2016-01-04 23:00:00,9984,9986,9985,9981,9975,9979,9999,9996,3792,5076,1,1,1,-3,24,17,14,10,9,2,4,23,12,14.0,14.0,-3.3333333333333335,3.3333333333333335,9.0,9.0,-0.6666666666666666,0.6666666666666666,23.0,23.0,-4.0,4.0,-0.3333333333333333,0.3333333333333333,0,0,1,2,-3.1220846141537213,-0.03623282454985417
2016-01-05 14:00:00,9943,10028,9944,9940,9913,9925,9958,10034,20150,38695,1,1,1,-3,45,109,14,6,30,15,4,44,21,14.0,14.0,-2.0,2.0,30.0,30.0,-5.0,5.0,44.0,44.0,-7.0,7.0,-0.3333333333333333,0.3333333333333333,0,0,1,1,-2.472666193221825,1.702439001651354
2016-01-05 21:00:00,10098,10132,10128,10095,10088,10087,10134,10138,4028,10501,1,1,30,-3,46,51,6,6,10,8,33,16,14,0.2,0.2,-2.0,2.0,0.3333333333333333,0.3333333333333333,-2.6666666666666665,2.6666666666666665,0.5333333333333333,0.5333333333333333,-4.666666666666667,4.666666666666667,-10.0,10.0,0,0,1,2,-3.105212597995965,-0.7608996439342107
2016-01-11 22:00:00,9197,9228,9214,9195,9193,9175,9239,9228,12979,16790,1,1,17,-2,46,53,25,0,4,20,19,29,20,1.4705882352941178,1.4705882352941178,-0.0,0.0,0.23529411764705882,0.23529411764705882,-10.0,10.0,1.7058823529411764,1.7058823529411764,-10.0,10.0,-8.5,8.5,0,0,1,2,-3.179867584019035,-0.2305685149008146
2016-01-12 15:00:00,9382,9456,9383,9381,9350,9374,9423,9464,56784,65066,1,1,1,-1,73,90,40,8,32,7,2,72,15,40.0,40.0,-8.0,8.0,32.0,32.0,-7.0,7.0,72.0,72.0,-15.0,15.0,-1.0,1.0,0,0,1,1,-2.058478760580803,3.8291361688899253
2016-01-13 23:00:00,9233,9299,9238,9230,9226,9223,9260,9317,10519,24689,1,1,5,-3,34,94,22,18,7,7,8,29,25,4.4,4.4,-6.0,6.0,1.4,1.4,-2.3333333333333335,2.3333333333333335,5.8,5.8,-8.333333333333334,8.333333333333334,-1.6666666666666667,1.6666666666666667,0,0,1,2,-3.154332735054887,-0.10712275877720083
2016-01-14 12:00:00,9320,9343,9328,9318,9217,9281,9339,9349,74166,69335,1,1,8,-2,122,68,11,6,103,37,10,114,43,1.375,1.375,-3.0,3.0,12.875,12.875,-18.5,18.5,14.25,14.25,-21.5,21.5,-4.0,4.0,0,0,1,2,-2.11127791558443,2.151905546910407
2016-01-14 20:00:00,9472,9540,9478,9469,9460,9450,9500,9540,16846,31438,1,1,6,-3,40,90,22,0,12,19,9,34,19,3.6666666666666665,3.6666666666666665,-0.0,0.0,2.0,2.0,-6.333333333333333,6.333333333333333,5.666666666666667,5.666666666666667,-6.333333333333333,6.333333333333333,-2.0,2.0,0,0,1,2,-3.1454027712261365,-0.11345114077837463
2016-01-15 12:00:00,9315,9450,9331,9312,9299,9293,9364,9475,53653,137750,1,1,16,-3,65,182,33,25,16,19,19,49,44,2.0625,2.0625,-8.333333333333334,8.333333333333334,1.0,1.0,-6.333333333333333,6.333333333333333,3.0625,3.0625,-14.666666666666666,14.666666666666666,-5.333333333333333,5.333333333333333,0,0,1,2,-2.6470392618567327,1.421977588338879
2016-01-15 13:00:00,9331,9315,9056,9331,9047,9299,9334,9364,208826,53653,1,1,-275,0,287,65,3,33,9,16,-275,12,49,-0.01090909090909091,0.01090909090909091,100.0,100.0,-0.03272727272727273,0.03272727272727273,100.0,100.0,-0.04363636363636364,0.04363636363636364,100.0,100.0,0.0,0.0,0,1,1,3,-4.4452019404594845,0.15851285204729065
2016-01-15 14:00:00,9057,9331,9114,9056,9023,9047,9127,9334,115577,208826,1,1,57,-1,104,287,13,3,34,9,58,47,12,0.22807017543859648,0.22807017543859648,-3.0,3.0,0.5964912280701754,0.5964912280701754,-9.0,9.0,0.8245614035087719,0.8245614035087719,-12.0,12.0,-57.0,57.0,0,0,1,2,-2.405304029679933,2.775366208004128
2016-01-18 11:00:00,8837,8930,8910,8835,8836,8701,8993,8930,150121,178087,1,1,73,-2,157,229,83,0,1,134,75,84,134,1.1369863013698631,1.1369863013698631,-0.0,0.0,0.0136986301369863,0.0136986301369863,-67.0,67.0,1.1506849315068493,1.1506849315068493,-67.0,67.0,-36.5,36.5,0,0,1,2,-0.5542630222527759,5.275754060307959
2016-01-18 16:00:00,8805,8913,8815,8803,8747,8760,8859,8945,78535,96277,1,1,10,-2,112,185,44,32,58,43,12,102,75,4.4,4.4,-16.0,16.0,5.8,5.8,-21.5,21.5,10.2,10.2,-37.5,37.5,-5.0,5.0,0,0,1,2,-1.6994761762716357,2.9681757346723505
2016-01-19 12:00:00,9043,9054,9050,9041,8973,8995,9053,9087,55771,97860,1,1,7,-2,80,92,3,33,70,46,9,73,79,0.42857142857142855,0.42857142857142855,-16.5,16.5,10.0,10.0,-23.0,23.0,10.428571428571429,10.428571428571429,-39.5,39.5,-3.5,3.5,0,0,1,2,-2.0127951045192516,2.432362880826616
2016-01-21 11:00:00,8521,8689,8615,8519,8521,8476,8700,8689,176645,150980,1,1,94,-2,179,213,85,0,0,43,96,85,43,0.9042553191489362,0.9042553191489362,-0.0,0.0,0.0,0.0,-21.5,21.5,0.9042553191489362,0.9042553191489362,-21.5,21.5,-47.0,47.0,0,0,1,2,-1.785107638642752,3.792654267762084
2016-01-22 13:00:00,8969,9013,9004,8966,8955,8923,9031,9063,40527,87323,1,1,35,-3,76,140,27,50,14,43,38,41,93,0.7714285714285715,0.7714285714285715,-16.666666666666668,16.666666666666668,0.4,0.4,-14.333333333333334,14.333333333333334,1.1714285714285715,1.1714285714285715,-31.0,31.0,-11.666666666666666,11.666666666666666,0,0,1,2,-2.096871518145212,1.7801902036890525
2016-01-29 14:00:00,9684,9816,9719,9683,9654,9640,9731,9847,72750,170234,1,1,35,-1,77,207,12,31,30,43,36,42,74,0.34285714285714286,0.34285714285714286,-31.0,31.0,0.8571428571428571,0.8571428571428571,-43.0,43.0,1.2,1.2,-74.0,74.0,-35.0,35.0,0,0,1,2,-1.2040242009753588,3.6015319558827663
2016-02-01 17:00:00,9735,9792,9746,9734,9692,9701,9770,9807,66178,102910,1,1,11,-1,78,106,24,15,43,33,12,67,48,2.1818181818181817,2.1818181818181817,-15.0,15.0,3.909090909090909,3.909090909090909,-33.0,33.0,6.090909090909091,6.090909090909091,-48.0,48.0,-11.0,11.0,0,0,1,2,-1.9267537598892852,2.278212187976218
2016-02-01 21:00:00,9764,9818,9772,9763,9731,9742,9779,9827,17898,27774,1,1,8,-1,48,85,7,9,33,21,9,40,30,0.875,0.875,-9.0,9.0,4.125,4.125,-21.0,21.0,5.0,5.0,-30.0,30.0,-8.0,8.0,0,0,1,2,-2.5518627528052464,0.5575721858925992
2016-02-01 22:00:00,9776,9764,9758,9772,9751,9731,9788,9779,7600,17898,1,1,-18,-4,37,48,12,7,7,33,-14,19,40,-0.6666666666666666,0.6666666666666666,-1.75,1.75,-0.3888888888888889,0.3888888888888889,-8.25,8.25,-1.0555555555555556,1.0555555555555556,-10.0,10.0,4.5,4.5,0,0,1,2,-3.2026321043642905,-0.5985077018675785
2016-02-01 23:00:00,9759,9776,9763,9758,9747,9751,9784,9788,8482,7600,1,1,4,-1,37,37,21,12,12,7,5,33,19,5.25,5.25,-12.0,12.0,3.0,3.0,-7.0,7.0,8.25,8.25,-19.0,19.0,-4.0,4.0,0,0,1,2,-2.920840373358323,-0.015384348937632877
2016-02-02 13:00:00,9616,9701,9628,9615,9605,9563,9646,9746,71756,181801,1,1,12,-1,41,183,18,45,11,52,13,29,97,1.5,1.5,-45.0,45.0,0.9166666666666666,0.9166666666666666,-52.0,52.0,2.4166666666666665,2.4166666666666665,-97.0,97.0,-12.0,12.0,0,0,1,2,-1.1251804101257767,3.9758375826453123
2016-02-03 19:00:00,9599,9747,9730,9592,9599,9532,9749,9755,48764,174014,1,1,131,-7,150,223,19,8,0,60,138,19,68,0.1450381679389313,0.1450381679389313,-1.1428571428571428,1.1428571428571428,0.0,0.0,-8.571428571428571,8.571428571428571,0.1450381679389313,0.1450381679389313,-9.714285714285714,9.714285714285714,-18.714285714285715,18.714285714285715,0,0,1,2,-1.9343947604031146,1.9784473125263498
2016-02-04 20:00:00,9775,9901,9791,9774,9772,9751,9826,9924,20957,45465,1,1,16,-1,54,173,35,23,3,23,17,38,46,2.1875,2.1875,-23.0,23.0,0.1875,0.1875,-23.0,23.0,2.375,2.375,-46.0,46.0,-16.0,16.0,0,0,1,2,-1.9737970414193224,1.3028865223758752
2016-02-05 18:00:00,9794,9841,9830,9793,9787,9780,9847,9882,55825,85327,1,1,36,-1,60,102,17,41,7,13,37,24,54,0.4722222222222222,0.4722222222222222,-41.0,41.0,0.19444444444444445,0.19444444444444445,-13.0,13.0,0.6666666666666666,0.6666666666666666,-54.0,54.0,-36.0,36.0,0,0,1,2,-1.8650994259871356,2.0185685715397206
2016-02-05 19:00:00,9828,9794,9757,9830,9750,9787,9846,9847,21582,55825,1,1,-71,2,96,60,18,17,7,7,-73,25,24,-0.2535211267605634,0.2535211267605634,8.5,8.5,-0.09859154929577464,0.09859154929577464,3.5,3.5,-0.352112676056338,0.352112676056338,12.0,12.0,-35.5,35.5,0,0,1,2,-3.350794325507336,-0.29337089614281536
2016-02-05 20:00:00,9759,9828,9788,9757,9756,9750,9798,9846,7633,21582,1,1,29,-2,42,96,10,18,3,7,31,13,25,0.3448275862068966,0.3448275862068966,-9.0,9.0,0.10344827586206896,0.10344827586206896,-3.5,3.5,0.4482758620689655,0.4482758620689655,-12.5,12.5,-14.5,14.5,0,0,1,2,-2.931879127929616,-0.2611732333881383
2016-02-10 14:00:00,9585,9600,9595,9582,9569,9516,9650,9607,87892,72303,1,1,10,-3,81,91,55,7,16,66,13,71,73,5.5,5.5,-2.3333333333333335,2.3333333333333335,1.6,1.6,-22.0,22.0,7.1,7.1,-24.333333333333332,24.333333333333332,-3.3333333333333335,3.3333333333333335,0,0,1,2,-2.1954200290253265,1.8822614714917685
2016-02-12 11:00:00,9583,9651,9589,9581,9514,9556,9620,9660,108136,96095,1,1,6,-2,106,104,31,9,69,25,8,100,34,5.166666666666667,5.166666666666667,-4.5,4.5,11.5,11.5,-12.5,12.5,16.666666666666668,16.666666666666668,-17.0,17.0,-3.0,3.0,0,0,1,2,-2.2691643187672947,2.3757040208067868
2016-02-15 20:00:00,9560,9596,9594,9558,9555,9555,9604,9619,16604,19088,1,1,34,-2,49,64,10,23,5,3,36,15,26,0.29411764705882354,0.29411764705882354,-11.5,11.5,0.14705882352941177,0.14705882352941177,-1.5,1.5,0.4411764705882353,0.4411764705882353,-13.0,13.0,-17.0,17.0,0,0,1,2,-2.9618705929835865,-0.13758494435832322
2016-02-22 12:00:00,10453,10481,10467,10451,10444,10441,10475,10490,26808,53785,1,1,14,-2,31,49,8,9,9,10,16,17,19,0.5714285714285714,0.5714285714285714,-4.5,4.5,0.6428571428571429,0.6428571428571429,-5.0,5.0,1.2142857142857142,1.2142857142857142,-9.5,9.5,-7.0,7.0,0,0,1,2,-3.0746267843377275,-0.31615854521061465
2016-02-29 18:00:00,10749,10776,10754,10748,10728,10724,10766,10783,55791,53787,1,1,5,-1,38,59,12,7,21,24,6,33,31,2.4,2.4,-7.0,7.0,4.2,4.2,-24.0,24.0,6.6,6.6,-31.0,31.0,-5.0,5.0,0,0,1,2,-2.46612498532064,0.7878755534209958
2016-03-02 19:00:00,10695,10724,10710,10686,10665,10653,10797,10745,29747,63031,1,1,15,-9,132,92,87,21,30,33,24,117,54,5.8,5.8,-2.3333333333333335,2.3333333333333335,2.0,2.0,-3.6666666666666665,3.6666666666666665,7.8,7.8,-6.0,6.0,-1.6666666666666667,1.6666666666666667,0,0,1,2,-1.7399950380747233,1.0260361676419731
2016-03-09 21:00:00,10898,10917,10907,10896,10880,10895,10914,10930,7514,7287,1,1,9,-2,34,35,7,13,18,1,11,25,14,0.7777777777777778,0.7777777777777778,-6.5,6.5,2.0,2.0,-0.5,0.5,2.7777777777777777,2.7777777777777777,-7.0,7.0,-4.5,4.5,0,0,1,2,-2.9623941533893396,-0.8395142239810914
2016-03-10 14:00:00,11023,11050,11035,11014,11010,10978,11074,11061,1998,2444,1,1,12,-9,64,83,39,11,13,36,21,52,47,3.25,3.25,-1.2222222222222223,1.2222222222222223,1.0833333333333333,1.0833333333333333,-4.0,4.0,4.333333333333333,4.333333333333333,-5.222222222222222,5.222222222222222,-1.3333333333333333,1.3333333333333333,0,0,1,2,-2.320044194330023,-0.40955833210825654
2016-03-14 12:00:00,10986,11012,11008,10984,10975,10971,11022,11046,6337,12065,1,1,22,-2,47,75,14,34,11,13,24,25,47,0.6363636363636364,0.6363636363636364,-17.0,17.0,0.5,0.5,-6.5,6.5,1.1363636363636365,1.1363636363636365,-23.5,23.5,-11.0,11.0,0,0,1,2,-2.275856958579173,-0.08475713860118754
2016-03-18 21:00:00,11224,11275,11226,11221,11209,11218,11237,11277,12199,19264,1,1,2,-3,28,59,11,2,15,3,5,26,5,5.5,5.5,-0.6666666666666666,0.6666666666666666,7.5,7.5,-1.0,1.0,13.0,13.0,-1.6666666666666667,1.6666666666666667,-0.6666666666666666,0.6666666666666666,0,0,1,2,-2.930298993164574,-0.5569707699291166
2016-03-22 15:00:00,11259,11279,11268,11258,11190,11240,11283,11313,82710,35628,1,1,9,-1,93,73,15,34,69,18,10,84,52,1.6666666666666667,1.6666666666666667,-34.0,34.0,7.666666666666667,7.666666666666667,-18.0,18.0,9.333333333333334,9.333333333333334,-52.0,52.0,-9.0,9.0,0,0,1,2,-1.3222320316384304,2.0690083396399297
2016-03-22 19:00:00,11234,11269,11235,11229,11210,11213,11256,11272,16602,45683,1,1,1,-5,46,59,21,3,24,16,6,45,19,21.0,21.0,-0.6,0.6,24.0,24.0,-3.2,3.2,45.0,45.0,-3.8,3.8,-0.2,0.2,0,0,1,1,-2.2667630933180734,1.3528627981728507
2016-03-25 12:00:00,10983,11001,10999,10981,10980,10963,11009,11030,26525,51981,1,1,16,-2,29,67,10,29,3,18,18,13,47,0.625,0.625,-14.5,14.5,0.1875,0.1875,-9.0,9.0,0.8125,0.8125,-23.5,23.5,-8.0,8.0,0,0,1,2,-2.511254570152767,0.11369917947640444
2016-03-28 17:00:00,10882,10897,10889,10881,10848,10846,10897,10906,29226,54263,1,1,7,-1,49,60,8,9,34,35,8,42,44,1.1428571428571428,1.1428571428571428,-9.0,9.0,4.857142857142857,4.857142857142857,-35.0,35.0,6.0,6.0,-44.0,44.0,-7.0,7.0,0,0,1,2,-2.0105529243356552,1.0538031705551172
2016-03-30 23:00:00,10928,10947,10944,10927,10903,10927,10949,10962,12049,7890,1,1,16,-1,46,35,5,15,25,0,17,30,15,0.3125,0.3125,-15.0,15.0,1.5625,1.5625,-0.0,0.0,1.875,1.875,-15.0,15.0,-16.0,16.0,0,0,1,2,-2.6849777038395684,-0.46336933511220635
2016-04-07 22:00:00,10847,10869,10866,10846,10842,10842,10899,10880,11355,9995,1,1,19,-1,57,38,33,11,5,4,20,38,15,1.736842105263158,1.736842105263158,-11.0,11.0,0.2631578947368421,0.2631578947368421,-4.0,4.0,2.0,2.0,-15.0,15.0,-19.0,19.0,0,0,1,2,-2.5712369882348596,-0.30635941228121394
2016-04-11 23:00:00,11692,11741,11698,11690,11679,11690,11709,11746,9316,7888,1,1,6,-2,30,56,11,5,13,0,8,24,5,1.8333333333333333,1.8333333333333333,-2.5,2.5,2.1666666666666665,2.1666666666666665,-0.0,0.0,4.0,4.0,-2.5,2.5,-3.0,3.0,0,0,1,2,-2.886633667546298,-1.0837024864331033
2016-04-12 14:00:00,11661,11781,11732,11657,11622,11648,11754,11781,65248,86190,1,1,71,-4,132,133,22,0,39,9,75,61,9,0.30985915492957744,0.30985915492957744,-0.0,0.0,0.5492957746478874,0.5492957746478874,-2.25,2.25,0.8591549295774648,0.8591549295774648,-2.25,2.25,-17.75,17.75,0,0,1,2,-2.0634333134493583,0.5653887665146129
2016-04-19 14:00:00,12265,12339,12269,12261,12225,12257,12292,12345,62048,79793,1,1,4,-4,67,88,23,6,40,4,8,63,10,5.75,5.75,-1.5,1.5,10.0,10.0,-1.0,1.0,15.75,15.75,-2.5,2.5,-1.0,1.0,0,0,1,2,-2.2900567207555973,0.530494430179035
2016-04-19 15:00:00,12268,12265,12173,12269,12143,12225,12279,12292,117772,62048,1,1,-95,1,136,67,11,23,30,40,-96,41,63,-0.11578947368421053,0.11578947368421053,23.0,23.0,-0.3157894736842105,0.3157894736842105,40.0,40.0,-0.43157894736842106,0.43157894736842106,63.0,63.0,-95.0,95.0,0,0,1,2,-2.095428038834337,0.9349186848282789
2016-04-19 16:00:00,12175,12268,12213,12173,12115,12143,12219,12279,122158,117772,1,1,38,-2,104,136,6,11,60,30,40,66,41,0.15789473684210525,0.15789473684210525,-5.5,5.5,1.5789473684210527,1.5789473684210527,-15.0,15.0,1.736842105263158,1.736842105263158,-20.5,20.5,-19.0,19.0,0,0,1,2,-1.6879155142180629,1.6832505149895822
2016-04-19 20:00:00,12088,12160,12105,12087,12062,12038,12114,12179,7487,45275,1,1,17,-1,52,141,9,19,26,49,18,35,68,0.5294117647058824,0.5294117647058824,-19.0,19.0,1.5294117647058822,1.5294117647058822,-49.0,49.0,2.0588235294117645,2.0588235294117645,-68.0,68.0,-17.0,17.0,0,0,1,2,-0.972885996708241,1.407535093883346
2016-04-21 14:00:00,12066,12251,12105,12063,12050,12050,12124,12251,58225,119715,1,1,39,-3,74,201,19,0,16,13,42,35,13,0.48717948717948717,0.48717948717948717,-0.0,0.0,0.41025641025641024,0.41025641025641024,-4.333333333333333,4.333333333333333,0.8974358974358975,0.8974358974358975,-4.333333333333333,4.333333333333333,-13.0,13.0,0,0,1,2,-2.266821363572724,0.3997105112604594
2016-04-21 20:00:00,11903,11962,11921,11900,11882,11870,11933,11990,9089,24639,1,1,18,-3,51,120,12,28,21,30,21,33,58,0.6666666666666666,0.6666666666666666,-9.333333333333334,9.333333333333334,1.1666666666666667,1.1666666666666667,-10.0,10.0,1.8333333333333333,1.8333333333333333,-19.333333333333332,19.333333333333332,-6.0,6.0,0,0,1,2,-1.9580497419348468,-0.07894715048459901
2016-04-25 22:00:00,11985,11991,11987,11983,11981,11963,11992,11999,1362,7261,1,1,2,-2,11,36,5,8,4,20,4,9,28,2.5,2.5,-4.0,4.0,2.0,2.0,-10.0,10.0,4.5,4.5,-14.0,14.0,-1.0,1.0,0,0,1,2,-2.6675814962585394,-0.9277152080724257
2016-04-27 18:00:00,12016,12208,12056,12015,11956,11987,12059,12212,66305,146361,1,1,40,-1,103,225,3,4,60,28,41,63,32,0.075,0.075,-4.0,4.0,1.5,1.5,-28.0,28.0,1.575,1.575,-32.0,32.0,-40.0,40.0,0,0,1,2,-1.2935242012719608,1.9800908393660468
2016-04-28 11:00:00,12091,12176,12143,12088,11987,12008,12165,12176,90402,96801,1,1,52,-3,178,168,22,0,104,80,55,126,80,0.4230769230769231,0.4230769230769231,-0.0,0.0,2.0,2.0,-26.666666666666668,26.666666666666668,2.423076923076923,2.423076923076923,-26.666666666666668,26.666666666666668,-17.333333333333332,17.333333333333332,0,0,1,2,-0.6452482887343419,2.4013884541080173
2016-05-12 16:00:00,12170,12196,12187,12169,12162,12153,12244,12221,80165,39272,1,1,17,-1,82,68,57,25,8,16,18,65,41,3.3529411764705883,3.3529411764705883,-25.0,25.0,0.47058823529411764,0.47058823529411764,-16.0,16.0,3.823529411764706,3.823529411764706,-41.0,41.0,-17.0,17.0,0,0,1,2,-1.4499602455795833,1.2936068913700238
2016-05-18 20:00:00,12238,12260,12259,12237,12226,12221,12277,12279,7110,10589,1,1,21,-1,51,58,18,19,12,16,22,30,35,0.8571428571428571,0.8571428571428571,-19.0,19.0,0.5714285714285714,0.5714285714285714,-16.0,16.0,1.4285714285714286,1.4285714285714286,-35.0,35.0,-21.0,21.0,0,0,1,2,-1.7902055072956913,0.008330416740206414
2016-05-20 21:00:00,12070,12083,12071,12067,12060,12063,12081,12085,2763,4271,1,1,1,-3,21,22,10,2,10,4,4,20,6,10.0,10.0,-0.6666666666666666,0.6666666666666666,10.0,10.0,-1.3333333333333333,1.3333333333333333,20.0,20.0,-2.0,2.0,-0.3333333333333333,0.3333333333333333,0,0,1,2,-2.726741390739046,-0.6493391879938393
2016-05-31 19:00:00,13180,13302,13192,13169,13150,13167,13216,13324,22184,111834,1,1,12,-11,66,157,24,22,30,2,23,54,24,2.0,2.0,-2.0,2.0,2.5,2.5,-0.18181818181818182,0.18181818181818182,4.5,4.5,-2.1818181818181817,2.1818181818181817,-1.0909090909090908,1.0909090909090908,0,0,1,2,-1.9171860932620297,-0.12301785025876515
2016-06-01 12:00:00,13085,13167,13131,13083,13073,13073,13143,13209,52662,66590,1,1,46,-2,70,136,12,42,12,10,48,24,52,0.2608695652173913,0.2608695652173913,-21.0,21.0,0.2608695652173913,0.2608695652173913,-5.0,5.0,0.5217391304347826,0.5217391304347826,-26.0,26.0,-23.0,23.0,0,0,1,2,-1.455917167899485,0.5984233190997946
2016-06-01 20:00:00,13033,13055,13052,13030,13030,13020,13068,13095,7797,17666,1,1,19,-3,38,75,16,40,3,10,22,19,50,0.8421052631578947,0.8421052631578947,-13.333333333333334,13.333333333333334,0.15789473684210525,0.15789473684210525,-3.3333333333333335,3.3333333333333335,1.0,1.0,-16.666666666666668,16.666666666666668,-6.333333333333333,6.333333333333333,0,0,1,2,-1.9482868901342238,-0.6574814509210914
2016-06-07 18:00:00,13772,13855,13840,13771,13769,13760,13866,13857,53540,82980,1,1,68,-1,97,97,26,2,3,11,69,29,13,0.38235294117647056,0.38235294117647056,-2.0,2.0,0.04411764705882353,0.04411764705882353,-11.0,11.0,0.4264705882352941,0.4264705882352941,-13.0,13.0,-68.0,68.0,0,0,1,2,-1.3662010960005446,0.5114519548632293
2016-06-08 12:00:00,13850,13945,13855,13848,13830,13784,13895,13962,50378,136125,1,1,5,-2,65,178,40,17,20,64,7,60,81,8.0,8.0,-8.5,8.5,4.0,4.0,-32.0,32.0,12.0,12.0,-40.5,40.5,-2.5,2.5,0,0,1,2,-0.7591958235796363,1.898547077626074
2016-06-10 12:00:00,13980,14038,14005,13977,13971,13975,14014,14091,5601,10412,1,1,25,-3,43,116,9,53,9,2,28,18,55,0.36,0.36,-17.666666666666668,17.666666666666668,0.36,0.36,-0.6666666666666666,0.6666666666666666,0.72,0.72,-18.333333333333332,18.333333333333332,-8.333333333333334,8.333333333333334,0,0,1,2,-1.5360625938769192,-0.7195209687912282
2016-06-16 14:00:00,12985,13003,12996,12984,12950,12948,13017,13004,34468,38960,1,1,11,-1,67,56,21,1,35,36,12,56,37,1.9090909090909092,1.9090909090909092,-1.0,1.0,3.1818181818181817,3.1818181818181817,-36.0,36.0,5.090909090909091,5.090909090909091,-37.0,37.0,-11.0,11.0,0,0,1,2,-1.480750435892064,0.5522930213809564
2016-06-20 14:00:00,13624,13642,13641,13623,13620,13618,13667,13667,18574,31727,1,1,17,-1,47,49,26,25,4,5,18,30,30,1.5294117647058822,1.5294117647058822,-25.0,25.0,0.23529411764705882,0.23529411764705882,-5.0,5.0,1.7647058823529411,1.7647058823529411,-30.0,30.0,-17.0,17.0,0,0,1,2,-1.6388571282310358,-0.23543810385465685
2016-06-20 15:00:00,13644,13624,13595,13641,13585,13620,13660,13667,30884,18574,1,1,-49,-3,75,47,16,26,10,4,-46,26,30,-0.32653061224489793,0.32653061224489793,-8.666666666666666,8.666666666666666,-0.20408163265306123,0.20408163265306123,-1.3333333333333333,1.3333333333333333,-0.5306122448979592,0.5306122448979592,-10.0,10.0,16.333333333333332,16.333333333333332,0,0,1,2,-2.3285839516900224,-1.1472736351105717
2016-06-20 16:00:00,13596,13644,13602,13595,13578,13585,13613,13660,41999,30884,1,1,6,-1,35,75,11,16,18,10,7,29,26,1.8333333333333333,1.8333333333333333,-16.0,16.0,3.0,3.0,-10.0,10.0,4.833333333333333,4.833333333333333,-26.0,26.0,-6.0,6.0,0,0,1,2,-1.8494142110078222,-0.1799819345325188
2016-06-24 20:00:00,13589,13614,13592,13585,13574,13556,13605,13615,4856,11538,1,1,3,-4,31,59,13,1,15,29,7,28,30,4.333333333333333,4.333333333333333,-0.25,0.25,5.0,5.0,-7.25,7.25,9.333333333333334,9.333333333333334,-7.5,7.5,-0.75,0.75,0,0,1,2,-2.0821547426896014,-0.8941960625924917
2016-06-24 21:00:00,13590,13589,13534,13592,13521,13574,13595,13605,9497,4856,1,1,-56,2,74,31,5,13,13,15,-58,18,28,-0.08928571428571429,0.08928571428571429,6.5,6.5,-0.23214285714285715,0.23214285714285715,7.5,7.5,-0.32142857142857145,0.32142857142857145,14.0,14.0,-28.0,28.0,0,0,1,2,-2.4722848285131964,-1.4634488563744326
2016-06-24 22:00:00,13535,13590,13544,13534,13521,13521,13588,13595,9779,9497,1,1,9,-1,67,74,44,5,14,13,10,58,18,4.888888888888889,4.888888888888889,-5.0,5.0,1.5555555555555556,1.5555555555555556,-13.0,13.0,6.444444444444445,6.444444444444445,-18.0,18.0,-9.0,9.0,0,0,1,2,-1.669043754732249,-0.4151369981073856
2016-06-29 13:00:00,13462,13474,13470,13461,13455,13439,13488,13493,26742,44637,1,1,8,-1,33,54,18,19,7,22,9,25,41,2.25,2.25,-19.0,19.0,0.875,0.875,-22.0,22.0,3.125,3.125,-41.0,41.0,-8.0,8.0,0,0,1,2,-1.5915689737929681,0.17003894716452927
2016-07-01 13:00:00,13461,13529,13465,13457,13436,13416,13480,13529,26030,98734,1,1,4,-4,44,113,15,0,25,41,8,40,41,3.75,3.75,-0.0,0.0,6.25,6.25,-10.25,10.25,10.0,10.0,-10.25,10.25,-1.0,1.0,0,0,1,2,-1.8747555531454723,0.15903744567248085
2016-07-05 17:00:00,13464,13509,13485,13463,13442,13450,13539,13511,66919,32322,1,1,21,-1,97,61,54,2,22,13,22,76,15,2.5714285714285716,2.5714285714285716,-2.0,2.0,1.0476190476190477,1.0476190476190477,-13.0,13.0,3.619047619047619,3.619047619047619,-15.0,15.0,-21.0,21.0,0,0,1,2,-1.5774375952987467,0.24810650054268485
2016-07-06 14:00:00,13106,13218,13130,13104,13106,13102,13147,13221,41614,88081,1,1,24,-2,41,119,17,3,0,2,26,17,5,0.7083333333333334,0.7083333333333334,-1.5,1.5,0.0,0.0,-1.0,1.0,0.7083333333333334,0.7083333333333334,-2.5,2.5,-12.0,12.0,0,0,1,2,-2.447083071308393,-0.5526598265899408
2016-07-11 16:00:00,13916,13984,13946,13915,13895,13887,13974,13991,64890,49496,1,1,30,-1,79,104,28,7,21,28,31,49,35,0.9333333333333333,0.9333333333333333,-7.0,7.0,0.7,0.7,-28.0,28.0,1.6333333333333333,1.6333333333333333,-35.0,35.0,-30.0,30.0,0,0,1,2,-1.1070269135545387,0.74934149472314
2016-07-13 14:00:00,14047,14156,14125,14044,14040,14023,14149,14160,58630,81675,1,1,78,-3,109,137,24,4,7,21,81,31,25,0.3076923076923077,0.3076923076923077,-1.3333333333333333,1.3333333333333333,0.08974358974358974,0.08974358974358974,-7.0,7.0,0.3974358974358974,0.3974358974358974,-8.333333333333334,8.333333333333334,-26.0,26.0,0,0,1,2,-1.4184059950933818,0.1966161694086044
2016-07-18 13:00:00,14104,14189,14122,14101,14040,14078,14137,14200,80836,70701,1,1,18,-3,97,122,15,11,64,23,21,79,34,0.8333333333333334,0.8333333333333334,-3.6666666666666665,3.6666666666666665,3.5555555555555554,3.5555555555555554,-7.666666666666667,7.666666666666667,4.388888888888889,4.388888888888889,-11.333333333333334,11.333333333333334,-6.0,6.0,0,0,1,2,-1.3891950047849577,0.47532145057161995
2016-07-19 16:00:00,14176,14239,14189,14174,14151,14163,14218,14277,67066,56986,1,1,13,-2,67,114,29,38,25,11,15,54,49,2.230769230769231,2.230769230769231,-19.0,19.0,1.9230769230769231,1.9230769230769231,-5.5,5.5,4.153846153846154,4.153846153846154,-24.5,24.5,-6.5,6.5,0,0,1,2,-1.2752581048924312,0.46577918077995517
2016-07-20 21:00:00,14062,14088,14071,14061,14061,14053,14089,14099,3291,7277,1,1,9,-1,28,46,18,11,1,8,10,19,19,2.0,2.0,-11.0,11.0,0.1111111111111111,0.1111111111111111,-8.0,8.0,2.111111111111111,2.111111111111111,-19.0,19.0,-9.0,9.0,0,0,1,2,-1.9551435339681769,-1.1087158593374502
2016-07-27 11:00:00,13782,13805,13787,13779,13756,13706,13857,13829,96242,93443,1,1,5,-3,101,123,70,24,26,73,8,96,97,14.0,14.0,-8.0,8.0,5.2,5.2,-24.333333333333332,24.333333333333332,19.2,19.2,-32.333333333333336,32.333333333333336,-1.6666666666666667,1.6666666666666667,0,0,1,2,-0.5019062125406121,2.458083067785549
2016-07-27 18:00:00,13822,13918,13831,13821,13800,13749,13845,13949,28764,128486,1,1,9,-1,45,200,14,31,22,72,10,36,103,1.5555555555555556,1.5555555555555556,-31.0,31.0,2.4444444444444446,2.4444444444444446,-72.0,72.0,4.0,4.0,-103.0,103.0,-9.0,9.0,0,0,1,2,0.20940015545927843,2.9165350100127916
2016-08-04 12:00:00,13856,13884,13873,13854,13804,13852,13890,13895,71342,47568,1,1,17,-2,86,43,17,11,52,2,19,69,13,1.0,1.0,-5.5,5.5,3.0588235294117645,3.0588235294117645,-1.0,1.0,4.0588235294117645,4.0588235294117645,-6.5,6.5,-8.5,8.5,0,0,1,2,-1.8544957207351922,-0.14598941761692713
2016-08-05 20:00:00,14031,14039,14034,14029,14019,14003,14047,14039,4888,5114,1,1,3,-2,28,36,13,0,12,26,5,25,26,4.333333333333333,4.333333333333333,-0.0,0.0,4.0,4.0,-13.0,13.0,8.333333333333334,8.333333333333334,-13.0,13.0,-1.5,1.5,0,0,1,2,-1.9946528380344435,-0.9894706309202475
2016-08-18 12:00:00,14002,14064,14023,14000,13976,13984,14041,14073,28462,48611,1,1,21,-2,65,89,18,9,26,16,23,44,25,0.8571428571428571,0.8571428571428571,-4.5,4.5,1.2380952380952381,1.2380952380952381,-8.0,8.0,2.0952380952380953,2.0952380952380953,-12.5,12.5,-10.5,10.5,0,0,1,2,-1.7171005493254592,-0.4400138498048234
2016-08-18 17:00:00,13735,13815,13800,13733,13727,13721,13803,13823,89096,115838,1,1,65,-2,76,102,3,8,8,12,67,11,20,0.046153846153846156,0.046153846153846156,-4.0,4.0,0.12307692307692308,0.12307692307692308,-6.0,6.0,0.16923076923076924,0.16923076923076924,-10.0,10.0,-32.5,32.5,0,0,1,2,-1.8550765013213075,0.4392426808966536
2016-08-18 22:00:00,13767,13796,13779,13766,13763,13764,13792,13807,2954,5153,1,1,12,-1,29,43,13,11,4,2,13,17,13,1.0833333333333333,1.0833333333333333,-11.0,11.0,0.3333333333333333,0.3333333333333333,-2.0,2.0,1.4166666666666667,1.4166666666666667,-13.0,13.0,-12.0,12.0,0,0,1,2,-2.158627490426457,-1.271690724907996
2016-08-19 11:00:00,13685,13784,13687,13684,13671,13652,13740,13870,66478,109507,1,1,2,-1,69,218,53,86,14,32,3,67,118,26.5,26.5,-86.0,86.0,7.0,7.0,-32.0,32.0,33.5,33.5,-118.0,118.0,-2.0,2.0,0,0,1,2,1.077301605864627,5.056254105928079
2016-08-22 11:00:00,13639,13675,13667,13636,13627,13561,13689,13675,59152,110481,1,1,28,-3,62,114,22,0,12,75,31,34,75,0.7857142857142857,0.7857142857142857,-0.0,0.0,0.42857142857142855,0.42857142857142855,-25.0,25.0,1.2142857142857142,1.2142857142857142,-25.0,25.0,-9.333333333333334,9.333333333333334,0,0,1,2,-1.3788194298567205,0.8156053872247435
2016-08-23 20:00:00,14126,14135,14129,14123,14110,14110,14148,14154,5550,15002,1,1,3,-3,38,44,19,19,16,13,6,35,32,6.333333333333333,6.333333333333333,-6.333333333333333,6.333333333333333,5.333333333333333,5.333333333333333,-4.333333333333333,4.333333333333333,11.666666666666666,11.666666666666666,-10.666666666666666,10.666666666666666,-1.0,1.0,0,0,1,2,-1.8170166745377085,-0.7230768118759862
2016-08-24 12:00:00,14045,14095,14071,14044,14021,14007,14112,14098,36812,77902,1,1,26,-1,91,91,41,3,24,37,27,65,40,1.5769230769230769,1.5769230769230769,-3.0,3.0,0.9230769230769231,0.9230769230769231,-37.0,37.0,2.5,2.5,-40.0,40.0,-26.0,26.0,0,0,1,2,-0.8637358096661422,0.9421485304020117
2016-08-24 17:00:00,13982,14039,14004,13980,13973,13913,14077,14039,71289,109834,1,1,22,-2,104,126,73,0,9,67,24,82,67,3.3181818181818183,3.3181818181818183,-0.0,0.0,0.4090909090909091,0.4090909090909091,-33.5,33.5,3.727272727272727,3.727272727272727,-33.5,33.5,-11.0,11.0,0,0,1,2,-0.7506197241117463,1.5352737622098314
2016-08-29 16:00:00,14353,14415,14355,14351,14329,14350,14388,14444,53482,43163,1,1,2,-2,59,94,33,29,24,1,4,57,30,16.5,16.5,-14.5,14.5,12.0,12.0,-0.5,0.5,28.5,28.5,-15.0,15.0,-1.0,1.0,0,0,1,2,-1.3108515019813811,0.8587006470654278
2016-08-31 14:00:00,14391,14469,14401,14389,14366,14364,14403,14472,21185,37673,1,1,10,-2,37,108,2,3,25,25,12,27,28,0.2,0.2,-1.5,1.5,2.5,2.5,-12.5,12.5,2.7,2.7,-14.0,14.0,-5.0,5.0,0,0,1,2,-1.7870346119927143,-0.7666590433183383
2016-08-31 18:00:00,14398,14424,14400,14396,14323,14355,14414,14466,72749,68960,1,1,2,-2,91,111,14,42,75,41,4,89,83,7.0,7.0,-21.0,21.0,37.5,37.5,-20.5,20.5,44.5,44.5,-41.5,41.5,-1.0,1.0,0,0,1,1,-0.05971055166273878,3.2055984976650045
2016-09-01 20:00:00,14481,14490,14487,14480,14476,14458,14499,14501,3027,18146,1,1,6,-1,23,43,12,11,5,22,7,17,33,2.0,2.0,-11.0,11.0,0.8333333333333334,0.8333333333333334,-22.0,22.0,2.8333333333333335,2.8333333333333335,-33.0,33.0,-6.0,6.0,0,0,1,2,-1.5964374306793663,-0.714418712617922
2016-09-02 18:00:00,14703,14744,14736,14701,14701,14690,14744,14756,22848,92205,1,1,33,-2,43,66,8,12,2,11,35,10,23,0.24242424242424243,0.24242424242424243,-6.0,6.0,0.06060606060606061,0.06060606060606061,-5.5,5.5,0.30303030303030304,0.30303030303030304,-11.5,11.5,-16.5,16.5,0,0,1,2,-1.83735566938306,-0.6710552101236301
2016-09-07 13:00:00,15419,15458,15450,15417,15410,15407,15481,15474,41519,59228,1,1,31,-2,71,67,31,16,9,10,33,40,26,1.0,1.0,-8.0,8.0,0.2903225806451613,0.2903225806451613,-5.0,5.0,1.2903225806451613,1.2903225806451613,-13.0,13.0,-15.5,15.5,0,0,1,2,-1.3416855940634465,-0.5042154284779695
2016-09-08 18:00:00,15334,15369,15360,15330,15307,15300,15388,15379,75483,92960,1,1,26,-4,81,79,28,10,27,30,30,55,40,1.0769230769230769,1.0769230769230769,-2.5,2.5,1.0384615384615385,1.0384615384615385,-7.5,7.5,2.1153846153846154,2.1153846153846154,-10.0,10.0,-6.5,6.5,0,0,1,2,-1.3059504319311124,0.04696932090938958
2016-09-08 22:00:00,15335,15340,15336,15332,15321,15329,15355,15354,3623,3790,1,1,1,-3,34,25,19,14,14,3,4,33,17,19.0,19.0,-4.666666666666667,4.666666666666667,14.0,14.0,-1.0,1.0,33.0,33.0,-5.666666666666667,5.666666666666667,-0.3333333333333333,0.3333333333333333,0,0,1,2,-1.5018861246506388,-0.3553646875789251
2016-09-12 11:00:00,15370,15460,15372,15365,15348,15316,15452,15485,9738,11785,1,1,2,-5,104,169,80,25,22,49,7,102,74,40.0,40.0,-5.0,5.0,11.0,11.0,-9.8,9.8,51.0,51.0,-14.8,14.8,-0.4,0.4,0,0,1,1,0.11028342368851622,1.9471290577685765
2016-09-13 12:00:00,15385,15456,15398,15380,15372,15351,15410,15460,6206,9317,1,1,13,-5,38,109,12,4,13,29,18,25,33,0.9230769230769231,0.9230769230769231,-0.8,0.8,1.0,1.0,-5.8,5.8,1.9230769230769231,1.9230769230769231,-6.6,6.6,-2.6,2.6,0,0,1,2,-1.5748884983197498,-1.4293444004064242
2016-09-14 20:00:00,15404,15441,15414,15403,15399,15390,15425,15471,2647,12519,1,1,10,-1,26,81,11,30,5,13,11,16,43,1.1,1.1,-30.0,30.0,0.5,0.5,-13.0,13.0,1.6,1.6,-43.0,43.0,-10.0,10.0,0,0,1,2,-1.0352885678371084,-0.5532775995043553
2016-09-16 14:00:00,15232,15295,15241,15228,15207,15222,15260,15314,35439,54563,1,1,9,-4,53,92,19,19,25,6,13,44,25,2.111111111111111,2.111111111111111,-4.75,4.75,2.7777777777777777,2.7777777777777777,-1.5,1.5,4.888888888888889,4.888888888888889,-6.25,6.25,-2.25,2.25,0,0,1,2,-1.5863240289357725,-0.7373532565132144
2016-09-19 18:00:00,15202,15284,15225,15197,15172,15184,15243,15287,27718,47332,1,1,23,-5,71,103,18,3,30,13,28,48,16,0.782608695652174,0.782608695652174,-0.6,0.6,1.3043478260869565,1.3043478260869565,-2.6,2.6,2.0869565217391304,2.0869565217391304,-3.2,3.2,-4.6,4.6,0,0,1,2,-1.5672801598774313,-0.9587844716355478
2016-09-19 19:00:00,15226,15202,15176,15225,15169,15172,15235,15243,8235,27718,1,1,-50,-1,66,71,9,18,7,30,-49,16,48,-0.18,0.18,-18.0,18.0,-0.14,0.14,-30.0,30.0,-0.32,0.32,-48.0,48.0,50.0,50.0,0,0,1,2,-1.2558558774102004,-0.528365055426956
2016-09-19 20:00:00,15178,15226,15190,15176,15163,15169,15194,15235,5513,8235,1,1,12,-2,31,66,4,9,15,7,14,19,16,0.3333333333333333,0.3333333333333333,-4.5,4.5,1.25,1.25,-3.5,3.5,1.5833333333333333,1.5833333333333333,-8.0,8.0,-6.0,6.0,0,0,1,2,-1.85331782079283,-1.583379742773946
2016-09-21 18:00:00,15370,15453,15394,15367,15361,15321,15408,15477,20349,94290,1,1,24,-3,47,156,14,24,9,46,27,23,70,0.5833333333333334,0.5833333333333334,-8.0,8.0,0.375,0.375,-15.333333333333334,15.333333333333334,0.9583333333333334,0.9583333333333334,-23.333333333333332,23.333333333333332,-8.0,8.0,0,0,1,2,-0.9992768469781258,-0.025716227783225593
2016-09-27 13:00:00,15078,15123,15093,15075,15059,15035,15119,15140,30559,89666,1,1,15,-3,60,105,26,17,19,40,18,45,57,1.7333333333333334,1.7333333333333334,-5.666666666666667,5.666666666666667,1.2666666666666666,1.2666666666666666,-13.333333333333334,13.333333333333334,3.0,3.0,-19.0,19.0,-5.0,5.0,0,0,1,2,-1.1764681879033214,0.005075418471396791
2016-09-29 11:00:00,15251,15307,15280,15250,15246,15240,15310,15370,41659,115440,1,1,29,-1,64,130,30,63,5,10,30,35,73,1.0344827586206897,1.0344827586206897,-63.0,63.0,0.1724137931034483,0.1724137931034483,-10.0,10.0,1.206896551724138,1.206896551724138,-73.0,73.0,-29.0,29.0,0,0,1,2,0.0037833782291335424,1.79053344978204
2016-09-29 23:00:00,14926,14944,14930,14923,14913,14922,14943,14948,6384,6741,1,1,4,-3,30,26,13,4,13,1,7,26,5,3.25,3.25,-1.3333333333333333,1.3333333333333333,3.25,3.25,-0.3333333333333333,0.3333333333333333,6.5,6.5,-1.6666666666666667,1.6666666666666667,-1.3333333333333333,1.3333333333333333,0,0,1,2,-2.1035742591152924,-1.6412900977781093
2016-10-03 10:00:00,14842,14962,14944,14837,14842,14827,14964,14967,74491,16226,1,1,102,-5,122,140,20,5,0,10,107,20,15,0.19607843137254902,0.19607843137254902,-1.0,1.0,0.0,0.0,-2.0,2.0,0.19607843137254902,0.19607843137254902,-3.0,3.0,-20.4,20.4,0,0,1,2,-1.3073581238290686,-0.43967868377406
2016-10-03 16:00:00,15061,15084,15080,15057,15050,15047,15180,15113,65881,23774,1,1,19,-4,130,66,100,29,11,10,23,111,39,5.2631578947368425,5.2631578947368425,-7.25,7.25,0.5789473684210527,0.5789473684210527,-2.5,2.5,5.842105263157895,5.842105263157895,-9.75,9.75,-4.75,4.75,0,0,1,2,-0.8055261257129114,0.20156388963585758
2016-10-05 11:00:00,15006,15059,15025,15004,14975,14995,15066,15091,49007,64714,1,1,19,-2,91,96,41,32,31,9,21,72,41,2.1578947368421053,2.1578947368421053,-16.0,16.0,1.631578947368421,1.631578947368421,-4.5,4.5,3.789473684210526,3.789473684210526,-20.5,20.5,-9.5,9.5,0,0,1,2,-0.9845851207572889,0.24836795371415332
2016-10-07 13:00:00,15158,15283,15169,15157,15111,15144,15184,15299,47077,63304,1,1,11,-1,73,155,15,16,47,13,12,62,29,1.3636363636363635,1.3636363636363635,-16.0,16.0,4.2727272727272725,4.2727272727272725,-13.0,13.0,5.636363636363637,5.636363636363637,-29.0,29.0,-11.0,11.0,0,0,1,2,-0.9268899838353596,0.370182345972868
2016-10-11 17:00:00,15413,15487,15420,15410,15377,15405,15449,15498,34166,54054,1,1,7,-3,72,93,29,11,36,5,10,65,16,4.142857142857143,4.142857142857143,-3.6666666666666665,3.6666666666666665,5.142857142857143,5.142857142857143,-1.6666666666666667,1.6666666666666667,9.285714285714286,9.285714285714286,-5.333333333333333,5.333333333333333,-2.3333333333333335,2.3333333333333335,0,0,1,2,-1.396714284143525,-0.49574135229912003
2016-10-13 17:00:00,14861,14954,14884,14859,14845,14840,14923,14965,34537,68625,1,1,23,-2,78,125,39,11,16,19,25,55,30,1.6956521739130435,1.6956521739130435,-5.5,5.5,0.6956521739130435,0.6956521739130435,-9.5,9.5,2.391304347826087,2.391304347826087,-15.0,15.0,-11.5,11.5,0,0,1,2,-1.2558159357816236,-0.14248902423540064
2016-10-14 18:00:00,14925,15006,14936,14923,14906,14909,14939,15007,30813,44506,1,1,11,-2,33,98,3,1,19,14,13,22,15,0.2727272727272727,0.2727272727272727,-0.5,0.5,1.7272727272727273,1.7272727272727273,-7.0,7.0,2.0,2.0,-7.5,7.5,-5.5,5.5,0,0,1,2,-1.917291862589405,-1.0763252474133913
2016-10-17 17:00:00,14861,14928,14898,14858,14837,14835,14955,14964,52293,64678,1,1,37,-3,118,129,57,36,24,23,40,81,59,1.5405405405405406,1.5405405405405406,-12.0,12.0,0.6486486486486487,0.6486486486486487,-7.666666666666667,7.666666666666667,2.189189189189189,2.189189189189189,-19.666666666666668,19.666666666666668,-12.333333333333334,12.333333333333334,0,0,1,2,-0.6543221411905601,0.5854556141297587
2016-10-17 21:00:00,14906,14916,14912,14905,14893,14900,14917,14917,1934,4020,1,1,6,-1,24,17,5,1,13,5,7,18,6,0.8333333333333334,0.8333333333333334,-1.0,1.0,2.1666666666666665,2.1666666666666665,-5.0,5.0,3.0,3.0,-6.0,6.0,-6.0,6.0,0,0,1,2,-2.133704147824735,-1.748487871976725
2016-10-20 16:00:00,15055,15115,15101,15054,15030,15046,15110,15135,35165,41314,1,1,46,-1,80,89,9,20,25,8,47,34,28,0.1956521739130435,0.1956521739130435,-20.0,20.0,0.5434782608695652,0.5434782608695652,-8.0,8.0,0.7391304347826086,0.7391304347826086,-28.0,28.0,-46.0,46.0,0,0,1,2,-0.91023068350012,0.08843570493948365
2016-10-20 19:00:00,15069,15109,15085,15056,15055,15054,15098,15113,5255,20649,1,1,16,-13,43,59,13,4,14,2,29,27,6,0.8125,0.8125,-0.3076923076923077,0.3076923076923077,0.875,0.875,-0.15384615384615385,0.15384615384615385,1.6875,1.6875,-0.46153846153846156,0.46153846153846156,-1.2307692307692308,1.2307692307692308,0,0,1,2,-1.907648813568165,-1.7699891205124922
2016-10-25 16:00:00,15395,15430,15414,15394,15392,15374,15450,15446,47911,36613,1,1,19,-1,58,72,36,16,3,20,20,39,36,1.894736842105263,1.894736842105263,-16.0,16.0,0.15789473684210525,0.15789473684210525,-20.0,20.0,2.0526315789473686,2.0526315789473686,-36.0,36.0,-19.0,19.0,0,0,1,2,-0.9498702945113127,0.05283522842395362
2016-10-26 11:00:00,15292,15325,15314,15289,15272,15280,15336,15394,38673,75954,1,1,22,-3,64,114,22,69,20,9,25,42,78,1.0,1.0,-23.0,23.0,0.9090909090909091,0.9090909090909091,-3.0,3.0,1.9090909090909092,1.9090909090909092,-26.0,26.0,-7.333333333333333,7.333333333333333,0,0,1,2,-0.8101044284718988,0.262064696025384
2016-10-28 21:00:00,15046,15138,15050,15045,15015,15045,15064,15143,13228,15098,1,1,4,-1,49,98,14,5,31,0,5,45,5,3.5,3.5,-5.0,5.0,7.75,7.75,-0.0,0.0,11.25,11.25,-5.0,5.0,-4.0,4.0,0,0,1,2,-1.6935230095811167,-0.9666076519652969
2016-10-31 12:00:00,15007,15060,15012,15006,14968,14982,15015,15061,28244,51861,1,1,5,-1,47,79,3,1,39,24,6,42,25,0.6,0.6,-1.0,1.0,7.8,7.8,-24.0,24.0,8.4,8.4,-25.0,25.0,-5.0,5.0,0,0,1,2,-1.3794012275088168,-0.17131278977787562
2016-10-31 13:00:00,15012,15007,14990,15012,14986,14968,15027,15015,23232,28244,1,1,-22,0,41,47,15,3,4,39,-22,19,42,-0.6818181818181818,0.6818181818181818,100.0,100.0,-0.18181818181818182,0.18181818181818182,100.0,100.0,-0.8636363636363636,0.8636363636363636,100.0,100.0,0.0,0.0,0,1,1,3,-2.280291640078548,-1.9947203155805684
2016-10-31 14:00:00,14991,15012,14996,14990,14980,14986,15015,15027,12107,23232,1,1,5,-1,35,41,19,15,11,4,6,30,19,3.8,3.8,-15.0,15.0,2.2,2.2,-4.0,4.0,6.0,6.0,-19.0,19.0,-5.0,5.0,0,0,1,2,-1.6616193475391763,-0.9134084376978545
2016-11-03 20:00:00,14328,14384,14348,14327,14319,14296,14357,14424,5595,19426,1,1,20,-1,38,128,9,40,9,31,21,18,71,0.45,0.45,-40.0,40.0,0.45,0.45,-31.0,31.0,0.9,0.9,-71.0,71.0,-20.0,20.0,0,0,1,2,-0.45854042058477246,0.7709605142185642
2016-11-17 23:00:00,15134,15168,15144,15132,15129,15124,15150,15168,2198,9095,1,1,10,-2,21,44,6,0,5,8,12,11,8,0.6,0.6,-0.0,0.0,0.5,0.5,-4.0,4.0,1.1,1.1,-4.0,4.0,-5.0,5.0,0,0,1,2,-2.110745021123555,-1.8878713925385648
2016-11-30 23:00:00,15975,16022,15981,15974,15928,15961,15997,16022,6053,5299,1,1,6,-1,69,61,16,0,47,13,7,63,13,2.6666666666666665,2.6666666666666665,-0.0,0.0,7.833333333333333,7.833333333333333,-13.0,13.0,10.5,10.5,-13.0,13.0,-6.0,6.0,0,0,1,2,-1.1555265533796255,-0.8948154015142202
2016-12-01 19:00:00,15918,15955,15953,15909,15875,15900,15979,15958,9807,20308,1,1,35,-9,104,58,26,3,43,9,44,69,12,0.7428571428571429,0.7428571428571429,-0.3333333333333333,0.3333333333333333,1.2285714285714286,1.2285714285714286,-1.0,1.0,1.9714285714285715,1.9714285714285715,-1.3333333333333333,1.3333333333333333,-3.888888888888889,3.888888888888889,0,0,1,2,-1.1844352287734934,-1.3106799521538024
2016-12-06 10:00:00,16228,16263,16251,16220,16221,16211,16361,16270,73235,5866,1,1,23,-8,140,59,110,7,7,9,31,117,16,4.782608695652174,4.782608695652174,-0.875,0.875,0.30434782608695654,0.30434782608695654,-1.125,1.125,5.086956521739131,5.086956521739131,-2.0,2.0,-2.875,2.875,0,0,1,2,-0.7042857539238271,-0.4108045482303922
2016-12-09 17:00:00,16935,16960,16938,16932,16909,16890,16971,16967,26651,45552,1,1,3,-3,62,77,33,7,26,42,6,59,49,11.0,11.0,-2.3333333333333335,2.3333333333333335,8.666666666666666,8.666666666666666,-14.0,14.0,19.666666666666668,19.666666666666668,-16.333333333333332,16.333333333333332,-1.0,1.0,0,0,1,2,-0.6045253044953142,-0.004898375210170679
2016-12-09 22:00:00,17058,17070,17069,17056,17053,17054,17075,17079,2485,3270,1,1,11,-2,22,25,6,9,5,2,13,11,11,0.5454545454545454,0.5454545454545454,-4.5,4.5,0.45454545454545453,0.45454545454545453,-1.0,1.0,1.0,1.0,-5.5,5.5,-5.5,5.5,0,0,1,2,-1.600818493105366,-2.220307231699645
2016-12-12 12:00:00,17838,17849,17846,17836,17800,17753,17869,17900,6780,16989,1,1,8,-2,69,147,23,51,38,83,10,61,134,2.875,2.875,-25.5,25.5,4.75,4.75,-41.5,41.5,7.625,7.625,-67.0,67.0,-4.0,4.0,0,0,1,0,1.0832416138144119,0.9977837467183447
2016-12-13 12:00:00,17720,17840,17737,17710,17674,17642,17800,17906,9335,13833,1,1,17,-10,126,264,63,66,46,68,27,109,134,3.7058823529411766,3.7058823529411766,-6.6,6.6,2.7058823529411766,2.7058823529411766,-6.8,6.8,6.411764705882353,6.411764705882353,-13.4,13.4,-1.7,1.7,0,0,1,0,0.9346484345011443,0.24314224113709343
2016-12-16 19:00:00,17800,18006,17824,17798,17713,17752,17839,18018,14463,41114,1,1,24,-2,126,266,15,12,87,46,26,102,58,0.625,0.625,-6.0,6.0,3.625,3.625,-23.0,23.0,4.25,4.25,-29.0,29.0,-12.0,12.0,0,0,1,0,0.5748183876305513,0.2513029475726271
2016-12-21 15:00:00,18111,18120,18117,18106,18070,17992,18205,18133,31722,55660,1,1,6,-5,135,141,88,13,41,114,11,129,127,14.666666666666666,14.666666666666666,-2.6,2.6,6.833333333333333,6.833333333333333,-22.8,22.8,21.5,21.5,-25.4,25.4,-1.2,1.2,0,0,1,0,1.1288758041310127,1.4539237010245916
2016-12-22 17:00:00,17527,17594,17552,17526,17515,17500,17605,17644,31809,44111,1,1,25,-1,90,144,53,50,12,26,26,65,76,2.12,2.12,-50.0,50.0,0.48,0.48,-26.0,26.0,2.6,2.6,-76.0,76.0,-25.0,25.0,0,0,1,0,0.9600357059941184,1.2911925894449212
2016-12-23 12:00:00,17430,17483,17450,17429,17422,17420,17541,17514,55997,29710,1,1,20,-1,119,94,91,31,8,9,21,99,40,4.55,4.55,-31.0,31.0,0.4,0.4,-9.0,9.0,4.95,4.95,-40.0,40.0,-20.0,20.0,0,0,1,0,0.2938412243971292,0.5398293465531506
2016-12-26 12:00:00,17666,17692,17673,17664,17640,17631,17683,17700,17981,24474,1,1,7,-2,43,69,10,8,26,33,9,36,41,1.4285714285714286,1.4285714285714286,-4.0,4.0,3.7142857142857144,3.7142857142857144,-16.5,16.5,5.142857142857143,5.142857142857143,-20.5,20.5,-3.5,3.5,0,0,1,2,-0.745029120992935,-1.0851662495036825
2016-12-26 18:00:00,17537,17654,17553,17536,17510,17533,17588,17660,23049,41597,1,1,16,-1,78,127,35,6,27,3,17,62,9,2.1875,2.1875,-6.0,6.0,1.6875,1.6875,-3.0,3.0,3.875,3.875,-9.0,9.0,-16.0,16.0,0,0,1,2,-0.7356210440508456,-1.0139114884660456
2016-12-26 19:00:00,17551,17537,17474,17553,17423,17510,17563,17588,8786,23049,1,1,-77,2,140,78,12,35,51,27,-79,63,62,-0.15584415584415584,0.15584415584415584,17.5,17.5,-0.6623376623376623,0.6623376623376623,13.5,13.5,-0.8181818181818182,0.8181818181818182,31.0,31.0,-38.5,38.5,0,0,1,2,-0.7694413546925717,-1.3074070715409376
2016-12-26 20:00:00,17480,17551,17540,17474,17466,17423,17585,17563,7435,8786,1,1,60,-6,119,140,45,12,14,51,66,59,63,0.75,0.75,-2.0,2.0,0.23333333333333334,0.23333333333333334,-8.5,8.5,0.9833333333333333,0.9833333333333333,-10.5,10.5,-10.0,10.0,0,0,1,0,-0.08660574329752391,-0.8656344958739389
2016-12-29 18:00:00,17518,17532,17525,17512,17484,17447,17596,17536,30189,24755,1,1,7,-6,112,89,71,4,34,65,13,105,69,10.142857142857142,10.142857142857142,-0.6666666666666666,0.6666666666666666,4.857142857142857,4.857142857142857,-10.833333333333334,10.833333333333334,15.0,15.0,-11.5,11.5,-1.1666666666666667,1.1666666666666667,0,0,1,0,0.040492027483760254,0.03824526137308415
2017-01-03 21:00:00,18091,18170,18135,18089,18083,18072,18160,18209,4089,10716,1,1,44,-2,77,137,25,39,8,17,46,33,56,0.5681818181818182,0.5681818181818182,-19.5,19.5,0.18181818181818182,0.18181818181818182,-8.5,8.5,0.75,0.75,-28.0,28.0,-22.0,22.0,0,0,1,0,0.020800318935163542,-0.8087563886963682
2017-01-03 22:00:00,18135,18091,18109,18135,18109,18083,18170,18160,4691,4089,1,1,-26,0,61,77,35,25,0,8,-26,35,33,-1.3461538461538463,1.3461538461538463,100.0,100.0,-0.0,0.0,100.0,100.0,-1.3461538461538463,1.3461538461538463,100.0,100.0,0.0,0.0,0,1,1,3,-1.3094188211632452,-2.693373246158435
2017-01-03 23:00:00,18110,18135,18114,18109,18085,18109,18137,18170,5525,4691,1,1,4,-1,52,61,23,35,25,0,5,48,35,5.75,5.75,-35.0,35.0,6.25,6.25,-0.0,0.0,12.0,12.0,-35.0,35.0,-4.0,4.0,0,0,1,0,-0.23968233643655726,-0.6818367983397539
2017-01-04 19:00:00,17881,17971,17965,17880,17881,17845,17986,18014,6864,23994,1,1,84,-1,105,169,21,43,0,35,85,21,78,0.25,0.25,-43.0,43.0,0.0,0.0,-35.0,35.0,0.25,0.25,-78.0,78.0,-84.0,84.0,0,0,1,0,1.5002409699534223,1.3929603386001639
2017-01-12 12:00:00,17250,17294,17254,17243,17190,17222,17325,17351,35535,63911,1,1,4,-7,135,129,71,57,60,21,11,131,78,17.75,17.75,-8.142857142857142,8.142857142857142,15.0,15.0,-3.0,3.0,32.75,32.75,-11.142857142857142,11.142857142857142,-0.5714285714285714,0.5714285714285714,0,0,1,0,0.5171046506158545,1.4516545503973246
2017-01-13 15:00:00,16785,16790,16788,16783,16740,16725,16817,16800,31201,41685,1,1,3,-2,77,75,29,10,45,58,5,74,68,9.666666666666666,9.666666666666666,-5.0,5.0,15.0,15.0,-29.0,29.0,24.666666666666668,24.666666666666668,-34.0,34.0,-1.5,1.5,0,0,1,2,-0.05379143044889036,0.9586716223365026
2017-01-13 19:00:00,16787,16847,16809,16782,16752,16751,16810,16865,5154,28788,1,1,22,-5,58,114,1,18,35,31,27,36,49,0.045454545454545456,0.045454545454545456,-3.6,3.6,1.5909090909090908,1.5909090909090908,-6.2,6.2,1.6363636363636365,1.6363636363636365,-9.8,9.8,-4.4,4.4,0,0,1,2,-0.9169152884780011,-1.2325283947234789
2017-01-13 23:00:00,16835,16856,16850,16834,16833,16815,16850,16858,3854,5137,1,1,15,-1,17,43,0,2,2,19,16,2,21,0.0,0.0,-2.0,2.0,0.13333333333333333,0.13333333333333333,-19.0,19.0,0.13333333333333333,0.13333333333333333,-21.0,21.0,-15.0,15.0,0,0,1,2,-1.3312304665553911,-1.6872056178786665
2017-01-16 18:00:00,16754,16857,16775,16753,16727,16750,16807,16873,26632,37769,1,1,21,-1,80,123,32,16,27,3,22,59,19,1.5238095238095237,1.5238095238095237,-16.0,16.0,1.2857142857142858,1.2857142857142858,-3.0,3.0,2.8095238095238093,2.8095238095238093,-19.0,19.0,-21.0,21.0,0,0,1,2,-0.68470176571624,-0.5705661711250505
2017-01-16 22:00:00,16795,16814,16812,16792,16788,16781,16821,16818,2236,1529,1,1,17,-3,33,37,9,4,7,11,20,16,15,0.5294117647058824,0.5294117647058824,-1.3333333333333333,1.3333333333333333,0.4117647058823529,0.4117647058823529,-3.6666666666666665,3.6666666666666665,0.9411764705882353,0.9411764705882353,-5.0,5.0,-5.666666666666667,5.666666666666667,0,0,1,2,-1.5382385104803977,-2.0837676532644713
2017-01-17 11:00:00,16659,16792,16693,16658,16608,16622,16750,16895,73402,102118,1,1,34,-1,142,273,57,103,51,36,35,108,139,1.6764705882352942,1.6764705882352942,-103.0,103.0,1.5,1.5,-36.0,36.0,3.176470588235294,3.176470588235294,-139.0,139.0,-34.0,34.0,0,0,1,4,2.8149474013860414,4.753045127609501
2017-01-17 20:00:00,16831,16872,16838,16830,16815,16810,16850,16884,2509,9082,1,1,7,-1,35,74,12,12,16,20,8,28,32,1.7142857142857142,1.7142857142857142,-12.0,12.0,2.2857142857142856,2.2857142857142856,-20.0,20.0,4.0,4.0,-32.0,32.0,-7.0,7.0,0,0,1,2,-0.8515276618769331,-1.0069413236261855
2017-01-18 14:00:00,16775,16969,16790,16767,16740,16700,16843,16973,33063,102723,1,1,15,-8,103,273,53,4,35,67,23,88,71,3.533333333333333,3.533333333333333,-0.5,0.5,2.3333333333333335,2.3333333333333335,-8.375,8.375,5.866666666666666,5.866666666666666,-8.875,8.875,-1.875,1.875,0,0,1,2,-0.11797597764315738,0.348520026668411
2017-01-20 20:00:00,16916,17045,16946,16915,16902,16900,16954,17045,10561,17052,1,1,30,-1,52,145,8,0,14,15,31,22,15,0.26666666666666666,0.26666666666666666,-0.0,0.0,0.4666666666666667,0.4666666666666667,-15.0,15.0,0.7333333333333333,0.7333333333333333,-15.0,15.0,-30.0,30.0,0,0,1,2,-0.9181429830467038,-1.2074661023660667
2017-01-23 12:00:00,16767,16813,16776,16765,16731,16708,16828,16831,26897,56022,1,1,9,-2,97,123,52,18,36,57,11,88,75,5.777777777777778,5.777777777777778,-9.0,9.0,4.0,4.0,-28.5,28.5,9.777777777777779,9.777777777777779,-37.5,37.5,-4.5,4.5,0,0,1,2,0.13794966319098823,0.7318547958980041
2017-01-25 20:00:00,17252,17274,17253,17251,17243,17250,17280,17294,2974,6231,1,1,1,-1,37,44,27,20,9,1,2,36,21,27.0,27.0,-20.0,20.0,9.0,9.0,-1.0,1.0,36.0,36.0,-21.0,21.0,-1.0,1.0,0,0,1,2,-0.675625237962612,-0.09423387971082407
2017-01-25 21:00:00,17253,17252,17219,17253,17209,17243,17255,17280,8858,2974,1,1,-34,0,46,37,2,27,10,9,-34,12,36,-0.058823529411764705,0.058823529411764705,100.0,100.0,-0.29411764705882354,0.29411764705882354,100.0,100.0,-0.35294117647058826,0.35294117647058826,100.0,100.0,0.0,0.0,0,1,1,3,-1.817842090397573,-2.779243972898901
2017-01-25 22:00:00,17221,17253,17227,17219,17215,17209,17238,17255,3163,8858,1,1,6,-2,23,46,11,2,6,10,8,17,12,1.8333333333333333,1.8333333333333333,-1.0,1.0,1.0,1.0,-5.0,5.0,2.8333333333333335,2.8333333333333335,-6.0,6.0,-3.0,3.0,0,0,1,2,-1.490319853312519,-2.0752272640784617
2017-01-30 13:00:00,17789,17879,17826,17785,17760,17784,17835,17899,50644,53333,1,1,37,-4,75,115,9,20,29,1,41,38,21,0.24324324324324326,0.24324324324324326,-5.0,5.0,0.7837837837837838,0.7837837837837838,-0.25,0.25,1.027027027027027,1.027027027027027,-5.25,5.25,-9.25,9.25,0,0,1,2,-0.8550245920079038,-1.1126870448256292
2017-02-01 12:00:00,17468,17514,17485,17467,17455,17387,17498,17541,24530,56188,1,1,17,-1,43,154,13,27,13,80,18,26,107,0.7647058823529411,0.7647058823529411,-27.0,27.0,0.7647058823529411,0.7647058823529411,-80.0,80.0,1.5294117647058822,1.5294117647058822,-107.0,107.0,-17.0,17.0,0,0,1,0,1.1738769254369468,1.8109238504320626
2017-02-01 18:00:00,17577,17615,17581,17574,17511,17571,17586,17648,43994,46777,1,1,4,-3,75,77,5,33,66,3,7,71,36,1.25,1.25,-11.0,11.0,16.5,16.5,-1.0,1.0,17.75,17.75,-12.0,12.0,-1.3333333333333333,1.3333333333333333,0,0,1,2,-0.5227868853011107,-0.15435100825710743
2017-02-02 18:00:00,17443,17450,17447,17440,17400,17428,17472,17487,37516,21480,1,1,4,-3,72,59,25,37,43,12,7,68,49,6.25,6.25,-12.333333333333334,12.333333333333334,10.75,10.75,-4.0,4.0,17.0,17.0,-16.333333333333332,16.333333333333332,-1.3333333333333333,1.3333333333333333,0,0,1,2,-0.431510079612646,-0.21407766612582546
2017-02-07 11:00:00,17449,17514,17487,17447,17444,17435,17520,17541,24564,43043,1,1,38,-2,76,106,33,27,5,12,40,38,39,0.868421052631579,0.868421052631579,-13.5,13.5,0.13157894736842105,0.13157894736842105,-6.0,6.0,1.0,1.0,-19.5,19.5,-19.0,19.0,0,0,1,2,-0.4956624267729513,-0.7302204727341529
2017-02-07 16:00:00,17502,17561,17533,17499,17498,17495,17594,17580,41465,21756,1,1,31,-3,96,85,61,19,4,4,34,65,23,1.967741935483871,1.967741935483871,-6.333333333333333,6.333333333333333,0.12903225806451613,0.12903225806451613,-1.3333333333333333,1.3333333333333333,2.096774193548387,2.096774193548387,-7.666666666666667,7.666666666666667,-10.333333333333334,10.333333333333334,0,0,1,2,-0.6443140911844786,-1.001854951466918
2017-02-14 12:00:00,16417,16613,16446,16414,16384,16397,16510,16617,39904,96033,1,1,29,-3,126,220,64,4,33,17,32,97,21,2.206896551724138,2.206896551724138,-1.3333333333333333,1.3333333333333333,1.1379310344827587,1.1379310344827587,-5.666666666666667,5.666666666666667,3.3448275862068964,3.3448275862068964,-7.0,7.0,-9.666666666666666,9.666666666666666,0,0,1,2,-0.4998419803165221,0.08097848840045034
2017-02-16 18:00:00,16710,16775,16748,16706,16698,16695,16770,16782,25705,32756,1,1,38,-4,72,87,22,7,12,11,42,34,18,0.5789473684210527,0.5789473684210527,-1.75,1.75,0.3157894736842105,0.3157894736842105,-2.75,2.75,0.8947368421052632,0.8947368421052632,-4.5,4.5,-9.5,9.5,0,0,1,2,-1.1838275985438549,-1.3354786659558224
2017-02-17 11:00:00,16693,16730,16695,16691,16691,16649,16845,16783,76521,57996,1,1,2,-2,154,134,150,53,2,42,4,152,95,75.0,75.0,-26.5,26.5,1.0,1.0,-21.0,21.0,76.0,76.0,-47.5,47.5,-1.0,1.0,0,0,1,1,1.6714658896842436,4.903967567887336
2017-02-20 12:00:00,16527,16700,16574,16522,16517,16512,16603,16743,26485,91689,1,1,47,-5,86,231,29,43,10,10,52,39,53,0.6170212765957447,0.6170212765957447,-8.6,8.6,0.2127659574468085,0.2127659574468085,-2.0,2.0,0.8297872340425532,0.8297872340425532,-10.6,10.6,-9.4,9.4,0,0,1,2,-0.5731057019638717,-0.2586989872763901
2017-02-27 14:00:00,16356,16400,16387,16351,16351,16334,16404,16404,12813,20721,1,1,31,-5,53,70,17,4,5,17,36,22,21,0.5483870967741935,0.5483870967741935,-0.8,0.8,0.16129032258064516,0.16129032258064516,-3.4,3.4,0.7096774193548387,0.7096774193548387,-4.2,4.2,-6.2,6.2,0,0,1,2,-1.4287713412043936,-1.633591724530877
2017-02-28 18:00:00,15688,15812,15719,15682,15675,15651,15781,15814,43580,70801,1,1,31,-6,106,163,62,2,13,31,37,75,33,2.0,2.0,-0.3333333333333333,0.3333333333333333,0.41935483870967744,0.41935483870967744,-5.166666666666667,5.166666666666667,2.4193548387096775,2.4193548387096775,-5.5,5.5,-5.166666666666667,5.166666666666667,0,0,1,2,-0.9018379174046535,-0.21689132270143607
2017-03-02 14:00:00,16144,16277,16231,16136,16132,16095,16243,16288,46079,66851,1,1,87,-8,111,193,12,11,12,41,95,24,52,0.13793103448275862,0.13793103448275862,-1.375,1.375,0.13793103448275862,0.13793103448275862,-5.125,5.125,0.27586206896551724,0.27586206896551724,-6.5,6.5,-10.875,10.875,0,0,1,2,-0.6978973339291807,-0.30611316710752806
2017-03-02 18:00:00,16404,16475,16424,16403,16401,16360,16497,16483,46576,86233,1,1,20,-1,96,123,73,8,3,43,21,76,51,3.65,3.65,-8.0,8.0,0.15,0.15,-43.0,43.0,3.8,3.8,-51.0,51.0,-20.0,20.0,0,0,1,2,0.07252367651443943,1.1248929911518215
2017-03-06 20:00:00,16255,16278,16276,16251,16251,16239,16283,16288,3009,12803,1,1,21,-4,32,49,7,10,4,12,25,11,22,0.3333333333333333,0.3333333333333333,-2.5,2.5,0.19047619047619047,0.19047619047619047,-3.0,3.0,0.5238095238095238,0.5238095238095238,-5.5,5.5,-5.25,5.25,0,0,1,2,-1.6227987393175543,-1.887827804846359
2017-03-09 16:00:00,15633,15767,15648,15630,15564,15625,15678,15796,69365,54179,1,1,15,-3,114,171,30,29,69,5,18,99,34,2.0,2.0,-9.666666666666666,9.666666666666666,4.6,4.6,-1.6666666666666667,1.6666666666666667,6.6,6.6,-11.333333333333334,11.333333333333334,-5.0,5.0,0,0,1,2,-0.7037483164956333,0.34615914415612686
2017-03-09 19:00:00,15697,15737,15708,15686,15676,15635,15724,15806,8831,37802,1,1,11,-11,48,171,16,69,21,51,22,37,120,1.4545454545454546,1.4545454545454546,-6.2727272727272725,6.2727272727272725,1.9090909090909092,1.9090909090909092,-4.636363636363637,4.636363636363637,3.3636363636363638,3.3636363636363638,-10.909090909090908,10.909090909090908,-1.0,1.0,0,0,1,2,-0.5896927868269534,-0.3658342760926659
2017-03-14 16:00:00,15880,16011,15967,15879,15869,15866,15990,16038,20976,19120,1,1,87,-1,121,172,23,27,11,13,88,34,40,0.26436781609195403,0.26436781609195403,-27.0,27.0,0.12643678160919541,0.12643678160919541,-13.0,13.0,0.39080459770114945,0.39080459770114945,-40.0,40.0,-87.0,87.0,0,0,1,2,0.2745338236718305,0.7903568375071397
2017-03-15 19:00:00,15673,15741,15680,15646,15634,15644,15694,15746,5580,16919,1,1,7,-27,60,102,14,5,39,2,34,53,7,2.0,2.0,-0.18518518518518517,0.18518518518518517,5.571428571428571,5.571428571428571,-0.07407407407407407,0.07407407407407407,7.571428571428571,7.571428571428571,-0.25925925925925924,0.25925925925925924,-0.25925925925925924,0.25925925925925924,0,0,1,2,-1.303417705494506,-1.4853757299879422
2017-03-17 19:00:00,16088,16201,16123,16068,16060,16025,16145,16209,15771,86431,1,1,35,-20,85,184,22,8,28,43,55,50,51,0.6285714285714286,0.6285714285714286,-0.4,0.4,0.8,0.8,-2.15,2.15,1.4285714285714286,1.4285714285714286,-2.55,2.55,-1.75,1.75,0,0,1,2,-0.790780998346952,-0.6800621303348517
2017-03-21 19:00:00,16256,16315,16262,16250,16231,16224,16280,16319,11947,62030,1,1,6,-6,49,95,18,4,25,26,12,43,30,3.0,3.0,-0.6666666666666666,0.6666666666666666,4.166666666666667,4.166666666666667,-4.333333333333333,4.333333333333333,7.166666666666667,7.166666666666667,-5.0,5.0,-1.0,1.0,0,0,1,2,-1.2905663596011407,-0.9823052735179532
2017-03-27 21:00:00,16278,16307,16293,16277,16267,16269,16309,16310,3210,3699,1,1,15,-1,42,41,16,3,11,8,16,27,11,1.0666666666666667,1.0666666666666667,-3.0,3.0,0.7333333333333333,0.7333333333333333,-8.0,8.0,1.8,1.8,-11.0,11.0,-15.0,15.0,0,0,1,2,-1.4517770151730403,-1.6327339920872055
2017-03-29 15:00:00,16285,16311,16295,16282,16258,16241,16315,16314,15324,16049,1,1,10,-3,57,73,20,3,27,41,13,47,44,2.0,2.0,-1.0,1.0,2.7,2.7,-13.666666666666666,13.666666666666666,4.7,4.7,-14.666666666666666,14.666666666666666,-3.3333333333333335,3.3333333333333335,0,0,1,2,-1.0306227710104763,-0.944002313538527
2017-03-29 16:00:00,16296,16285,16257,16295,16200,16258,16304,16315,27957,15324,1,1,-39,-1,104,57,8,20,57,27,-38,65,47,-0.20512820512820512,0.20512820512820512,-20.0,20.0,-1.4615384615384615,1.4615384615384615,-27.0,27.0,-1.6666666666666667,1.6666666666666667,-47.0,47.0,39.0,39.0,0,0,1,2,-0.6091458727887507,-0.27868931022646787
2017-03-29 17:00:00,16258,16296,16277,16257,16200,16200,16294,16304,28954,27957,1,1,19,-1,94,104,17,8,58,57,20,75,65,0.8947368421052632,0.8947368421052632,-8.0,8.0,3.0526315789473686,3.0526315789473686,-57.0,57.0,3.9473684210526314,3.9473684210526314,-65.0,65.0,-19.0,19.0,0,0,1,2,0.31735964515822956,1.044735184049728
2017-03-30 14:00:00,16226,16232,16231,16220,16218,16200,16286,16249,16662,17671,1,1,5,-6,68,49,55,17,8,20,11,63,37,11.0,11.0,-2.8333333333333335,2.8333333333333335,1.6,1.6,-3.3333333333333335,3.3333333333333335,12.6,12.6,-6.166666666666667,6.166666666666667,-0.8333333333333334,0.8333333333333334,0,0,1,2,-1.0256435861549722,-0.7788770066618232
2017-03-30 21:00:00,16303,16309,16307,16300,16300,16299,16320,16327,1927,2377,1,1,4,-3,20,28,13,18,3,1,7,16,19,3.25,3.25,-6.0,6.0,0.75,0.75,-0.3333333333333333,0.3333333333333333,4.0,4.0,-6.333333333333333,6.333333333333333,-1.3333333333333333,1.3333333333333333,0,0,1,2,-1.6910605659012523,-1.9202153092443326
2017-04-03 17:00:00,16062,16156,16074,16060,16015,15990,16117,16194,25322,91443,1,1,12,-2,102,204,43,38,47,70,14,90,108,3.5833333333333335,3.5833333333333335,-19.0,19.0,3.9166666666666665,3.9166666666666665,-35.0,35.0,7.5,7.5,-54.0,54.0,-6.0,6.0,0,0,1,2,0.5765831371660222,1.7442124426315702
2017-04-05 20:00:00,16704,16732,16722,16701,16697,16701,16727,16761,4890,8866,1,1,18,-3,30,60,5,29,7,0,21,12,29,0.2777777777777778,0.2777777777777778,-9.666666666666666,9.666666666666666,0.3888888888888889,0.3888888888888889,-0.0,0.0,0.6666666666666666,0.6666666666666666,-9.666666666666666,9.666666666666666,-6.0,6.0,0,0,1,2,-1.3821785364920591,-1.7981171345978593
2017-04-05 23:00:00,16679,16702,16684,16678,16631,16671,16685,16709,8794,6417,1,1,5,-1,54,38,1,7,48,7,6,49,14,0.2,0.2,-7.0,7.0,9.6,9.6,-7.0,7.0,9.8,9.8,-14.0,14.0,-5.0,5.0,0,0,1,2,-1.1463191115791742,-1.1601093600121921
2017-04-06 17:00:00,16698,16720,16710,16697,16663,16664,16719,16745,13231,28284,1,1,12,-1,56,81,9,25,35,33,13,44,58,0.75,0.75,-25.0,25.0,2.9166666666666665,2.9166666666666665,-33.0,33.0,3.6666666666666665,3.6666666666666665,-58.0,58.0,-12.0,12.0,0,0,1,2,-0.1080611289143496,0.21908503930666495
2017-04-06 22:00:00,16702,16741,16707,16701,16696,16701,16716,16746,2726,3202,1,1,5,-1,20,45,9,5,6,0,6,15,5,1.8,1.8,-5.0,5.0,1.2,1.2,-0.0,0.0,3.0,3.0,-5.0,5.0,-5.0,5.0,0,0,1,2,-1.696322088464629,-2.0901501713141037
2017-04-10 16:00:00,15512,15540,15515,15511,15420,15500,15593,15569,90666,31922,1,1,3,-1,173,69,78,29,92,11,4,170,40,26.0,26.0,-29.0,29.0,30.666666666666668,30.666666666666668,-11.0,11.0,56.666666666666664,56.666666666666664,-40.0,40.0,-3.0,3.0,0,0,1,1,0.7228008791058548,3.758662842553749
2017-04-18 13:00:00,15117,15222,15210,15116,15100,15102,15249,15271,52741,66065,1,1,93,-1,149,169,39,49,17,14,94,56,63,0.41935483870967744,0.41935483870967744,-49.0,49.0,0.1827956989247312,0.1827956989247312,-14.0,14.0,0.6021505376344086,0.6021505376344086,-63.0,63.0,-93.0,93.0,0,0,1,2,0.8219128567875641,2.430348920418107
2017-04-21 15:00:00,15702,15723,15715,15697,15686,15650,15745,15765,26550,48563,1,1,13,-5,59,115,30,42,16,47,18,46,89,2.3076923076923075,2.3076923076923075,-8.4,8.4,1.2307692307692308,1.2307692307692308,-9.4,9.4,3.5384615384615383,3.5384615384615383,-17.8,17.8,-2.6,2.6,0,0,1,2,-0.7611601533321198,-0.16523465460519726
2017-04-26 23:00:00,16161,16203,16171,16157,16137,16157,16178,16212,6389,6602,1,1,10,-4,41,55,7,9,24,0,14,31,9,0.7,0.7,-2.25,2.25,2.4,2.4,-0.0,0.0,3.1,3.1,-2.25,2.25,-2.5,2.5,0,0,1,2,-1.6552658145695418,-1.847620185263503
2017-05-02 16:00:00,16427,16475,16445,16425,16403,16377,16455,16484,29282,37384,1,1,18,-2,52,107,10,9,24,48,20,34,57,0.5555555555555556,0.5555555555555556,-4.5,4.5,1.3333333333333333,1.3333333333333333,-24.0,24.0,1.8888888888888888,1.8888888888888888,-28.5,28.5,-9.0,9.0,0,0,1,2,-0.7339438465016405,-0.4005884545447998
2017-05-17 11:00:00,16580,16650,16636,16577,16563,16551,16667,16650,39985,79737,1,1,56,-3,104,99,31,0,17,26,59,48,26,0.5535714285714286,0.5535714285714286,-0.0,0.0,0.30357142857142855,0.30357142857142855,-8.666666666666666,8.666666666666666,0.8571428571428571,0.8571428571428571,-8.666666666666666,8.666666666666666,-18.666666666666668,18.666666666666668,0,0,1,2,-0.843523644055785,-0.4532218717586312
2017-05-17 17:00:00,16490,16600,16524,16489,16419,16485,16552,16621,73384,74296,1,1,34,-1,133,136,28,21,71,4,35,99,25,0.8235294117647058,0.8235294117647058,-21.0,21.0,2.088235294117647,2.088235294117647,-4.0,4.0,2.911764705882353,2.911764705882353,-25.0,25.0,-34.0,34.0,0,0,1,2,-0.1659258231572534,0.7610132530758912
2017-05-19 11:00:00,16258,16327,16274,16256,16166,16250,16285,16380,73230,88241,1,1,16,-2,119,130,11,53,92,6,18,103,59,0.6875,0.6875,-26.5,26.5,5.75,5.75,-3.0,3.0,6.4375,6.4375,-29.5,29.5,-8.0,8.0,0,0,1,2,-0.14272455047155996,1.0727416841432222
2017-05-19 12:00:00,16274,16258,16234,16274,16175,16166,16303,16285,32908,73230,1,1,-40,0,128,119,29,11,59,92,-40,88,103,-0.725,0.725,100.0,100.0,-1.475,1.475,100.0,100.0,-2.2,2.2,100.0,100.0,0.0,0.0,0,1,1,3,-0.9380709847364131,-0.7872386244810072
2017-05-19 13:00:00,16236,16274,16255,16234,16209,16175,16277,16303,18706,32908,1,1,19,-2,68,128,22,29,27,59,21,49,88,1.1578947368421053,1.1578947368421053,-14.5,14.5,1.4210526315789473,1.4210526315789473,-29.5,29.5,2.5789473684210527,2.5789473684210527,-44.0,44.0,-9.5,9.5,0,0,1,2,-0.11369716918146128,0.3254759282692477
2017-05-22 11:00:00,16351,16495,16476,16350,16337,16340,16537,16608,64968,90344,1,1,125,-1,200,268,61,113,14,10,126,75,123,0.488,0.488,-113.0,113.0,0.112,0.112,-10.0,10.0,0.6,0.6,-123.0,123.0,-125.0,125.0,0,0,1,4,3.245309933157338,5.086596387117001
2017-05-22 14:00:00,16463,16514,16483,16461,16435,16435,16498,16539,23393,26613,1,1,20,-2,63,104,15,25,28,26,22,43,51,0.75,0.75,-12.5,12.5,1.4,1.4,-13.0,13.0,2.15,2.15,-25.5,25.5,-10.0,10.0,0,0,1,2,-0.6895817632569932,-0.5286188544650411
2017-05-24 16:00:00,15931,16008,15988,15930,15834,15896,15994,16040,74676,59415,1,1,57,-1,160,144,6,32,97,34,58,103,66,0.10526315789473684,0.10526315789473684,-32.0,32.0,1.7017543859649122,1.7017543859649122,-34.0,34.0,1.8070175438596492,1.8070175438596492,-66.0,66.0,-57.0,57.0,0,0,1,2,0.9475338675944435,2.378107294144854
2017-05-29 20:00:00,15901,15938,15916,15900,15891,15900,15916,15955,3314,8197,1,1,15,-1,25,55,0,17,10,0,16,10,17,0.0,0.0,-17.0,17.0,0.6666666666666666,0.6666666666666666,-0.0,0.0,0.6666666666666666,0.6666666666666666,-17.0,17.0,-15.0,15.0,0,0,1,2,-1.5554706364918354,-1.5357752889261937
2017-05-30 15:00:00,15777,15818,15789,15775,15741,15728,15800,15821,21465,25336,1,1,12,-2,59,93,11,3,36,47,14,47,50,0.9166666666666666,0.9166666666666666,-1.5,1.5,3.0,3.0,-23.5,23.5,3.9166666666666665,3.9166666666666665,-25.0,25.0,-6.0,6.0,0,0,1,2,-0.9271412245126565,-0.43091262388028534
2017-05-31 22:00:00,15106,15135,15113,15103,15106,15089,15146,15150,3296,4394,1,1,7,-3,40,61,33,15,0,14,10,33,29,4.714285714285714,4.714285714285714,-5.0,5.0,0.0,0.0,-4.666666666666667,4.666666666666667,4.714285714285714,4.714285714285714,-9.666666666666666,9.666666666666666,-2.3333333333333335,2.3333333333333335,0,0,1,2,-1.6280486722869458,-1.2818669807872312
2017-06-01 12:00:00,14979,15000,14997,14976,14973,14907,15121,15050,42668,62552,1,1,18,-3,148,143,124,50,6,69,21,130,119,6.888888888888889,6.888888888888889,-16.666666666666668,16.666666666666668,0.3333333333333333,0.3333333333333333,-23.0,23.0,7.222222222222222,7.222222222222222,-39.666666666666664,39.666666666666664,-6.0,6.0,0,0,1,2,0.5002562135088751,1.9241186228109464
2017-06-02 22:00:00,15217,15235,15226,15216,15210,15202,15238,15237,2616,3260,1,1,9,-1,28,35,12,2,7,14,10,19,16,1.3333333333333333,1.3333333333333333,-2.0,2.0,0.7777777777777778,0.7777777777777778,-14.0,14.0,2.111111111111111,2.111111111111111,-16.0,16.0,-9.0,9.0,0,0,1,2,-1.7577282084573,-1.4471071389834964
2017-06-07 18:00:00,14755,14910,14772,14752,14721,14683,14785,14916,32641,99442,1,1,17,-3,64,233,13,6,34,69,20,47,75,0.7647058823529411,0.7647058823529411,-2.0,2.0,2.0,2.0,-23.0,23.0,2.764705882352941,2.764705882352941,-25.0,25.0,-5.666666666666667,5.666666666666667,0,0,1,2,-0.8288936841745012,0.6147718943582583
2017-06-08 10:00:00,14779,14811,14784,14776,14723,14770,14830,14829,55297,5997,1,1,5,-3,107,59,46,18,56,6,8,102,24,9.2,9.2,-6.0,6.0,11.2,11.2,-2.0,2.0,20.4,20.4,-8.0,8.0,-1.6666666666666667,1.6666666666666667,0,0,1,2,-1.0590305006902718,0.3598327906718744
2017-06-14 11:00:00,14378,14559,14544,14377,14327,14362,14575,14584,65326,111410,1,1,166,-1,248,222,31,25,51,15,167,82,40,0.18674698795180722,0.18674698795180722,-25.0,25.0,0.3072289156626506,0.3072289156626506,-15.0,15.0,0.4939759036144578,0.4939759036144578,-40.0,40.0,-166.0,166.0,0,0,1,4,1.293156095193719,3.5337462282249232
2017-06-16 20:00:00,14465,14478,14467,14464,14445,14450,14476,14496,6084,10249,1,1,2,-1,31,46,9,18,20,14,3,29,32,4.5,4.5,-18.0,18.0,10.0,10.0,-14.0,14.0,14.5,14.5,-32.0,32.0,-2.0,2.0,0,0,1,2,-1.4211903983650587,-0.19570207688498414
2017-06-19 20:00:00,14827,14844,14828,14826,14814,14800,14842,14844,5779,10485,1,1,1,-1,28,44,14,0,13,26,2,27,26,14.0,14.0,-0.0,0.0,13.0,13.0,-26.0,26.0,27.0,27.0,-26.0,26.0,-1.0,1.0,0,0,1,2,-1.3617362662817822,0.07848161684163639
2017-06-19 21:00:00,14827,14827,14817,14828,14817,14814,14836,14842,8952,5779,1,1,-10,1,19,28,9,14,0,13,-11,9,27,-0.9,0.9,14.0,14.0,-0.0,0.0,13.0,13.0,-0.9,0.9,27.0,27.0,-10.0,10.0,0,0,1,2,-2.2565606250011148,-1.86698498483885
2017-06-19 22:00:00,14819,14827,14826,14817,14817,14817,14834,14836,4307,8952,1,1,7,-2,17,19,8,9,2,0,9,10,9,1.1428571428571428,1.1428571428571428,-4.5,4.5,0.2857142857142857,0.2857142857142857,-0.0,0.0,1.4285714285714286,1.4285714285714286,-4.5,4.5,-3.5,3.5,0,0,1,2,-2.2453197032225445,-1.8597888475667892
2017-06-20 14:00:00,14968,15009,14975,14965,14957,14925,15018,15022,37954,64137,1,1,7,-3,61,97,43,13,11,40,10,54,53,6.142857142857143,6.142857142857143,-4.333333333333333,4.333333333333333,1.5714285714285714,1.5714285714285714,-13.333333333333334,13.333333333333334,7.714285714285714,7.714285714285714,-17.666666666666668,17.666666666666668,-2.3333333333333335,2.3333333333333335,0,0,1,2,-1.1809068953007102,0.08221763544867595
2017-06-20 17:00:00,14780,14965,14801,14777,14695,14712,14847,14966,69493,116299,1,1,21,-3,152,254,46,1,85,65,24,131,66,2.1904761904761907,2.1904761904761907,-0.3333333333333333,0.3333333333333333,4.0476190476190474,4.0476190476190474,-21.666666666666668,21.666666666666668,6.238095238095238,6.238095238095238,-22.0,22.0,-7.0,7.0,0,0,1,2,-0.131978554137514,1.7757479773217881
2017-06-23 22:00:00,14751,14757,14755,14750,14727,14741,14765,14763,11333,2344,1,1,4,-1,38,22,10,6,24,9,5,34,15,2.5,2.5,-6.0,6.0,6.0,6.0,-9.0,9.0,8.5,8.5,-15.0,15.0,-4.0,4.0,0,0,1,2,-1.7854330379550993,-1.0182860684182795
2017-06-29 14:00:00,14765,14859,14822,14760,14747,14760,14848,14880,35216,43743,1,1,57,-5,101,120,26,21,18,0,62,44,21,0.45614035087719296,0.45614035087719296,-4.2,4.2,0.3157894736842105,0.3157894736842105,-0.0,0.0,0.7719298245614035,0.7719298245614035,-4.2,4.2,-11.4,11.4,0,0,1,2,-1.382726236261185,-0.6090041564324566
2017-06-30 15:00:00,14889,14916,14904,14886,14864,14830,14920,14918,30492,41727,1,1,15,-3,56,88,16,2,25,56,18,41,58,1.0666666666666667,1.0666666666666667,-0.6666666666666666,0.6666666666666666,1.6666666666666667,1.6666666666666667,-18.666666666666668,18.666666666666668,2.7333333333333334,2.7333333333333334,-19.333333333333332,19.333333333333332,-5.0,5.0,0,0,1,2,-1.2625820597159527,-0.3003587845364872
2017-07-03 13:00:00,14950,15096,14981,14947,14940,14929,14990,15099,29243,79633,1,1,31,-3,50,170,9,3,10,18,34,19,21,0.2903225806451613,0.2903225806451613,-1.0,1.0,0.3225806451612903,0.3225806451612903,-6.0,6.0,0.6129032258064516,0.6129032258064516,-7.0,7.0,-10.333333333333334,10.333333333333334,0,0,1,2,-1.6553315208957717,-0.6919012266826462
2017-07-05 22:00:00,15209,15240,15214,15202,15202,15202,15227,15250,2679,5931,1,1,5,-7,25,48,13,10,7,0,12,20,10,2.6,2.6,-1.4285714285714286,1.4285714285714286,1.4,1.4,-0.0,0.0,4.0,4.0,-1.4285714285714286,1.4285714285714286,-0.7142857142857143,0.7142857142857143,0,0,1,2,-1.9981124946585511,-1.8458075687050106
2017-07-06 15:00:00,15317,15334,15325,15315,15307,15307,15353,15352,13001,20069,1,1,8,-2,46,45,28,18,10,8,10,38,26,3.5,3.5,-9.0,9.0,1.25,1.25,-4.0,4.0,4.75,4.75,-13.0,13.0,-4.0,4.0,0,0,1,2,-1.5396953737707912,-1.0521383275715916
2017-07-06 21:00:00,15272,15368,15292,15268,15251,15253,15296,15385,6563,15493,1,1,20,-4,45,132,4,17,21,15,24,25,32,0.2,0.2,-4.25,4.25,1.05,1.05,-3.75,3.75,1.25,1.25,-8.0,8.0,-5.0,5.0,0,0,1,2,-1.5097292440713828,-1.280900491606734
2017-07-07 14:00:00,15325,15390,15338,15320,15301,15315,15350,15409,31174,43440,1,1,13,-5,49,94,12,19,24,5,18,36,24,0.9230769230769231,0.9230769230769231,-3.8,3.8,1.8461538461538463,1.8461538461538463,-1.0,1.0,2.769230769230769,2.769230769230769,-4.8,4.8,-2.6,2.6,0,0,1,2,-1.6390631579999362,-1.0353835018893507
2017-07-19 10:00:00,16395,16414,16412,16385,16300,16385,16479,16430,103064,4930,1,1,17,-10,179,45,67,16,95,0,27,162,16,3.9411764705882355,3.9411764705882355,-1.6,1.6,5.588235294117647,5.588235294117647,-0.0,0.0,9.529411764705882,9.529411764705882,-1.6,1.6,-1.7,1.7,0,0,1,2,-0.3436374106740326,0.23861896752361822
2017-07-27 21:00:00,16708,16797,16734,16707,16704,16663,16750,16798,8075,38114,1,1,26,-1,46,135,16,1,4,44,27,20,45,0.6153846153846154,0.6153846153846154,-1.0,1.0,0.15384615384615385,0.15384615384615385,-44.0,44.0,0.7692307692307693,0.7692307692307693,-45.0,45.0,-26.0,26.0,0,0,1,2,-0.37743930812143195,-0.2058513659239501
2017-07-28 10:00:00,16731,16770,16757,16730,16630,16722,16797,16783,99770,8038,1,1,26,-1,167,61,40,13,101,8,27,141,21,1.5384615384615385,1.5384615384615385,-13.0,13.0,3.8846153846153846,3.8846153846153846,-8.0,8.0,5.423076923076923,5.423076923076923,-21.0,21.0,-26.0,26.0,0,0,1,2,-0.01378468917483075,0.6473829146950169
2017-07-28 13:00:00,16597,16679,16612,16594,16569,16563,16647,16680,33435,82350,1,1,15,-3,78,117,35,1,28,31,18,63,32,2.3333333333333335,2.3333333333333335,-0.3333333333333333,0.3333333333333333,1.8666666666666667,1.8666666666666667,-10.333333333333334,10.333333333333334,4.2,4.2,-10.666666666666666,10.666666666666666,-5.0,5.0,0,0,1,2,-0.9042781836878775,-0.4367508774190904
2017-07-31 16:00:00,16615,16825,16656,16614,16608,16613,16699,16830,60831,68536,1,1,41,-1,91,217,43,5,7,1,42,50,6,1.048780487804878,1.048780487804878,-5.0,5.0,0.17073170731707318,0.17073170731707318,-1.0,1.0,1.2195121951219512,1.2195121951219512,-6.0,6.0,-41.0,41.0,0,0,1,2,-0.7551181043160884,-0.22687265579062513
2017-07-31 20:00:00,16717,16770,16747,16716,16705,16696,16748,16778,4289,14243,1,1,30,-1,43,82,1,8,12,20,31,13,28,0.03333333333333333,0.03333333333333333,-8.0,8.0,0.4,0.4,-20.0,20.0,0.43333333333333335,0.43333333333333335,-28.0,28.0,-30.0,30.0,0,0,1,2,-0.8508766217736521,-1.0150673242624508
2017-08-01 19:00:00,16844,16906,16881,16830,16817,16824,16881,16919,10516,36802,1,1,37,-14,64,95,0,13,27,6,51,27,19,0.0,0.0,-0.9285714285714286,0.9285714285714286,0.7297297297297297,0.7297297297297297,-0.42857142857142855,0.42857142857142855,0.7297297297297297,0.7297297297297297,-1.3571428571428572,1.3571428571428572,-2.642857142857143,2.642857142857143,0,0,1,2,-1.192896889526564,-1.7101475726784916
2017-08-01 22:00:00,16851,16870,16868,16847,16847,16841,16875,16878,2834,3115,1,1,17,-4,28,37,7,8,4,6,21,11,14,0.4117647058823529,0.4117647058823529,-2.0,2.0,0.23529411764705882,0.23529411764705882,-1.5,1.5,0.6470588235294118,0.6470588235294118,-3.5,3.5,-4.25,4.25,0,0,1,2,-1.6012467544826787,-2.197589048062285
2017-08-03 20:00:00,17183,17213,17184,17180,17170,17150,17191,17213,2764,13094,1,1,1,-3,21,63,7,0,13,30,4,20,30,7.0,7.0,-0.0,0.0,13.0,13.0,-10.0,10.0,20.0,20.0,-10.0,10.0,-0.3333333333333333,0.3333333333333333,0,0,1,2,-1.1039295997763623,-1.0527101387213988
2017-08-09 13:00:00,17541,17594,17554,17539,17495,17520,17579,17597,37416,29654,1,1,13,-2,84,77,25,3,46,19,15,71,22,1.9230769230769231,1.9230769230769231,-1.5,1.5,3.5384615384615383,3.5384615384615383,-9.5,9.5,5.461538461538462,5.461538461538462,-11.0,11.0,-6.5,6.5,0,0,1,2,-0.6964167829187412,-0.8744753321734919
2017-08-09 19:00:00,17531,17583,17547,17529,17525,17522,17578,17590,6659,24285,1,1,16,-2,53,68,31,7,6,7,18,37,14,1.9375,1.9375,-3.5,3.5,0.375,0.375,-3.5,3.5,2.3125,2.3125,-7.0,7.0,-8.0,8.0,0,0,1,2,-1.0824790656697483,-1.691881561432718
2017-08-10 12:00:00,17387,17540,17434,17385,17375,17382,17456,17564,35163,73288,1,1,47,-2,81,182,22,24,12,3,49,34,27,0.46808510638297873,0.46808510638297873,-12.0,12.0,0.2553191489361702,0.2553191489361702,-1.5,1.5,0.723404255319149,0.723404255319149,-13.5,13.5,-23.5,23.5,0,0,1,2,-0.5558262779263392,-0.5470027406443077
2017-08-10 23:00:00,17333,17364,17338,17332,17329,17325,17350,17379,3775,5935,1,1,5,-1,21,54,12,15,4,7,6,16,22,2.4,2.4,-15.0,15.0,0.8,0.8,-7.0,7.0,3.2,3.2,-22.0,22.0,-5.0,5.0,0,0,1,2,-1.1237125226381057,-1.614188576600793
2017-08-16 21:00:00,17411,17448,17430,17409,17397,17386,17438,17470,5965,12110,1,1,19,-2,41,84,8,22,14,23,21,22,45,0.42105263157894735,0.42105263157894735,-11.0,11.0,0.7368421052631579,0.7368421052631579,-11.5,11.5,1.1578947368421053,1.1578947368421053,-22.5,22.5,-9.5,9.5,0,0,1,2,-0.750713623014771,-1.2842637474058536
2017-08-17 12:00:00,17483,17510,17486,17481,17415,17464,17502,17553,30279,29754,1,1,3,-2,87,89,16,43,68,17,5,84,60,5.333333333333333,5.333333333333333,-21.5,21.5,22.666666666666668,22.666666666666668,-8.5,8.5,28.0,28.0,-30.0,30.0,-1.5,1.5,0,0,1,2,0.18094150411403084,0.8601526407705358
2017-08-21 11:00:00,17105,17150,17106,17103,17098,17041,17176,17177,36996,78317,1,1,1,-2,78,136,70,27,7,62,3,77,89,70.0,70.0,-13.5,13.5,7.0,7.0,-31.0,31.0,77.0,77.0,-44.5,44.5,-0.5,0.5,0,0,1,1,1.0083360833705028,3.9284332629209486
2017-08-21 21:00:00,17089,17128,17112,17086,17073,17084,17118,17145,5921,5576,1,1,23,-3,45,61,6,17,16,2,26,22,19,0.2608695652173913,0.2608695652173913,-5.666666666666667,5.666666666666667,0.6956521739130435,0.6956521739130435,-0.6666666666666666,0.6666666666666666,0.9565217391304348,0.9565217391304348,-6.333333333333333,6.333333333333333,-7.666666666666667,7.666666666666667,0,0,1,2,-1.2772876195797371,-1.890012491585494
2017-08-22 20:00:00,17223,17245,17243,17222,17206,17211,17245,17262,2573,4432,1,1,20,-1,39,51,2,17,17,11,21,19,28,0.1,0.1,-17.0,17.0,0.85,0.85,-11.0,11.0,0.95,0.95,-28.0,28.0,-20.0,20.0,0,0,1,2,-0.8327706982248454,-1.2932272050807947
2017-08-31 13:00:00,18614,18639,18627,18610,18574,18569,18655,18669,29499,59225,1,1,13,-4,81,100,28,30,40,41,17,68,71,2.1538461538461537,2.1538461538461537,-7.5,7.5,3.076923076923077,3.076923076923077,-10.25,10.25,5.230769230769231,5.230769230769231,-17.75,17.75,-3.25,3.25,0,0,1,0,0.008970039600838864,-0.47289038835856334
2017-08-31 19:00:00,18484,18536,18485,18483,18455,18451,18521,18595,10319,40487,1,1,1,-1,66,144,36,59,29,32,2,65,91,36.0,36.0,-59.0,59.0,29.0,29.0,-32.0,32.0,65.0,65.0,-91.0,91.0,-1.0,1.0,0,0,1,1,1.9805559575979639,3.8348155602766973
2017-09-04 23:00:00,18557,18574,18558,18556,18550,18550,18596,18581,4425,2993,1,1,1,-1,46,31,38,7,7,6,2,45,13,38.0,38.0,-7.0,7.0,7.0,7.0,-6.0,6.0,45.0,45.0,-13.0,13.0,-1.0,1.0,0,0,1,1,-0.37729758140050657,-0.12971682560191863
2017-09-05 18:00:00,18475,18500,18499,18474,18466,18428,18536,18522,21215,54846,1,1,24,-1,70,94,37,22,9,46,25,46,68,1.5416666666666667,1.5416666666666667,-22.0,22.0,0.375,0.375,-46.0,46.0,1.9166666666666667,1.9166666666666667,-68.0,68.0,-24.0,24.0,0,0,1,0,0.7281402633015848,0.5853086101131645
2017-09-05 21:00:00,18382,18395,18390,18380,18377,18344,18420,18396,8383,9635,1,1,8,-2,43,52,30,1,5,36,10,35,37,3.75,3.75,-0.5,0.5,0.625,0.625,-18.0,18.0,4.375,4.375,-18.5,18.5,-4.0,4.0,0,0,1,0,-0.6296307651489002,-1.495576952371799
2017-09-07 23:00:00,18501,18515,18503,18500,18481,18463,18510,18515,1774,3003,1,1,2,-1,29,52,7,0,20,37,3,27,37,3.5,3.5,-0.0,0.0,10.0,10.0,-37.0,37.0,13.5,13.5,-37.0,37.0,-2.0,2.0,0,0,1,0,-0.3169843465248259,-0.8588511295044393
2017-09-12 18:00:00,19340,19371,19349,19339,19322,19326,19383,19393,2216,3672,1,1,9,-1,61,67,34,22,18,13,10,52,35,3.7777777777777777,3.7777777777777777,-22.0,22.0,2.0,2.0,-13.0,13.0,5.777777777777778,5.777777777777778,-35.0,35.0,-9.0,9.0,0,0,1,0,0.109133997520656,-1.0809675227024025
2017-09-12 19:00:00,19366,19340,19329,19349,19329,19322,19384,19383,208,2216,1,1,-37,-17,55,61,18,34,0,18,-20,18,52,-0.4864864864864865,0.4864864864864865,-2.0,2.0,-0.0,0.0,-1.0588235294117647,1.0588235294117647,-0.4864864864864865,0.4864864864864865,-3.0588235294117645,3.0588235294117645,2.176470588235294,2.176470588235294,0,0,1,0,-0.6944663163237283,-2.581816689254934
2017-09-12 20:00:00,19335,19366,19338,19329,19307,19329,19363,19384,341,208,1,1,3,-6,56,55,25,18,28,0,9,53,18,8.333333333333334,8.333333333333334,-3.0,3.0,9.333333333333334,9.333333333333334,-0.0,0.0,17.666666666666668,17.666666666666668,-3.0,3.0,-0.5,0.5,0,0,1,0,-0.43596537214248016,-1.622935303577117
2017-09-18 11:00:00,19311,19387,19325,19309,19267,19308,19348,19450,7193,11887,1,1,14,-2,81,142,23,63,44,1,16,67,64,1.6428571428571428,1.6428571428571428,-31.5,31.5,3.142857142857143,3.142857142857143,-0.5,0.5,4.785714285714286,4.785714285714286,-32.0,32.0,-7.0,7.0,0,0,1,0,0.5127431457275186,-0.6676125638834265
2017-09-18 22:00:00,19152,19194,19169,19143,19151,19136,19175,19195,574,647,1,1,17,-9,24,59,6,1,1,7,26,7,8,0.35294117647058826,0.35294117647058826,-0.1111111111111111,0.1111111111111111,0.058823529411764705,0.058823529411764705,-0.7777777777777778,0.7777777777777778,0.4117647058823529,0.4117647058823529,-0.8888888888888888,0.8888888888888888,-1.8888888888888888,1.8888888888888888,0,0,1,0,-1.073476474785267,-2.7976473233501906
2017-09-19 11:00:00,18998,19140,19021,18997,18960,18981,19045,19165,11315,16586,1,1,23,-1,85,184,24,25,38,16,24,62,41,1.0434782608695652,1.0434782608695652,-25.0,25.0,1.6521739130434783,1.6521739130434783,-16.0,16.0,2.6956521739130435,2.6956521739130435,-41.0,41.0,-23.0,23.0,0,0,1,0,0.5567890749969949,-0.3760035083005715
2017-09-20 11:00:00,18771,18865,18789,18770,18756,18696,18813,18880,15976,41221,1,1,18,-1,57,184,24,15,15,74,19,39,89,1.3333333333333333,1.3333333333333333,-15.0,15.0,0.8333333333333334,0.8333333333333334,-74.0,74.0,2.1666666666666665,2.1666666666666665,-89.0,89.0,-18.0,18.0,0,0,1,0,1.2963668358917302,1.072096741161003
2017-09-26 20:00:00,19609,19679,19637,19607,19607,19567,19650,19679,6819,17957,1,1,28,-2,43,112,13,0,2,40,30,15,40,0.4642857142857143,0.4642857142857143,-0.0,0.0,0.07142857142857142,0.07142857142857142,-20.0,20.0,0.5357142857142857,0.5357142857142857,-20.0,20.0,-14.0,14.0,0,0,1,0,-0.2237691708764044,-1.6719560160044598
2017-09-27 11:00:00,19530,19617,19603,19529,19505,19510,19710,19820,59103,113738,1,1,73,-1,205,310,107,203,25,19,74,132,222,1.4657534246575343,1.4657534246575343,-203.0,203.0,0.3424657534246575,0.3424657534246575,-19.0,19.0,1.8082191780821917,1.8082191780821917,-222.0,222.0,-73.0,73.0,0,0,1,4,6.26382910421081,7.568173911179537
2017-09-29 13:00:00,19625,19663,19640,19624,19601,19620,19657,19687,15392,29464,1,1,15,-1,56,67,17,24,24,4,16,41,28,1.1333333333333333,1.1333333333333333,-24.0,24.0,1.6,1.6,-4.0,4.0,2.7333333333333334,2.7333333333333334,-28.0,28.0,-15.0,15.0,0,0,1,0,-0.07770785210186339,-1.251199068292296
2017-10-02 16:00:00,19589,19657,19638,19587,19492,19548,19659,19657,65258,43472,1,1,49,-2,167,109,21,0,97,39,51,118,39,0.42857142857142855,0.42857142857142855,-0.0,0.0,1.9795918367346939,1.9795918367346939,-19.5,19.5,2.4081632653061225,2.4081632653061225,-19.5,19.5,-24.5,24.5,0,0,1,0,0.7711241847269775,0.03188500139987599
2017-10-06 19:00:00,19742,19762,19745,19738,19714,19720,19753,19788,8578,29209,1,1,3,-4,39,68,8,26,28,18,7,36,44,2.6666666666666665,2.6666666666666665,-6.5,6.5,9.333333333333334,9.333333333333334,-4.5,4.5,12.0,12.0,-11.0,11.0,-0.75,0.75,0,0,1,0,-0.28357160317430813,-1.445384272808842
2017-10-09 16:00:00,19648,19669,19662,19644,19622,19620,19690,19717,25955,24794,1,1,14,-4,68,97,28,48,26,24,18,54,72,2.0,2.0,-12.0,12.0,1.8571428571428572,1.8571428571428572,-6.0,6.0,3.857142857142857,3.857142857142857,-18.0,18.0,-3.5,3.5,0,0,1,0,0.1845281040608088,-1.0407838690918185
2017-10-10 21:00:00,19692,19695,19694,19690,19685,19683,19700,19703,1406,3586,1,1,2,-2,15,20,6,8,7,7,4,13,15,3.0,3.0,-4.0,4.0,3.5,3.5,-3.5,3.5,6.5,6.5,-7.5,7.5,-1.0,1.0,0,0,1,0,-0.8954746406858581,-2.4396780678139045
2017-10-12 12:00:00,19915,19966,19962,19913,19892,19877,19977,19968,17334,38728,1,1,47,-2,85,91,15,2,23,36,49,38,38,0.3191489361702128,0.3191489361702128,-1.0,1.0,0.48936170212765956,0.48936170212765956,-18.0,18.0,0.8085106382978723,0.8085106382978723,-19.0,19.0,-23.5,23.5,0,0,1,0,0.14437254997814633,-1.207350793446869
2017-10-13 20:00:00,19949,19982,19960,19946,19938,19935,19978,19996,4104,7878,1,1,11,-3,40,61,18,14,11,11,14,29,25,1.6363636363636365,1.6363636363636365,-4.666666666666667,4.666666666666667,1.0,1.0,-3.6666666666666665,3.6666666666666665,2.6363636363636362,2.6363636363636362,-8.333333333333334,8.333333333333334,-3.6666666666666665,3.6666666666666665,0,0,1,0,-0.5045842579922021,-2.2557522040239806
2017-10-17 18:00:00,19961,20012,19986,19959,19945,19920,20038,20040,28729,48182,1,1,25,-2,93,120,52,28,16,39,27,68,67,2.08,2.08,-14.0,14.0,0.64,0.64,-19.5,19.5,2.72,2.72,-33.5,33.5,-12.5,12.5,0,0,1,0,0.7224360683316643,-0.3373515915535116
2017-10-18 23:00:00,19864,19874,19866,19863,19860,19855,19881,19885,1557,2160,1,1,2,-1,21,30,15,11,4,8,3,19,19,7.5,7.5,-11.0,11.0,2.0,2.0,-8.0,8.0,9.5,9.5,-19.0,19.0,-2.0,2.0,0,0,1,0,-0.5353877841242224,-1.9616043310994105
2017-10-19 13:00:00,19608,19680,19640,19607,19581,19554,19683,19680,31661,74704,1,1,32,-1,102,126,43,0,27,53,33,70,53,1.34375,1.34375,-0.0,0.0,0.84375,0.84375,-53.0,53.0,2.1875,2.1875,-53.0,53.0,-32.0,32.0,0,0,1,0,1.0039099350495102,0.49478759461454974
2017-10-25 12:00:00,19585,19620,19588,19583,19550,19522,19611,19656,23161,58817,1,1,3,-2,61,134,23,36,35,61,5,58,97,7.666666666666667,7.666666666666667,-18.0,18.0,11.666666666666666,11.666666666666666,-30.5,30.5,19.333333333333332,19.333333333333332,-48.5,48.5,-1.5,1.5,0,0,1,0,0.97166508497924,0.7803816509496037
2017-10-25 15:00:00,19574,19602,19577,19572,19549,19571,19602,19636,20237,17442,1,1,3,-2,53,65,25,34,25,1,5,50,35,8.333333333333334,8.333333333333334,-17.0,17.0,8.333333333333334,8.333333333333334,-0.5,0.5,16.666666666666668,16.666666666666668,-17.5,17.5,-1.5,1.5,0,0,1,0,-0.11499945762825234,-0.969838383274609
2017-10-26 11:00:00,19336,19498,19379,19331,19331,19315,19425,19532,34921,98074,1,1,43,-5,94,217,46,34,5,16,48,51,50,1.069767441860465,1.069767441860465,-6.8,6.8,0.11627906976744186,0.11627906976744186,-3.2,3.2,1.186046511627907,1.186046511627907,-10.0,10.0,-8.6,8.6,0,0,1,0,0.1474050695084071,-0.606948923158824
2017-10-26 23:00:00,19665,19679,19671,19663,19652,19663,19680,19688,4520,5050,1,1,6,-2,28,25,9,9,13,0,8,22,9,1.5,1.5,-4.5,4.5,2.1666666666666665,2.1666666666666665,-0.0,0.0,3.6666666666666665,3.6666666666666665,-4.5,4.5,-3.0,3.0,0,0,1,0,-0.9010212602736442,-2.523587475518909
2017-10-30 21:00:00,19786,19807,19804,19784,19782,19774,19816,19826,2095,4788,1,1,18,-2,34,52,12,19,4,10,20,16,29,0.6666666666666666,0.6666666666666666,-9.5,9.5,0.2222222222222222,0.2222222222222222,-5.0,5.0,0.8888888888888888,0.8888888888888888,-14.5,14.5,-9.0,9.0,0,0,1,0,-0.49540597474334,-2.1940990882308014
2017-10-30 22:00:00,19804,19786,19787,19804,19785,19782,19811,19816,2126,2095,1,1,-17,0,26,34,7,12,2,4,-17,9,16,-0.4117647058823529,0.4117647058823529,100.0,100.0,-0.11764705882352941,0.11764705882352941,100.0,100.0,-0.5294117647058824,0.5294117647058824,100.0,100.0,0.0,0.0,0,1,1,3,-1.3014255231097207,-3.4218750949233314
2017-10-30 23:00:00,19788,19804,19790,19787,19773,19785,19795,19811,3103,2126,1,1,2,-1,22,26,5,7,15,2,3,20,9,2.5,2.5,-7.0,7.0,7.5,7.5,-2.0,2.0,10.0,10.0,-9.0,9.0,-2.0,2.0,0,0,1,0,-0.7767105039618404,-2.2176035220912405
2017-11-07 18:00:00,20705,20805,20735,20703,20570,20513,20787,20813,169444,225988,1,1,30,-2,217,300,52,8,135,190,32,187,198,1.7333333333333334,1.7333333333333334,-4.0,4.0,4.5,4.5,-95.0,95.0,6.233333333333333,6.233333333333333,-99.0,99.0,-15.0,15.0,0,0,1,4,3.908859402347223,5.607015563184742
2017-11-13 13:00:00,22015,22200,22058,22011,21890,21988,22121,22260,73688,72586,1,1,43,-4,231,272,63,60,125,23,47,188,83,1.4651162790697674,1.4651162790697674,-15.0,15.0,2.9069767441860463,2.9069767441860463,-5.75,5.75,4.372093023255814,4.372093023255814,-20.75,20.75,-10.75,10.75,0,0,1,0,2.506045980519491,0.9484921135774437
2017-11-14 13:00:00,22199,22278,22264,22193,22181,22123,22307,22312,48894,54877,1,1,65,-6,126,189,43,34,18,70,71,61,104,0.6615384615384615,0.6615384615384615,-5.666666666666667,5.666666666666667,0.27692307692307694,0.27692307692307694,-11.666666666666666,11.666666666666666,0.9384615384615385,0.9384615384615385,-17.333333333333332,17.333333333333332,-10.833333333333334,10.833333333333334,0,0,1,0,1.5288386053575027,-0.5266545912788297
2017-11-15 22:00:00,22850,22889,22878,22849,22844,22846,22887,22898,2951,4448,1,1,28,-1,43,52,9,9,6,3,29,15,12,0.32142857142857145,0.32142857142857145,-9.0,9.0,0.21428571428571427,0.21428571428571427,-3.0,3.0,0.5357142857142857,0.5357142857142857,-12.0,12.0,-28.0,28.0,0,0,1,0,0.2762165590796366,-2.6997549474912814
2017-11-16 13:00:00,22140,22617,22283,22135,22134,22066,22349,22620,94691,246642,1,1,143,-5,215,554,66,3,6,69,148,72,72,0.46153846153846156,0.46153846153846156,-0.6,0.6,0.04195804195804196,0.04195804195804196,-13.8,13.8,0.5034965034965035,0.5034965034965035,-14.4,14.4,-28.6,28.6,0,0,1,0,2.359611024084401,1.8422027643316046
2017-11-16 20:00:00,22858,22911,22880,22855,22848,22840,22887,22956,3916,22684,1,1,22,-3,39,116,7,45,10,15,25,17,60,0.3181818181818182,0.3181818181818182,-15.0,15.0,0.45454545454545453,0.45454545454545453,-5.0,5.0,0.7727272727272727,0.7727272727272727,-20.0,20.0,-7.333333333333333,7.333333333333333,0,0,1,0,0.6938550834842387,-2.159066617447583
2017-11-17 20:00:00,22694,22719,22697,22690,22689,22671,22740,22739,3989,7037,1,1,3,-4,51,68,43,20,5,19,7,48,39,14.333333333333334,14.333333333333334,-5.0,5.0,1.6666666666666667,1.6666666666666667,-4.75,4.75,16.0,16.0,-9.75,9.75,-0.75,0.75,0,0,1,0,0.5821076111925021,-1.9144670634353138
2017-11-21 19:00:00,23248,23325,23282,23230,23212,23111,23287,23338,5783,91412,1,1,34,-18,75,227,5,13,36,119,52,41,132,0.14705882352941177,0.14705882352941177,-0.7222222222222222,0.7222222222222222,1.0588235294117647,1.0588235294117647,-6.611111111111111,6.611111111111111,1.2058823529411764,1.2058823529411764,-7.333333333333333,7.333333333333333,-1.8888888888888888,1.8888888888888888,0,0,1,0,1.5483075643174522,-1.2937043485102622
2017-11-27 12:00:00,22726,22871,22801,22723,22680,22713,22841,22871,41821,47536,1,1,75,-3,161,158,40,0,46,10,78,86,10,0.5333333333333333,0.5333333333333333,-0.0,0.0,0.6133333333333333,0.6133333333333333,-3.3333333333333335,3.3333333333333335,1.1466666666666667,1.1466666666666667,-3.3333333333333335,3.3333333333333335,-25.0,25.0,0,0,1,0,1.1159387548760995,-1.3658599076479214
2017-11-28 11:00:00,22614,22763,22639,22612,22564,22450,22722,22835,48447,80738,1,1,25,-2,158,385,83,72,50,162,27,133,234,3.32,3.32,-36.0,36.0,2.0,2.0,-81.0,81.0,5.32,5.32,-117.0,117.0,-12.5,12.5,0,0,1,4,4.839326851322639,3.821392819997418
2017-11-28 12:00:00,22638,22614,22620,22639,22578,22564,22676,22722,24753,48447,1,1,-18,1,98,158,38,83,42,50,-19,80,133,-2.111111111111111,2.111111111111111,83.0,83.0,-2.3333333333333335,2.3333333333333335,50.0,50.0,-4.444444444444445,4.444444444444445,133.0,133.0,-18.0,18.0,0,0,1,0,1.2644320861259695,-1.2940096867432143
2017-11-28 13:00:00,22624,22638,22636,22620,22590,22578,22715,22676,20213,24753,1,1,12,-4,125,98,79,38,34,42,16,113,80,6.583333333333333,6.583333333333333,-9.5,9.5,2.8333333333333335,2.8333333333333335,-10.5,10.5,9.416666666666666,9.416666666666666,-20.0,20.0,-3.0,3.0,0,0,1,0,1.6085743626219435,-0.7481874375031827
2017-11-30 16:00:00,22666,22877,22727,22661,22632,22657,22737,22891,33850,54096,1,1,61,-5,105,234,10,14,34,4,66,44,18,0.16393442622950818,0.16393442622950818,-2.8,2.8,0.5573770491803278,0.5573770491803278,-0.8,0.8,0.7213114754098361,0.7213114754098361,-3.6,3.6,-12.2,12.2,0,0,1,0,0.7561181479626005,-1.7846902961428994
2017-12-01 12:00:00,22380,22588,22550,22379,22200,22239,22550,22608,90034,89822,1,1,170,-1,350,369,0,20,180,140,171,180,160,0.0,0.0,-20.0,20.0,1.0588235294117647,1.0588235294117647,-140.0,140.0,1.0588235294117647,1.0588235294117647,-160.0,160.0,-170.0,170.0,0,0,1,4,7.10872781443286,7.060618435611036
2017-12-01 20:00:00,22146,22258,22161,22145,22130,22093,22188,22297,5368,48054,1,1,15,-1,58,204,27,39,16,52,16,43,91,1.8,1.8,-39.0,39.0,1.0666666666666667,1.0666666666666667,-52.0,52.0,2.8666666666666667,2.8666666666666667,-91.0,91.0,-15.0,15.0,0,0,1,0,2.242987618769403,0.5504699416164083
2017-12-01 21:00:00,22161,22146,22095,22161,22089,22130,22183,22188,7884,5368,1,1,-66,0,94,58,22,27,6,16,-66,28,43,-0.3333333333333333,0.3333333333333333,100.0,100.0,-0.09090909090909091,0.09090909090909091,100.0,100.0,-0.42424242424242425,0.42424242424242425,100.0,100.0,0.0,0.0,0,1,1,3,-0.4278719280226856,-3.4477062804167096
2017-12-01 22:00:00,22098,22161,22125,22095,22081,22089,22150,22183,3696,7884,1,1,27,-3,69,94,25,22,17,6,30,42,28,0.9259259259259259,0.9259259259259259,-7.333333333333333,7.333333333333333,0.6296296296296297,0.6296296296296297,-2.0,2.0,1.5555555555555556,1.5555555555555556,-9.333333333333334,9.333333333333334,-9.0,9.0,0,0,1,0,0.3665661769151055,-2.3427083637999764
2017-12-06 20:00:00,22367,22475,22397,22365,22363,22336,22399,22475,3313,15594,1,1,30,-2,36,139,2,0,4,29,32,6,29,0.06666666666666667,0.06666666666666667,-0.0,0.0,0.13333333333333333,0.13333333333333333,-14.5,14.5,0.2,0.2,-14.5,14.5,-15.0,15.0,0,0,1,0,0.2850309353090497,-2.4401208617512626
2017-12-06 21:00:00,22398,22367,22382,22397,22376,22363,22428,22399,3337,3313,1,1,-16,-1,52,36,30,2,6,4,-15,36,6,-1.875,1.875,-2.0,2.0,-0.375,0.375,-4.0,4.0,-2.25,2.25,-6.0,6.0,16.0,16.0,0,0,1,0,-0.20418662361282489,-3.0949974203906763
2017-12-06 22:00:00,22390,22398,22395,22382,22380,22376,22421,22428,1415,3337,1,1,5,-8,41,52,26,30,10,6,13,36,36,5.2,5.2,-3.75,3.75,2.0,2.0,-0.75,0.75,7.2,7.2,-4.5,4.5,-0.625,0.625,0,0,1,0,0.2276843003150097,-2.5771025421182325
2017-12-08 21:00:00,22186,22211,22206,22181,22185,22179,22214,22230,609,2696,1,1,20,-5,29,51,8,19,1,2,25,9,21,0.4,0.4,-3.8,3.8,0.05,0.05,-0.4,0.4,0.45,0.45,-4.2,4.2,-4.0,4.0,0,0,1,0,-0.17064378575447117,-3.0730410972134177
2017-12-13 20:00:00,22667,22694,22673,22660,22642,22630,22673,22717,86,388,1,1,6,-7,31,87,0,23,25,30,13,25,53,0.0,0.0,-3.2857142857142856,3.2857142857142856,4.166666666666667,4.166666666666667,-4.285714285714286,4.285714285714286,4.166666666666667,4.166666666666667,-7.571428571428571,7.571428571428571,-0.8571428571428571,0.8571428571428571,0,0,1,0,0.36135710578280905,-2.623947253103415
2017-12-14 12:00:00,22725,22830,22828,22723,22615,22574,22828,22835,2636,5370,1,1,103,-2,213,261,0,5,110,149,105,110,154,0.0,0.0,-2.5,2.5,1.0679611650485437,1.0679611650485437,-74.5,74.5,1.0679611650485437,1.0679611650485437,-77.0,77.0,-51.5,51.5,0,0,1,4,3.9851557630507326,1.6330733603257999
2017-12-14 20:00:00,23342,23390,23363,23341,23342,23265,23374,23441,477,1698,1,1,21,-1,32,176,11,51,0,76,22,11,127,0.5238095238095238,0.5238095238095238,-51.0,51.0,0.0,0.0,-76.0,76.0,0.5238095238095238,0.5238095238095238,-127.0,127.0,-21.0,21.0,0,0,1,0,3.1178985258716088,0.8324079494679821
2017-12-15 15:00:00,23171,23232,23189,23164,23102,23155,23196,23237,2308,2925,1,1,18,-7,94,82,7,5,69,9,25,76,14,0.3888888888888889,0.3888888888888889,-0.7142857142857143,0.7142857142857143,3.8333333333333335,3.8333333333333335,-1.2857142857142858,1.2857142857142858,4.222222222222222,4.222222222222222,-2.0,2.0,-2.5714285714285716,2.5714285714285716,0,0,1,0,0.6507197176061827,-2.603427282712464
2017-12-19 22:00:00,22886,22899,22892,22884,22881,22880,22900,22907,891,1733,1,1,6,-2,19,27,8,8,5,4,8,13,12,1.3333333333333333,1.3333333333333333,-4.0,4.0,0.8333333333333334,0.8333333333333334,-2.0,2.0,2.1666666666666665,2.1666666666666665,-6.0,6.0,-3.0,3.0,0,0,1,0,-0.1399679331189673,-3.2117338723678874
2017-12-21 14:00:00,22786,22865,22834,22771,22780,22758,22898,22873,33236,47819,1,1,48,-15,118,115,64,8,6,13,63,70,21,1.3333333333333333,1.3333333333333333,-0.5333333333333333,0.5333333333333333,0.125,0.125,-0.8666666666666667,0.8666666666666667,1.4583333333333333,1.4583333333333333,-1.4,1.4,-3.2,3.2,0,0,1,0,0.8129021169751375,-1.9822761637738013
2017-12-21 18:00:00,22622,22801,22706,22619,22614,22601,22751,22858,22296,53261,1,1,84,-3,137,257,45,57,8,18,87,53,75,0.5357142857142857,0.5357142857142857,-19.0,19.0,0.09523809523809523,0.09523809523809523,-6.0,6.0,0.6309523809523809,0.6309523809523809,-25.0,25.0,-28.0,28.0,0,0,1,0,1.8682501078759375,-0.5391625844153717
2017-12-25 18:00:00,22767,22795,22774,22762,22744,22751,22781,22818,6091,14375,1,1,7,-5,37,67,7,23,23,11,12,30,34,1.0,1.0,-4.6,4.6,3.2857142857142856,3.2857142857142856,-2.2,2.2,4.285714285714286,4.285714285714286,-6.8,6.8,-1.4,1.4,0,0,1,0,0.2420206459161993,-2.6305903495574774
2017-12-28 16:00:00,22799,22810,22809,22794,22730,22751,22870,22847,21393,20605,1,1,10,-5,140,96,61,37,69,43,15,130,80,6.1,6.1,-7.4,7.4,6.9,6.9,-8.6,8.6,13.0,13.0,-16.0,16.0,-2.0,2.0,0,0,1,0,1.750398302088542,-0.6257368489594098
2017-12-28 19:00:00,22720,22753,22751,22692,22720,22662,22758,22811,3399,15091,1,1,31,-28,38,149,7,58,0,30,59,7,88,0.22580645161290322,0.22580645161290322,-2.0714285714285716,2.0714285714285716,0.0,0.0,-1.0714285714285714,1.0714285714285714,0.22580645161290322,0.22580645161290322,-3.142857142857143,3.142857142857143,-1.1071428571428572,1.1071428571428572,0,0,1,0,0.8101407886581568,-2.5965071550889256
2018-01-04 19:00:00,24185,24255,24233,24160,24185,24126,24258,24270,5804,20013,1,1,48,-25,73,144,25,15,0,34,73,25,49,0.5208333333333334,0.5208333333333334,-0.6,0.6,0.0,0.0,-1.36,1.36,0.5208333333333334,0.5208333333333334,-1.96,1.96,-1.92,1.92,0,0,1,0,1.1166454175110103,-2.8394102595217032
2018-01-10 21:00:00,24085,24115,24112,24083,24080,24075,24128,24141,1382,2687,1,1,27,-2,48,66,16,26,5,8,29,21,34,0.5925925925925926,0.5925925925925926,-13.0,13.0,0.18518518518518517,0.18518518518518517,-4.0,4.0,0.7777777777777778,0.7777777777777778,-17.0,17.0,-13.5,13.5,0,0,1,0,0.8109125523835549,-2.7159045077787423
2018-01-11 11:00:00,23980,24070,24062,23978,23833,23880,24086,24139,60705,63021,1,1,82,-2,253,259,24,69,147,98,84,171,167,0.2926829268292683,0.2926829268292683,-34.5,34.5,1.7926829268292683,1.7926829268292683,-49.0,49.0,2.0853658536585367,2.0853658536585367,-83.5,83.5,-41.0,41.0,0,0,1,4,4.768643282102427,2.777922808999264
2018-01-11 19:00:00,24197,24231,24228,24167,24180,24167,24230,24248,4969,15227,1,1,31,-30,50,81,2,17,17,0,61,19,17,0.06451612903225806,0.06451612903225806,-0.5666666666666667,0.5666666666666667,0.5483870967741935,0.5483870967741935,-0.0,0.0,0.6129032258064516,0.6129032258064516,-0.5666666666666667,0.5666666666666667,-1.0333333333333334,1.0333333333333334,0,0,1,0,0.6674437300249937,-3.418517209764645
2018-01-16 10:00:00,24159,24175,24166,24149,24112,24140,24197,24179,19124,784,1,1,7,-10,85,39,31,4,47,9,17,78,13,4.428571428571429,4.428571428571429,-0.4,0.4,6.714285714285714,6.714285714285714,-0.9,0.9,11.142857142857142,11.142857142857142,-1.3,1.3,-0.7,0.7,0,0,1,0,0.8594386956013335,-2.500990299622785
2018-01-16 20:00:00,24185,24240,24211,24179,24173,24175,24223,24244,2829,6181,1,1,26,-6,50,69,12,4,12,4,32,24,8,0.46153846153846156,0.46153846153846156,-0.6666666666666666,0.6666666666666666,0.46153846153846156,0.46153846153846156,-0.6666666666666666,0.6666666666666666,0.9230769230769231,0.9230769230769231,-1.3333333333333333,1.3333333333333333,-4.333333333333333,4.333333333333333,0,0,1,0,0.4007798834446217,-3.3448761898776342
2018-01-18 19:00:00,24833,24932,24887,24823,24810,24794,24925,24960,7790,35355,1,1,54,-10,115,166,38,28,23,29,64,61,57,0.7037037037037037,0.7037037037037037,-2.8,2.8,0.42592592592592593,0.42592592592592593,-2.9,2.9,1.1296296296296295,1.1296296296296295,-5.7,5.7,-5.4,5.4,0,0,1,0,1.656094802112449,-2.1853368013521406
2018-01-22 16:00:00,24505,24562,24523,24501,24454,24484,24546,24567,16477,11811,1,1,18,-4,92,83,23,5,51,17,22,74,22,1.2777777777777777,1.2777777777777777,-1.25,1.25,2.8333333333333335,2.8333333333333335,-4.25,4.25,4.111111111111111,4.111111111111111,-5.5,5.5,-4.5,4.5,0,0,1,0,1.0470740035569317,-2.511362453218699
2018-01-24 11:00:00,24614,24723,24671,24611,24502,24525,24724,24723,44581,42151,1,1,57,-3,222,198,53,0,112,86,60,165,86,0.9298245614035088,0.9298245614035088,-0.0,0.0,1.9649122807017543,1.9649122807017543,-28.666666666666668,28.666666666666668,2.8947368421052633,2.8947368421052633,-28.666666666666668,28.666666666666668,-19.0,19.0,0,0,1,0,3.1030218988542044,0.10082777389208851
2018-01-26 19:00:00,24903,24963,24938,24900,24895,24844,24959,24966,6870,36116,1,1,35,-3,64,122,21,3,8,56,38,29,59,0.6,0.6,-1.0,1.0,0.22857142857142856,0.22857142857142856,-18.666666666666668,18.666666666666668,0.8285714285714286,0.8285714285714286,-19.666666666666668,19.666666666666668,-11.666666666666666,11.666666666666666,0,0,1,0,1.3860962498013083,-2.200738354326802
2018-01-30 16:00:00,25998,26026,26000,25996,25925,25935,26024,26133,26635,58583,1,1,2,-2,99,198,24,107,73,61,4,97,168,12.0,12.0,-53.5,53.5,36.5,36.5,-30.5,30.5,48.5,48.5,-84.0,84.0,-1.0,1.0,0,0,1,1,4.434973395091796,2.7878893499807966
2018-02-05 19:00:00,25847,25884,25857,25837,25810,25811,25889,25974,6603,29724,1,1,10,-10,79,163,32,90,37,26,20,69,116,3.2,3.2,-9.0,9.0,3.7,3.7,-2.6,2.6,6.9,6.9,-11.6,11.6,-1.0,1.0,0,0,1,0,2.254906996085007,-1.786275972736126
2018-02-07 21:00:00,25803,25919,25815,25801,25725,25759,25843,25930,9407,8723,1,1,12,-2,118,171,28,11,78,42,14,106,53,2.3333333333333335,2.3333333333333335,-5.5,5.5,6.5,6.5,-21.0,21.0,8.833333333333334,8.833333333333334,-26.5,26.5,-6.0,6.0,0,0,1,0,2.358891881116747,-1.472949107361382
2018-02-07 22:00:00,25807,25803,25762,25815,25762,25725,25848,25843,3705,9407,1,1,-45,8,86,118,41,28,0,78,-53,41,106,-0.9111111111111111,0.9111111111111111,3.5,3.5,-0.0,0.0,9.75,9.75,-0.9111111111111111,0.9111111111111111,13.25,13.25,-5.625,5.625,0,0,1,0,1.2705975377902727,-2.8501971489543325
2018-02-07 23:00:00,25764,25807,25765,25762,25755,25762,25818,25848,4115,3705,1,1,1,-2,63,86,53,41,9,0,3,62,41,53.0,53.0,-20.5,20.5,9.0,9.0,-0.0,0.0,62.0,62.0,-20.5,20.5,-0.5,0.5,0,0,1,1,2.1889794203405333,-0.039432771103439734
2018-02-09 13:00:00,24762,24952,24771,24757,24710,24717,24850,24975,58087,99697,1,1,9,-5,140,258,79,23,52,40,14,131,63,8.777777777777779,8.777777777777779,-4.6,4.6,5.777777777777778,5.777777777777778,-8.0,8.0,14.555555555555555,14.555555555555555,-12.6,12.6,-1.8,1.8,0,0,1,0,2.271797966600821,-0.11966439532452304
2018-02-19 17:00:00,26839,26866,26845,26837,26742,26788,26870,26880,17403,10844,1,1,6,-2,128,92,25,14,97,49,8,122,63,4.166666666666667,4.166666666666667,-7.0,7.0,16.166666666666668,16.166666666666668,-24.5,24.5,20.333333333333332,20.333333333333332,-31.5,31.5,-3.0,3.0,0,0,1,0,2.8417677616184203,-0.910216251069334
2018-02-20 18:00:00,26808,26868,26846,26802,26750,26778,26865,26904,25196,26468,1,1,38,-6,115,126,19,36,58,24,44,77,60,0.5,0.5,-6.0,6.0,1.5263157894736843,1.5263157894736843,-4.0,4.0,2.026315789473684,2.026315789473684,-10.0,10.0,-6.333333333333333,6.333333333333333,0,0,1,0,2.160399730819214,-2.2765838332031056
2018-02-27 17:00:00,27959,27988,27967,27956,27954,27928,28101,28036,27792,22298,1,1,8,-3,147,108,134,48,5,28,11,139,76,16.75,16.75,-16.0,16.0,0.625,0.625,-9.333333333333334,9.333333333333334,17.375,17.375,-25.333333333333332,25.333333333333332,-2.6666666666666665,2.6666666666666665,0,0,1,0,3.3362176174739355,-0.9496675012503499
2018-02-27 20:00:00,27640,27872,27738,27634,27604,27621,27738,27915,9442,26391,1,1,98,-6,134,294,0,43,36,13,104,36,56,0.0,0.0,-7.166666666666667,7.166666666666667,0.3673469387755102,0.3673469387755102,-2.1666666666666665,2.1666666666666665,0.3673469387755102,0.3673469387755102,-9.333333333333334,9.333333333333334,-16.333333333333332,16.333333333333332,0,0,1,0,2.683673494774744,-2.353870923567243
2018-02-27 21:00:00,27738,27640,27682,27738,27671,27604,27760,27738,4781,9442,1,1,-56,0,89,134,22,0,11,36,-56,33,36,-0.39285714285714285,0.39285714285714285,0.0,0.0,-0.19642857142857142,0.19642857142857142,100.0,100.0,-0.5892857142857143,0.5892857142857143,100.0,100.0,0.0,0.0,0,1,1,3,1.1013156554798968,-4.21081058001026
2018-02-27 22:00:00,27685,27738,27691,27682,27651,27671,27721,27760,2868,4781,1,1,6,-3,70,89,30,22,34,11,9,64,33,5.0,5.0,-7.333333333333333,7.333333333333333,5.666666666666667,5.666666666666667,-3.6666666666666665,3.6666666666666665,10.666666666666666,10.666666666666666,-11.0,11.0,-2.0,2.0,0,0,1,0,1.9404594581623391,-2.8515677540640754
2018-02-28 17:00:00,27467,27590,27529,27463,27333,27386,27588,27617,54541,45619,1,1,62,-4,255,231,59,27,134,77,66,193,104,0.9516129032258065,0.9516129032258065,-6.75,6.75,2.161290322580645,2.161290322580645,-19.25,19.25,3.1129032258064515,3.1129032258064515,-26.0,26.0,-15.5,15.5,0,0,1,0,4.208304343844426,0.043388494849283164
2018-02-28 20:00:00,27297,27400,27343,27296,27274,27230,27350,27414,5029,21463,1,1,46,-1,76,184,7,14,23,66,47,30,80,0.15217391304347827,0.15217391304347827,-14.0,14.0,0.5,0.5,-66.0,66.0,0.6521739130434783,0.6521739130434783,-80.0,80.0,-46.0,46.0,0,0,1,0,3.496644394578953,-0.6391006836363639
2018-03-02 11:00:00,27331,27531,27463,27328,27318,27241,27552,27640,49337,79942,1,1,132,-3,234,399,89,109,13,87,135,102,196,0.6742424242424242,0.6742424242424242,-36.333333333333336,36.333333333333336,0.09848484848484848,0.09848484848484848,-29.0,29.0,0.7727272727272727,0.7727272727272727,-65.33333333333333,65.33333333333333,-44.0,44.0,0,0,1,4,5.547181963486993,1.8906165199564542
2018-03-13 11:00:00,27023,27140,27105,27012,26950,26950,27155,27166,13801,4564,1,1,82,-11,205,216,50,26,73,62,93,123,88,0.6097560975609756,0.6097560975609756,-2.3636363636363638,2.3636363636363638,0.8902439024390244,0.8902439024390244,-5.636363636363637,5.636363636363637,1.5,1.5,-8.0,8.0,-7.454545454545454,7.454545454545454,0,0,1,0,3.2706010018458187,-1.6564304415272464
2018-03-14 16:00:00,26556,26631,26593,26552,26504,26500,26665,26724,10918,26689,1,1,37,-4,161,224,72,93,52,52,41,124,145,1.945945945945946,1.945945945945946,-23.25,23.25,1.4054054054054055,1.4054054054054055,-13.0,13.0,3.3513513513513513,3.3513513513513513,-36.25,36.25,-9.25,9.25,0,0,1,0,3.7367024331615437,-0.43638327527404236
2018-03-14 20:00:00,25920,26128,25983,25919,25858,25838,25997,26128,10401,14688,1,1,63,-1,139,290,14,0,62,81,64,76,81,0.2222222222222222,0.2222222222222222,-0.0,0.0,0.9841269841269841,0.9841269841269841,-81.0,81.0,1.2063492063492063,1.2063492063492063,-81.0,81.0,-63.0,63.0,0,0,1,0,3.9660866189440767,0.44541172021969133
2018-03-15 13:00:00,25991,26105,26014,25990,25937,25977,26034,26248,33039,56756,1,1,23,-1,97,271,20,143,54,13,24,74,156,0.8695652173913043,0.8695652173913043,-143.0,143.0,2.347826086956522,2.347826086956522,-13.0,13.0,3.217391304347826,3.217391304347826,-156.0,156.0,-23.0,23.0,0,0,1,4,5.163229912583995,2.6221931201923625
2018-03-19 13:00:00,25462,25728,25555,25457,25444,25355,25629,25734,35981,69582,1,1,93,-5,185,379,74,6,18,102,98,92,108,0.7956989247311828,0.7956989247311828,-1.2,1.2,0.1935483870967742,0.1935483870967742,-20.4,20.4,0.989247311827957,0.989247311827957,-21.6,21.6,-18.6,18.6,0,0,1,0,3.2463019756505442,-0.19247141849299265
2018-03-21 20:00:00,27010,27060,27025,27003,26989,27000,27059,27098,6734,9139,1,1,15,-7,70,98,34,38,21,3,22,55,41,2.2666666666666666,2.2666666666666666,-5.428571428571429,5.428571428571429,1.4,1.4,-0.42857142857142855,0.42857142857142855,3.6666666666666665,3.6666666666666665,-5.857142857142857,5.857142857142857,-2.142857142857143,2.142857142857143,0,0,1,0,1.6980805510631318,-3.091785001871709
2018-03-22 11:00:00,26886,27190,27071,26884,26700,26862,27086,27290,119042,131302,1,1,185,-2,386,428,15,100,186,22,187,201,122,0.08108108108108109,0.08108108108108109,-50.0,50.0,1.0054054054054054,1.0054054054054054,-11.0,11.0,1.0864864864864865,1.0864864864864865,-61.0,61.0,-92.5,92.5,0,0,1,4,6.235338808726962,3.6841225599235456
2018-03-22 15:00:00,26747,26805,26763,26745,26632,26741,26895,26948,58112,29791,1,1,16,-2,263,207,132,143,115,4,18,247,147,8.25,8.25,-71.5,71.5,7.1875,7.1875,-2.0,2.0,15.4375,15.4375,-73.5,73.5,-8.0,8.0,0,0,1,4,5.431804020629251,2.250152194025852
2018-04-03 11:00:00,24805,25044,24891,24803,24650,24738,24974,25250,83805,129355,1,1,86,-2,324,512,83,206,155,65,88,238,271,0.9651162790697675,0.9651162790697675,-103.0,103.0,1.802325581395349,1.802325581395349,-32.5,32.5,2.7674418604651163,2.7674418604651163,-135.5,135.5,-43.0,43.0,0,0,1,4,7.582815834597084,6.2136568204236085
2018-04-04 14:00:00,24975,25161,25140,24965,24966,24933,25169,25161,36726,53928,1,1,165,-10,203,228,29,0,9,32,175,38,32,0.17575757575757575,0.17575757575757575,-0.0,0.0,0.05454545454545454,0.05454545454545454,-3.2,3.2,0.23030303030303031,0.23030303030303031,-3.2,3.2,-16.5,16.5,0,0,1,0,2.0695648938807674,-1.5884365550764088
2018-04-05 21:00:00,26228,26275,26266,26227,26191,26192,26284,26298,4988,6078,1,1,38,-1,93,106,18,23,37,35,39,55,58,0.47368421052631576,0.47368421052631576,-23.0,23.0,0.9736842105263158,0.9736842105263158,-35.0,35.0,1.4473684210526316,1.4473684210526316,-58.0,58.0,-38.0,38.0,0,0,1,0,2.7450272225896537,-1.222441357847444
2018-04-09 13:00:00,22242,24266,22959,22241,22005,22108,23250,24286,196188,244137,1,1,717,-1,1245,2178,291,20,237,133,718,528,153,0.40585774058577406,0.40585774058577406,-20.0,20.0,0.3305439330543933,0.3305439330543933,-133.0,133.0,0.7364016736401674,0.7364016736401674,-153.0,153.0,-717.0,717.0,0,0,1,4,19.91352014389463,22.126618316855517
2018-04-10 20:00:00,21463,21600,21491,21460,21421,21400,21574,21744,4219,9225,1,1,28,-3,153,344,83,144,42,60,31,125,204,2.9642857142857144,2.9642857142857144,-48.0,48.0,1.5,1.5,-20.0,20.0,4.464285714285714,4.464285714285714,-68.0,68.0,-9.333333333333334,9.333333333333334,0,0,1,4,3.573394660212756,1.686594775220732
2018-04-12 20:00:00,21301,21416,21380,21300,21300,21172,21410,21480,5773,17937,1,1,79,-1,110,308,30,64,1,128,80,31,192,0.379746835443038,0.379746835443038,-64.0,64.0,0.012658227848101266,0.012658227848101266,-128.0,128.0,0.3924050632911392,0.3924050632911392,-192.0,192.0,-79.0,79.0,0,0,1,4,5.22030310313629,4.562071258360619
2018-04-16 18:00:00,19479,19710,19480,19477,19370,19440,19596,20005,75230,126795,1,1,1,-2,226,565,116,295,109,37,3,225,332,116.0,116.0,-147.5,147.5,109.0,109.0,-18.5,18.5,225.0,225.0,-166.0,166.0,-0.5,0.5,0,0,1,1,9.021810601430786,17.3074522653443
2018-04-18 18:00:00,21666,21913,21800,21662,21651,21632,21842,22015,42516,95956,1,1,134,-4,191,383,42,102,15,30,138,57,132,0.31343283582089554,0.31343283582089554,-25.5,25.5,0.11194029850746269,0.11194029850746269,-7.5,7.5,0.4253731343283582,0.4253731343283582,-33.0,33.0,-33.5,33.5,0,0,1,0,2.6903240298198363,1.1466602647135216
2018-04-18 21:00:00,21744,21927,21863,21742,21695,21670,21882,21989,13897,22152,1,1,119,-2,187,319,19,62,49,72,121,68,134,0.15966386554621848,0.15966386554621848,-31.0,31.0,0.4117647058823529,0.4117647058823529,-36.0,36.0,0.5714285714285714,0.5714285714285714,-67.0,67.0,-59.5,59.5,0,0,1,4,3.3614575923614414,1.4795733139155731
2018-04-20 17:00:00,21639,21724,21677,21638,21550,21582,21750,21810,31788,36996,1,1,38,-1,200,228,73,86,89,56,39,162,142,1.9210526315789473,1.9210526315789473,-86.0,86.0,2.3421052631578947,2.3421052631578947,-56.0,56.0,4.2631578947368425,4.2631578947368425,-142.0,142.0,-38.0,38.0,0,0,1,4,4.67823380749771,3.7906289422333064
2018-04-27 21:00:00,22678,22697,22687,22670,22642,22638,22695,22699,4611,3307,1,1,9,-8,53,61,8,2,36,32,17,44,34,0.8888888888888888,0.8888888888888888,-0.25,0.25,4.0,4.0,-4.0,4.0,4.888888888888889,4.888888888888889,-4.25,4.25,-1.125,1.125,0,0,1,0,0.33137939624683815,-2.6279155079249317
2018-04-30 11:00:00,22450,22716,22624,22447,22418,22391,22624,22795,24030,90203,1,1,174,-3,206,404,0,79,32,56,177,32,135,0.0,0.0,-26.333333333333332,26.333333333333332,0.1839080459770115,0.1839080459770115,-18.666666666666668,18.666666666666668,0.1839080459770115,0.1839080459770115,-45.0,45.0,-58.0,58.0,0,0,1,0,3.2891554798938354,1.3751328140943297
2018-04-30 20:00:00,22879,23038,22900,22871,22864,22820,22935,23038,2787,8758,1,1,21,-8,71,218,35,0,15,51,29,50,51,1.6666666666666667,1.6666666666666667,-0.0,0.0,0.7142857142857143,0.7142857142857143,-6.375,6.375,2.380952380952381,2.380952380952381,-6.375,6.375,-2.625,2.625,0,0,1,0,0.9074440371620802,-2.212215143398193
2018-05-04 20:00:00,23083,23129,23110,23080,23059,23035,23119,23175,2296,11336,1,1,27,-3,60,140,9,46,24,45,30,33,91,0.3333333333333333,0.3333333333333333,-15.333333333333334,15.333333333333334,0.8888888888888888,0.8888888888888888,-15.0,15.0,1.2222222222222223,1.2222222222222223,-30.333333333333332,30.333333333333332,-9.0,9.0,0,0,1,0,1.3501926022235962,-1.5728191123943671
2018-05-10 21:00:00,23562,23619,23615,23558,23536,23550,23615,23634,7926,9099,1,1,53,-4,79,84,0,15,26,8,57,26,23,0.0,0.0,-3.75,3.75,0.49056603773584906,0.49056603773584906,-2.0,2.0,0.49056603773584906,0.49056603773584906,-5.75,5.75,-13.25,13.25,0,0,1,0,0.6422331508799404,-2.720764292482693
2018-05-21 17:00:00,22692,22711,22701,22684,22667,22634,22767,22755,18542,23454,1,1,9,-8,100,121,66,44,25,50,17,91,94,7.333333333333333,7.333333333333333,-5.5,5.5,2.7777777777777777,2.7777777777777777,-6.25,6.25,10.11111111111111,10.11111111111111,-11.75,11.75,-1.125,1.125,0,0,1,0,1.4430087505933429,-1.0576677547514255
2018-05-22 12:00:00,22681,22839,22723,22678,22640,22615,22741,22846,16325,41099,1,1,42,-3,101,231,18,7,41,63,45,59,70,0.42857142857142855,0.42857142857142855,-2.3333333333333335,2.3333333333333335,0.9761904761904762,0.9761904761904762,-21.0,21.0,1.4047619047619047,1.4047619047619047,-23.333333333333332,23.333333333333332,-14.0,14.0,0,0,1,0,1.44816304651296,-1.0578244480233328
2018-05-23 14:00:00,22395,22456,22410,22388,22367,22357,22420,22470,7805,19251,1,1,15,-7,53,113,10,14,28,31,22,38,45,0.6666666666666666,0.6666666666666666,-2.0,2.0,1.8666666666666667,1.8666666666666667,-4.428571428571429,4.428571428571429,2.533333333333333,2.533333333333333,-6.428571428571429,6.428571428571429,-2.142857142857143,2.142857142857143,0,0,1,0,0.40055395097235424,-2.361646203683549
2018-05-24 16:00:00,22277,22313,22291,22271,22243,22236,22320,22354,20320,31784,1,1,14,-6,77,118,29,41,34,35,20,63,76,2.0714285714285716,2.0714285714285716,-6.833333333333333,6.833333333333333,2.4285714285714284,2.4285714285714284,-5.833333333333333,5.833333333333333,4.5,4.5,-12.666666666666666,12.666666666666666,-2.3333333333333335,2.3333333333333335,0,0,1,0,0.909988069872021,-1.4857866675466962
2018-05-25 19:00:00,22157,22224,22189,22150,22102,22150,22201,22250,5708,11102,1,1,32,-7,99,100,12,26,55,0,39,67,26,0.375,0.375,-3.7142857142857144,3.7142857142857144,1.71875,1.71875,-0.0,0.0,2.09375,2.09375,-3.7142857142857144,3.7142857142857144,-4.571428571428571,4.571428571428571,0,0,1,0,0.536752227541097,-2.2753556536605095
2018-06-01 14:00:00,22157,22198,22181,22155,22129,22118,22193,22221,17330,25182,1,1,24,-2,64,103,12,23,28,37,26,40,60,0.5,0.5,-11.5,11.5,1.1666666666666667,1.1666666666666667,-18.5,18.5,1.6666666666666667,1.6666666666666667,-30.0,30.0,-12.0,12.0,0,0,1,0,0.8723483750615053,-1.4083381626589415
2018-06-04 12:00:00,22212,22315,22273,22208,22212,22137,22309,22321,22653,39200,1,1,61,-4,97,184,36,6,0,71,65,36,77,0.5901639344262295,0.5901639344262295,-1.5,1.5,0.0,0.0,-17.75,17.75,0.5901639344262295,0.5901639344262295,-19.25,19.25,-15.25,15.25,0,0,1,0,1.1684447383706256,-1.1661189222931594
2018-06-04 20:00:00,22061,22089,22064,22056,22053,22034,22078,22089,1632,2677,1,1,3,-5,25,55,14,0,8,22,8,22,22,4.666666666666667,4.666666666666667,-0.0,0.0,2.6666666666666665,2.6666666666666665,-4.4,4.4,7.333333333333333,7.333333333333333,-4.4,4.4,-0.6,0.6,0,0,1,0,-0.13154250540361495,-2.7302354803389233
2018-06-06 16:00:00,21705,21840,21716,21704,21643,21702,21745,21862,28412,26240,1,1,11,-1,102,160,29,22,62,2,12,91,24,2.6363636363636362,2.6363636363636362,-22.0,22.0,5.636363636363637,5.636363636363637,-2.0,2.0,8.272727272727273,8.272727272727273,-24.0,24.0,-11.0,11.0,0,0,1,0,0.9446028537927929,-0.9117047878119657
2018-06-07 21:00:00,21606,21748,21702,21604,21605,21601,21721,21758,5786,11180,1,1,96,-2,116,157,19,10,1,3,98,20,13,0.19791666666666666,0.19791666666666666,-5.0,5.0,0.010416666666666666,0.010416666666666666,-1.5,1.5,0.20833333333333334,0.20833333333333334,-6.5,6.5,-48.0,48.0,0,0,1,0,0.6588088183461358,-1.826294979643891
2018-06-07 22:00:00,21705,21606,21680,21702,21673,21605,21716,21721,2898,5786,1,1,-25,-3,43,116,11,19,7,1,-22,18,20,-0.44,0.44,-6.333333333333333,6.333333333333333,-0.28,0.28,-0.3333333333333333,0.3333333333333333,-0.72,0.72,-6.666666666666667,6.666666666666667,8.333333333333334,8.333333333333334,0,0,1,0,-0.31333239071906804,-2.9092808893699424
2018-06-07 23:00:00,21681,21705,21695,21680,21673,21673,21695,21716,1515,2898,1,1,14,-1,22,43,0,11,8,7,15,8,18,0.0,0.0,-11.0,11.0,0.5714285714285714,0.5714285714285714,-7.0,7.0,0.5714285714285714,0.5714285714285714,-18.0,18.0,-14.0,14.0,0,0,1,0,-0.1367865542111408,-2.6037907475291764
2018-06-11 17:00:00,20430,20571,20442,20407,20410,20380,20490,20590,188,651,1,1,12,-23,80,210,48,19,20,27,35,68,46,4.0,4.0,-0.8260869565217391,0.8260869565217391,1.6666666666666667,1.6666666666666667,-1.173913043478261,1.173913043478261,5.666666666666667,5.666666666666667,-2.0,2.0,-0.5217391304347826,0.5217391304347826,0,0,1,0,0.4887811990377825,-1.8587907077418
2018-06-13 11:00:00,20466,20514,20508,20456,20330,20428,20554,20589,6254,1829,1,1,42,-10,224,161,46,75,136,28,52,182,103,1.0952380952380953,1.0952380952380953,-7.5,7.5,3.238095238095238,3.238095238095238,-2.8,2.8,4.333333333333333,4.333333333333333,-10.3,10.3,-4.2,4.2,0,0,1,0,1.9766643093863607,-0.12880002648313493
2018-06-19 14:00:00,19613,19637,19629,19600,19582,19542,19679,19646,3690,8126,1,1,16,-13,97,104,50,9,31,58,29,81,67,3.125,3.125,-0.6923076923076923,0.6923076923076923,1.9375,1.9375,-4.461538461538462,4.461538461538462,5.0625,5.0625,-5.153846153846154,5.153846153846154,-1.2307692307692308,1.2307692307692308,0,0,1,0,0.30875420163014594,-1.4089965380619855
2018-06-20 16:00:00,20470,20527,20511,20467,20460,20467,20590,20562,24079,10490,1,1,41,-3,130,95,79,35,10,0,44,89,35,1.9268292682926829,1.9268292682926829,-11.666666666666666,11.666666666666666,0.24390243902439024,0.24390243902439024,-0.0,0.0,2.1707317073170733,2.1707317073170733,-11.666666666666666,11.666666666666666,-13.666666666666666,13.666666666666666,0,0,1,0,0.5994265600259849,-1.2216989985081383
2018-06-21 23:00:00,20381,20481,20403,20380,20366,20371,20412,20494,1318,4742,1,1,22,-1,46,123,9,13,15,9,23,24,22,0.4090909090909091,0.4090909090909091,-13.0,13.0,0.6818181818181818,0.6818181818181818,-9.0,9.0,1.0909090909090908,1.0909090909090908,-22.0,22.0,-22.0,22.0,0,0,1,0,0.014848908940899429,-1.850446619078582
2018-06-22 15:00:00,20534,20666,20565,20533,20270,20528,20644,20703,125000,29071,1,1,31,-1,374,175,79,37,264,5,32,343,42,2.5483870967741935,2.5483870967741935,-37.0,37.0,8.516129032258064,8.516129032258064,-5.0,5.0,11.064516129032258,11.064516129032258,-42.0,42.0,-31.0,31.0,0,0,1,4,3.457591762145945,3.1212962002740388
2018-06-25 17:00:00,20653,20820,20656,20650,20630,20626,20724,20820,31870,41450,1,1,3,-3,94,194,68,0,23,24,6,91,24,22.666666666666668,22.666666666666668,-0.0,0.0,7.666666666666667,7.666666666666667,-8.0,8.0,30.333333333333332,30.333333333333332,-8.0,8.0,-1.0,1.0,0,0,1,0,0.6355744694382489,-0.1006578785982455
2018-06-25 20:00:00,20543,20630,20615,20532,20532,20449,20647,20658,6925,16904,1,1,72,-11,115,209,32,28,11,83,83,43,111,0.4444444444444444,0.4444444444444444,-2.5454545454545454,2.5454545454545454,0.1527777777777778,0.1527777777777778,-7.545454545454546,7.545454545454546,0.5972222222222222,0.5972222222222222,-10.090909090909092,10.090909090909092,-6.545454545454546,6.545454545454546,0,0,1,0,1.0440595051033879,-1.0703096044151483
2018-06-26 14:00:00,20365,20394,20388,20355,20356,20320,20455,20446,21090,29818,1,1,23,-10,99,126,67,52,9,35,33,76,87,2.9130434782608696,2.9130434782608696,-5.2,5.2,0.391304347826087,0.391304347826087,-3.5,3.5,3.3043478260869565,3.3043478260869565,-8.7,8.7,-2.3,2.3,0,0,1,0,0.683997378528839,-1.0638083854262161
2018-06-28 16:00:00,21153,21245,21214,21151,21124,21074,21304,21259,34759,41946,1,1,61,-2,180,185,90,14,29,77,63,119,91,1.4754098360655739,1.4754098360655739,-7.0,7.0,0.47540983606557374,0.47540983606557374,-38.5,38.5,1.9508196721311475,1.9508196721311475,-45.5,45.5,-30.5,30.5,0,0,1,0,2.2660319579108834,0.7886006599199006
2018-06-28 17:00:00,21218,21153,21155,21214,21155,21124,21338,21304,35298,34759,1,1,-63,-4,183,180,120,90,0,29,-59,120,119,-1.9047619047619047,1.9047619047619047,-22.5,22.5,-0.0,0.0,-7.25,7.25,-1.9047619047619047,1.9047619047619047,-29.75,29.75,15.75,15.75,0,0,1,0,1.5677694683149925,-0.20431461347882882
2018-06-28 18:00:00,21158,21218,21213,21155,21155,21155,21290,21338,18864,35298,1,1,55,-3,135,183,77,120,3,0,58,80,120,1.4,1.4,-40.0,40.0,0.05454545454545454,0.05454545454545454,-0.0,0.0,1.4545454545454546,1.4545454545454546,-40.0,40.0,-18.333333333333332,18.333333333333332,0,0,1,0,1.9927612671593498,0.19764291844532525
2018-07-04 13:00:00,22169,22191,22171,22168,22135,22125,22191,22218,11456,17054,1,1,2,-1,56,93,20,27,34,43,3,54,70,10.0,10.0,-27.0,27.0,17.0,17.0,-43.0,43.0,27.0,27.0,-70.0,70.0,-2.0,2.0,0,0,1,0,1.80905208587261,0.5788089407203
2018-07-05 13:00:00,22491,22520,22494,22490,22465,22456,22529,22549,13401,36638,1,1,3,-1,64,93,35,29,26,34,4,61,63,11.666666666666666,11.666666666666666,-29.0,29.0,8.666666666666666,8.666666666666666,-34.0,34.0,20.333333333333332,20.333333333333332,-63.0,63.0,-3.0,3.0,0,0,1,0,1.7137845064207373,0.2000718532046391
2018-07-09 16:00:00,23312,23399,23320,23309,23230,23258,23374,23437,30489,27361,1,1,8,-3,144,179,54,38,82,51,11,136,89,6.75,6.75,-12.666666666666666,12.666666666666666,10.25,10.25,-17.0,17.0,17.0,17.0,-29.666666666666668,29.666666666666668,-2.6666666666666665,2.6666666666666665,0,0,1,0,2.3471332036726666,0.14309362921463986
2018-07-12 17:00:00,22907,23093,22928,22904,22906,22821,23063,23097,33598,48857,1,1,21,-3,157,276,135,4,1,83,24,136,87,6.428571428571429,6.428571428571429,-1.3333333333333333,1.3333333333333333,0.047619047619047616,0.047619047619047616,-27.666666666666668,27.666666666666668,6.476190476190476,6.476190476190476,-29.0,29.0,-7.0,7.0,0,0,1,0,2.3928511811844637,0.15712266814612175
2018-07-17 12:00:00,22454,22605,22561,22451,22450,22350,22617,22665,33711,58672,1,1,107,-3,167,315,56,60,4,101,110,60,161,0.5233644859813084,0.5233644859813084,-20.0,20.0,0.037383177570093455,0.037383177570093455,-33.666666666666664,33.666666666666664,0.5607476635514018,0.5607476635514018,-53.666666666666664,53.666666666666664,-35.666666666666664,35.666666666666664,0,0,1,0,3.179217356108943,1.2597438024150915
2018-07-17 13:00:00,22561,22454,22449,22561,22351,22450,22602,22617,31687,33711,1,1,-112,0,251,167,41,56,98,4,-112,139,60,-0.36607142857142855,0.36607142857142855,100.0,100.0,-0.875,0.875,100.0,100.0,-1.2410714285714286,1.2410714285714286,100.0,100.0,0.0,0.0,0,1,1,3,0.7885862370873122,-2.03097317713606
2018-07-17 14:00:00,22450,22561,22468,22449,22374,22351,22529,22602,18803,31687,1,1,18,-1,155,251,61,41,76,98,19,137,139,3.388888888888889,3.388888888888889,-41.0,41.0,4.222222222222222,4.222222222222222,-98.0,98.0,7.611111111111111,7.611111111111111,-139.0,139.0,-18.0,18.0,0,0,1,4,4.410593638060248,3.1305686538369124
2018-07-17 18:00:00,22568,22677,22577,22564,22513,22521,22644,22735,23671,43796,1,1,9,-4,131,214,67,58,55,43,13,122,101,7.444444444444445,7.444444444444445,-14.5,14.5,6.111111111111111,6.111111111111111,-10.75,10.75,13.555555555555555,13.555555555555555,-25.25,25.25,-2.25,2.25,0,0,1,0,2.095268003870064,0.07886542751512642
2018-07-19 18:00:00,20989,21161,21046,20988,20960,20979,21129,21224,37926,52027,1,1,57,-1,169,245,83,63,29,9,58,112,72,1.456140350877193,1.456140350877193,-63.0,63.0,0.5087719298245614,0.5087719298245614,-9.0,9.0,1.9649122807017543,1.9649122807017543,-72.0,72.0,-57.0,57.0,0,0,1,0,2.7250808175604813,1.6363454783061302
2018-07-20 22:00:00,20733,20804,20797,20731,20727,20726,20815,20839,2513,3918,1,1,64,-2,88,113,18,35,6,5,66,24,40,0.28125,0.28125,-17.5,17.5,0.09375,0.09375,-2.5,2.5,0.375,0.375,-20.0,20.0,-32.0,32.0,0,0,1,0,0.5151305300118101,-1.5624896774603052
2018-07-23 13:00:00,21092,21260,21140,21089,21092,21050,21208,21261,26392,45277,1,1,48,-3,116,211,68,1,0,39,51,68,40,1.4166666666666667,1.4166666666666667,-0.3333333333333333,0.3333333333333333,0.0,0.0,-13.0,13.0,1.4166666666666667,1.4166666666666667,-13.333333333333334,13.333333333333334,-16.0,16.0,0,0,1,0,0.8179669273518279,-1.0140661681659127
2018-07-27 17:00:00,21100,21132,21111,21099,21055,21048,21165,21216,16548,30301,1,1,11,-1,110,168,54,84,45,51,12,99,135,4.909090909090909,4.909090909090909,-84.0,84.0,4.090909090909091,4.090909090909091,-51.0,51.0,9.0,9.0,-135.0,135.0,-11.0,11.0,0,0,1,4,3.462407899514341,2.717358829624072
2018-07-30 13:00:00,21318,21343,21328,21317,21269,21188,21363,21365,17347,45811,1,1,10,-1,94,177,35,22,49,129,11,84,151,3.5,3.5,-22.0,22.0,4.9,4.9,-129.0,129.0,8.4,8.4,-151.0,151.0,-10.0,10.0,0,0,1,4,3.693455830474058,3.145462121867543
2018-07-31 21:00:00,21605,21679,21634,21602,21581,21600,21646,21680,5500,5540,1,1,29,-3,65,80,12,1,24,2,32,36,3,0.41379310344827586,0.41379310344827586,-0.3333333333333333,0.3333333333333333,0.8275862068965517,0.8275862068965517,-0.6666666666666666,0.6666666666666666,1.2413793103448276,1.2413793103448276,-1.0,1.0,-9.666666666666666,9.666666666666666,0,0,1,0,-0.1376376533419498,-2.713220485487012
2018-08-01 17:00:00,21322,21364,21350,21319,21316,21282,21439,21380,35737,27125,1,1,28,-3,123,98,89,16,6,37,31,95,53,3.1785714285714284,3.1785714285714284,-5.333333333333333,5.333333333333333,0.21428571428571427,0.21428571428571427,-12.333333333333334,12.333333333333334,3.392857142857143,3.392857142857143,-17.666666666666668,17.666666666666668,-9.333333333333334,9.333333333333334,0,0,1,0,0.9556365509925049,-0.9035544860992984
2018-08-02 13:00:00,21052,21125,21111,21050,21012,21004,21186,21165,30662,38004,1,1,59,-2,174,161,75,40,40,46,61,115,86,1.271186440677966,1.271186440677966,-20.0,20.0,0.6779661016949152,0.6779661016949152,-23.0,23.0,1.9491525423728813,1.9491525423728813,-43.0,43.0,-29.5,29.5,0,0,1,0,2.085358232566543,0.5539751958726571
2018-08-02 18:00:00,20761,20951,20836,20758,20729,20722,20870,21061,52928,98167,1,1,75,-3,141,339,34,110,32,36,78,66,146,0.4533333333333333,0.4533333333333333,-36.666666666666664,36.666666666666664,0.4266666666666667,0.4266666666666667,-12.0,12.0,0.88,0.88,-48.666666666666664,48.666666666666664,-25.0,25.0,0,0,1,0,2.3704849953775926,1.5139910326245583
2018-08-03 11:00:00,20486,20856,20613,20485,20427,20405,20708,20862,97868,174832,1,1,127,-1,281,457,95,6,59,80,128,154,86,0.7480314960629921,0.7480314960629921,-6.0,6.0,0.4645669291338583,0.4645669291338583,-80.0,80.0,1.2125984251968505,1.2125984251968505,-86.0,86.0,-127.0,127.0,0,0,1,4,4.344651639192482,4.990920310321585
2018-08-06 21:00:00,20608,20638,20620,20605,20587,20570,20640,20670,4439,4890,1,1,12,-3,53,100,20,32,21,35,15,41,67,1.6666666666666667,1.6666666666666667,-10.666666666666666,10.666666666666666,1.75,1.75,-11.666666666666666,11.666666666666666,3.4166666666666665,3.4166666666666665,-22.333333333333332,22.333333333333332,-4.0,4.0,0,0,1,0,0.35432222301516697,-1.542993599037463
2018-08-09 20:00:00,19713,19735,19726,19711,19675,19651,19776,19750,8175,14132,1,1,13,-2,101,99,50,15,38,60,15,88,75,3.8461538461538463,3.8461538461538463,-7.5,7.5,2.923076923076923,2.923076923076923,-30.0,30.0,6.769230769230769,6.769230769230769,-37.5,37.5,-6.5,6.5,0,0,1,0,0.8845822156381136,-0.2946736993108504
2018-08-10 21:00:00,18591,18634,18614,18590,18581,18559,18646,18661,3724,8362,1,1,23,-1,65,102,32,27,10,31,24,42,58,1.391304347826087,1.391304347826087,-27.0,27.0,0.43478260869565216,0.43478260869565216,-31.0,31.0,1.826086956521739,1.826086956521739,-58.0,58.0,-23.0,23.0,0,0,1,0,0.5460022855785487,-0.19561863940991267
2018-08-13 13:00:00,18977,19133,19050,18976,18888,18957,19145,19218,50409,94955,1,1,73,-1,257,261,95,85,89,19,74,184,104,1.3013698630136987,1.3013698630136987,-85.0,85.0,1.2191780821917808,1.2191780821917808,-19.0,19.0,2.5205479452054793,2.5205479452054793,-104.0,104.0,-73.0,73.0,0,0,1,4,3.7769292332121776,4.202910340752161
2018-08-13 20:00:00,18922,19169,19096,18912,18903,18825,19133,19219,13972,35643,1,1,174,-10,230,394,37,50,19,87,184,56,137,0.21264367816091953,0.21264367816091953,-5.0,5.0,0.10919540229885058,0.10919540229885058,-8.7,8.7,0.3218390804597701,0.3218390804597701,-13.7,13.7,-17.4,17.4,0,0,1,0,1.9648543159567302,0.6584001873106239
2018-08-20 13:00:00,19306,19350,19324,19303,19266,19256,19363,19363,21371,26083,1,1,18,-3,97,107,39,13,40,47,21,79,60,2.1666666666666665,2.1666666666666665,-4.333333333333333,4.333333333333333,2.2222222222222223,2.2222222222222223,-15.666666666666666,15.666666666666666,4.388888888888889,4.388888888888889,-20.0,20.0,-6.0,6.0,0,0,1,0,0.31361897641870434,-0.7455402855328077
2018-08-27 22:00:00,18299,18346,18339,18298,18295,18250,18350,18370,4392,10836,1,1,40,-1,55,120,11,24,4,48,41,15,72,0.275,0.275,-24.0,24.0,0.1,0.1,-48.0,48.0,0.375,0.375,-72.0,72.0,-40.0,40.0,0,0,1,0,0.768968691508742,0.28892515972814553
2018-09-04 23:00:00,17953,18002,17992,17950,17950,17944,17992,18014,2562,3801,1,1,39,-3,42,70,0,12,3,6,42,3,18,0.0,0.0,-4.0,4.0,0.07692307692307693,0.07692307692307693,-2.0,2.0,0.07692307692307693,0.07692307692307693,-6.0,6.0,-13.0,13.0,0,0,1,2,-1.100586421858763,-2.1439399325353223
2018-09-05 17:00:00,18041,18087,18044,18038,18017,18020,18103,18150,32271,43100,1,1,3,-3,86,130,59,63,24,18,6,83,81,19.666666666666668,19.666666666666668,-21.0,21.0,8.0,8.0,-6.0,6.0,27.666666666666668,27.666666666666668,-27.0,27.0,-1.0,1.0,0,0,1,0,0.48223481240381355,0.9526941518838198
2018-09-07 13:00:00,17536,17618,17555,17534,17460,17507,17589,17655,50536,48943,1,1,19,-2,129,148,34,37,76,27,21,110,64,1.7894736842105263,1.7894736842105263,-18.5,18.5,4.0,4.0,-13.5,13.5,5.7894736842105265,5.7894736842105265,-32.0,32.0,-9.5,9.5,0,0,1,0,0.42225480864049947,0.6474823309826865
2018-09-10 12:00:00,17534,17690,17557,17533,17499,17202,17570,17712,951,3421,1,1,23,-1,71,510,13,22,35,331,24,48,353,0.5652173913043478,0.5652173913043478,-22.0,22.0,1.5217391304347827,1.5217391304347827,-331.0,331.0,2.0869565217391304,2.0869565217391304,-353.0,353.0,-23.0,23.0,0,0,1,4,7.702746917732918,9.879966392894548
2018-09-10 23:00:00,17450,17478,17460,17428,17446,17422,17462,17488,87,137,1,1,10,-22,16,66,2,10,4,6,32,6,16,0.2,0.2,-0.45454545454545453,0.45454545454545453,0.4,0.4,-0.2727272727272727,0.2727272727272727,0.6,0.6,-0.7272727272727273,0.7272727272727273,-0.45454545454545453,0.45454545454545453,0,0,1,2,-1.361122248112443,-2.571187685987485
2018-09-11 13:00:00,17280,17562,17290,17277,17219,17200,17358,17564,1325,2879,1,1,10,-3,139,364,68,2,61,77,13,129,79,6.8,6.8,-0.6666666666666666,0.6666666666666666,6.1,6.1,-25.666666666666668,25.666666666666668,12.9,12.9,-26.333333333333332,26.333333333333332,-3.3333333333333335,3.3333333333333335,0,0,1,0,0.9758613022529006,0.7343816345553735
2018-09-11 20:00:00,17276,17284,17281,17274,17202,17237,17333,17300,568,1424,1,1,5,-2,131,63,52,16,74,37,7,126,53,10.4,10.4,-8.0,8.0,14.8,14.8,-18.5,18.5,25.2,25.2,-26.5,26.5,-2.5,2.5,0,0,1,0,0.3876610552228895,0.5833926086182605
2018-09-12 20:00:00,17700,17766,17730,17682,17675,17650,17741,17797,608,1511,1,1,30,-18,66,147,11,31,25,32,48,36,63,0.36666666666666664,0.36666666666666664,-1.7222222222222223,1.7222222222222223,0.8333333333333334,0.8333333333333334,-1.7777777777777777,1.7777777777777777,1.2,1.2,-3.5,3.5,-1.6666666666666667,1.6666666666666667,0,0,1,0,-0.4481142490443135,-1.6583246870859238
2018-09-13 16:00:00,18980,19038,19035,18978,18951,18932,19251,19060,9161,3814,1,1,55,-2,300,128,216,22,29,46,57,245,68,3.9272727272727272,3.9272727272727272,-11.0,11.0,0.5272727272727272,0.5272727272727272,-23.0,23.0,4.454545454545454,4.454545454545454,-34.0,34.0,-27.5,27.5,0,0,1,0,2.516479380655007,1.388291093209711
2018-09-14 12:00:00,18728,19055,18762,18725,18620,18694,18916,19058,9057,14885,1,1,34,-3,296,364,154,3,108,31,37,262,34,4.529411764705882,4.529411764705882,-1.0,1.0,3.176470588235294,3.176470588235294,-10.333333333333334,10.333333333333334,7.705882352941177,7.705882352941177,-11.333333333333334,11.333333333333334,-11.333333333333334,11.333333333333334,0,0,1,0,2.142170784225358,1.0329630944158334
2018-09-14 20:00:00,19160,19295,19248,19147,19153,19090,19252,19378,1634,2834,1,1,88,-13,99,288,4,83,7,57,101,11,140,0.045454545454545456,0.045454545454545456,-6.384615384615385,6.384615384615385,0.07954545454545454,0.07954545454545454,-4.384615384615385,4.384615384615385,0.125,0.125,-10.76923076923077,10.76923076923077,-6.769230769230769,6.769230769230769,0,0,1,0,0.8972380635346344,-0.8326687658036765
2018-09-17 23:00:00,19158,19182,19160,19152,19140,19147,19168,19188,594,467,1,1,2,-6,28,41,8,6,18,5,8,26,11,4.0,4.0,-1.0,1.0,9.0,9.0,-0.8333333333333334,0.8333333333333334,13.0,13.0,-1.8333333333333333,1.8333333333333333,-0.3333333333333333,0.3333333333333333,0,0,1,0,-0.8798247386144595,-2.1302177548706993
2018-09-18 17:00:00,19583,19628,19617,19577,19522,19485,19617,19633,5972,19937,1,1,34,-6,95,148,0,5,61,92,40,61,97,0.0,0.0,-0.8333333333333334,0.8333333333333334,1.7941176470588236,1.7941176470588236,-15.333333333333334,15.333333333333334,1.7941176470588236,1.7941176470588236,-16.166666666666668,16.166666666666668,-5.666666666666667,5.666666666666667,0,0,1,0,0.5459242987524432,-0.934327557023103
2018-09-18 23:00:00,19567,19571,19570,19561,19553,19553,19590,19577,881,801,1,1,3,-6,37,24,20,6,14,8,9,34,14,6.666666666666667,6.666666666666667,-1.0,1.0,4.666666666666667,4.666666666666667,-1.3333333333333333,1.3333333333333333,11.333333333333334,11.333333333333334,-2.3333333333333335,2.3333333333333335,-0.5,0.5,0,0,1,0,-0.7192318739236566,-2.1926179805884325
2018-09-28 11:00:00,20575,20897,20840,20574,20538,20564,20849,20946,87194,221469,1,1,265,-1,311,382,9,49,37,10,266,46,59,0.033962264150943396,0.033962264150943396,-49.0,49.0,0.13962264150943396,0.13962264150943396,-10.0,10.0,0.17358490566037735,0.17358490566037735,-59.0,59.0,-265.0,265.0,0,0,1,4,4.383141266569556,5.18534075956093
2018-10-01 16:00:00,20564,20743,20602,20563,20520,20563,20674,20753,58575,43608,1,1,38,-1,154,190,72,10,44,0,39,116,10,1.894736842105263,1.894736842105263,-10.0,10.0,1.1578947368421053,1.1578947368421053,-0.0,0.0,3.0526315789473686,3.0526315789473686,-10.0,10.0,-38.0,38.0,0,0,1,0,0.8712307257382018,-0.39383747370970096
2018-10-03 17:00:00,20147,20338,20156,20145,20089,20030,20288,20380,91208,95061,1,1,9,-2,199,350,132,42,58,115,11,190,157,14.666666666666666,14.666666666666666,-21.0,21.0,6.444444444444445,6.444444444444445,-57.5,57.5,21.11111111111111,21.11111111111111,-78.5,78.5,-4.5,4.5,0,0,1,4,3.5288108675966763,4.155941890673326
2018-10-04 16:00:00,19394,19724,19429,19391,19374,19384,19550,19752,73407,130777,1,1,35,-3,176,368,121,28,20,7,38,141,35,3.4571428571428573,3.4571428571428573,-9.333333333333334,9.333333333333334,0.5714285714285714,0.5714285714285714,-2.3333333333333335,2.3333333333333335,4.0285714285714285,4.0285714285714285,-11.666666666666666,11.666666666666666,-11.666666666666666,11.666666666666666,0,0,1,0,1.0902285568186232,0.9241575888992005
2018-10-12 14:00:00,19178,19253,19209,19177,19093,19056,19239,19253,48911,62303,1,1,31,-1,146,197,30,0,85,121,32,115,121,0.967741935483871,0.967741935483871,-0.0,0.0,2.7419354838709675,2.7419354838709675,-121.0,121.0,3.7096774193548385,3.7096774193548385,-121.0,121.0,-31.0,31.0,0,0,1,4,2.9250005803052015,3.2868642496370706
2018-10-15 11:00:00,19415,19674,19479,19414,19378,19391,19521,19674,49483,142607,1,1,64,-1,143,283,42,0,37,23,65,79,23,0.65625,0.65625,-0.0,0.0,0.578125,0.578125,-23.0,23.0,1.234375,1.234375,-23.0,23.0,-64.0,64.0,0,0,1,0,0.9415167178473091,0.8357846740874839
2018-10-17 18:00:00,19607,19700,19694,19606,19567,19565,19746,19796,55293,97946,1,1,87,-1,179,231,52,96,40,41,88,92,137,0.5977011494252874,0.5977011494252874,-96.0,96.0,0.45977011494252873,0.45977011494252873,-41.0,41.0,1.0574712643678161,1.0574712643678161,-137.0,137.0,-87.0,87.0,0,0,1,4,3.9697858256483265,4.49220115068779
2018-10-17 19:00:00,19717,19607,19667,19694,19632,19567,19797,19746,21191,55293,1,1,-50,-23,165,179,80,52,35,40,-27,115,92,-1.6,1.6,-2.260869565217391,2.260869565217391,-0.7,0.7,-1.7391304347826086,1.7391304347826086,-2.3,2.3,-4.0,4.0,2.1739130434782608,2.1739130434782608,0,0,1,0,0.7151969269452696,-0.9033801823290967
2018-10-17 20:00:00,19671,19717,19673,19667,19634,19632,19705,19797,6489,21191,1,1,2,-4,71,165,32,80,37,35,6,69,115,16.0,16.0,-20.0,20.0,18.5,18.5,-8.75,8.75,34.5,34.5,-28.75,28.75,-0.5,0.5,0,0,1,0,1.1995975457518409,0.8669730543938515
2018-10-22 10:00:00,18662,18685,18675,18653,18622,18641,18809,18699,125752,6465,1,1,13,-9,187,58,134,14,40,12,22,174,26,10.307692307692308,10.307692307692308,-1.5555555555555556,1.5555555555555556,3.076923076923077,3.076923076923077,-1.3333333333333333,1.3333333333333333,13.384615384615385,13.384615384615385,-2.888888888888889,2.888888888888889,-1.4444444444444444,1.4444444444444444,0,0,1,0,0.46344053832767884,0.4326359764845508
2018-10-26 14:00:00,18173,18301,18230,18172,18169,18130,18338,18343,75245,114470,1,1,57,-1,169,213,108,42,4,42,58,112,84,1.894736842105263,1.894736842105263,-42.0,42.0,0.07017543859649122,0.07017543859649122,-42.0,42.0,1.9649122807017543,1.9649122807017543,-84.0,84.0,-57.0,57.0,0,0,1,4,2.1667140870606887,3.1242571601773292
2018-10-29 20:00:00,18586,18772,18623,18582,18583,18460,18649,18772,11679,36819,1,1,37,-4,66,312,26,0,3,122,41,29,122,0.7027027027027027,0.7027027027027027,-0.0,0.0,0.08108108108108109,0.08108108108108109,-30.5,30.5,0.7837837837837838,0.7837837837837838,-30.5,30.5,-9.25,9.25,0,0,1,0,0.6993412849860245,-0.08083310567314904
2018-10-29 23:00:00,18470,18535,18520,18468,18456,18394,18541,18551,9331,26053,1,1,50,-2,85,157,21,16,14,74,52,35,90,0.42,0.42,-8.0,8.0,0.28,0.28,-37.0,37.0,0.7,0.7,-45.0,45.0,-25.0,25.0,0,0,1,0,0.6803881163397948,0.0150848323971705
2018-11-07 16:00:00,20054,20247,20140,20051,20024,20004,20168,20342,61524,104164,1,1,86,-3,144,338,28,95,30,47,89,58,142,0.32558139534883723,0.32558139534883723,-31.666666666666668,31.666666666666668,0.3488372093023256,0.3488372093023256,-15.666666666666666,15.666666666666666,0.6744186046511628,0.6744186046511628,-47.333333333333336,47.333333333333336,-28.666666666666668,28.666666666666668,0,0,1,0,2.136757536897304,1.6870078227020626
2018-11-09 10:00:00,20125,20250,20245,20085,20124,20085,20311,20267,113385,23369,1,1,120,-40,187,182,66,17,1,0,160,67,17,0.55,0.55,-0.425,0.425,0.008333333333333333,0.008333333333333333,-0.0,0.0,0.5583333333333333,0.5583333333333333,-0.425,0.425,-3.0,3.0,0,0,1,0,0.8088359791867082,-0.8488914771447237
2018-11-09 22:00:00,19903,19909,19906,19902,19881,19875,19937,19929,5233,3987,1,1,3,-1,56,54,31,20,22,27,4,53,47,10.333333333333334,10.333333333333334,-20.0,20.0,7.333333333333333,7.333333333333333,-27.0,27.0,17.666666666666668,17.666666666666668,-47.0,47.0,-3.0,3.0,0,0,1,0,0.5641545880638601,-0.34580341613695775
2018-11-12 20:00:00,19808,19852,19826,19803,19803,19711,19853,19891,6756,24934,1,1,18,-5,50,180,27,39,5,92,23,32,131,1.5,1.5,-7.8,7.8,0.2777777777777778,0.2777777777777778,-18.4,18.4,1.7777777777777777,1.7777777777777777,-26.2,26.2,-3.6,3.6,0,0,1,0,0.7063293641337512,-0.7221728280625814
2018-11-13 19:00:00,19866,20032,20020,19800,19767,19761,20085,20050,39583,87970,1,1,154,-66,318,289,65,18,99,39,220,164,57,0.42207792207792205,0.42207792207792205,-0.2727272727272727,0.2727272727272727,0.6428571428571429,0.6428571428571429,-0.5909090909090909,0.5909090909090909,1.0649350649350648,1.0649350649350648,-0.8636363636363636,0.8636363636363636,-2.3333333333333335,2.3333333333333335,0,0,1,0,2.525399392800659,0.31046615272694206
2018-11-14 12:00:00,19510,19883,19740,19506,19472,19500,19836,19884,157607,124879,1,1,230,-4,364,384,96,1,38,6,234,134,7,0.41739130434782606,0.41739130434782606,-0.25,0.25,0.16521739130434782,0.16521739130434782,-1.5,1.5,0.5826086956521739,0.5826086956521739,-1.75,1.75,-57.5,57.5,0,0,1,0,2.0845628461630903,2.290698056323058
2018-11-15 17:00:00,20193,20227,20213,20188,20117,20165,20255,20297,54951,51778,1,1,20,-5,138,132,42,70,76,23,25,118,93,2.1,2.1,-14.0,14.0,3.8,3.8,-4.6,4.6,5.9,5.9,-18.6,18.6,-4.0,4.0,0,0,1,0,1.1175956829607259,0.11332400786587739
2018-11-20 12:00:00,19647,19769,19701,19645,19626,19622,19769,19789,35341,89522,1,1,54,-2,143,167,68,20,21,23,56,89,43,1.2592592592592593,1.2592592592592593,-10.0,10.0,0.3888888888888889,0.3888888888888889,-11.5,11.5,1.6481481481481481,1.6481481481481481,-21.5,21.5,-27.0,27.0,0,0,1,0,0.7891098988876589,0.03366496172804418
2018-11-22 12:00:00,19765,19890,19853,19763,19761,19703,19899,19906,47776,74514,1,1,88,-2,138,203,46,16,4,60,90,50,76,0.5227272727272727,0.5227272727272727,-8.0,8.0,0.045454545454545456,0.045454545454545456,-30.0,30.0,0.5681818181818182,0.5681818181818182,-38.0,38.0,-44.0,44.0,0,0,1,0,1.3069360641722192,0.6629851596514574
2018-11-23 14:00:00,19727,19872,19753,19725,19682,19706,19794,19904,51012,64937,1,1,26,-2,112,198,41,32,45,19,28,86,51,1.5769230769230769,1.5769230769230769,-16.0,16.0,1.7307692307692308,1.7307692307692308,-9.5,9.5,3.3076923076923075,3.3076923076923075,-25.5,25.5,-13.0,13.0,0,0,1,0,0.6869375362185897,-0.04958123543548407
2018-11-26 12:00:00,19374,19460,19403,19366,19322,19320,19512,19545,60861,108264,1,1,29,-8,190,225,109,85,52,46,37,161,131,3.7586206896551726,3.7586206896551726,-10.625,10.625,1.793103448275862,1.793103448275862,-5.75,5.75,5.551724137931035,5.551724137931035,-16.375,16.375,-3.625,3.625,0,0,1,0,1.740281322770894,1.3922327677131836
2018-11-26 13:00:00,19403,19374,19253,19403,19181,19322,19412,19512,89357,60861,1,1,-150,0,231,190,9,109,72,52,-150,81,161,-0.06,0.06,100.0,100.0,-0.48,0.48,100.0,100.0,-0.54,0.54,100.0,100.0,0.0,0.0,0,1,1,3,0.032043414514652285,-0.6855581302014093
2018-11-26 14:00:00,19255,19403,19266,19253,19230,19181,19351,19412,46248,89357,1,1,11,-2,121,231,85,9,25,72,13,110,81,7.7272727272727275,7.7272727272727275,-4.5,4.5,2.272727272727273,2.272727272727273,-36.0,36.0,10.0,10.0,-40.5,40.5,-5.5,5.5,0,0,1,0,1.2103050866326275,1.1422311731532937
2018-11-26 23:00:00,19040,19085,19048,19036,19013,19013,19064,19089,3970,7036,1,1,8,-4,51,76,16,4,27,23,12,43,27,2.0,2.0,-1.0,1.0,3.375,3.375,-5.75,5.75,5.375,5.375,-6.75,6.75,-2.0,2.0,0,0,1,0,-0.5938165448847402,-1.9033153574370365
2018-11-28 17:00:00,19154,19280,19205,19152,19141,19093,19278,19300,40888,54672,1,1,51,-2,137,207,73,20,13,59,53,86,79,1.4313725490196079,1.4313725490196079,-10.0,10.0,0.2549019607843137,0.2549019607843137,-29.5,29.5,1.6862745098039216,1.6862745098039216,-39.5,39.5,-25.5,25.5,0,0,1,0,1.2223847265742405,0.664361799155071
2018-11-30 23:00:00,19609,19641,19631,19602,19603,19601,19658,19645,5605,3808,1,1,22,-7,55,44,27,4,6,1,29,33,5,1.2272727272727273,1.2272727272727273,-0.5714285714285714,0.5714285714285714,0.2727272727272727,0.2727272727272727,-0.14285714285714285,0.14285714285714285,1.5,1.5,-0.7142857142857143,0.7142857142857143,-3.142857142857143,3.142857142857143,0,0,1,0,-0.7403173904132142,-2.5451839786466754
2018-12-04 11:00:00,19977,20123,20058,19975,19976,19954,20145,20170,69589,94217,1,1,81,-2,169,216,87,47,1,21,83,88,68,1.0740740740740742,1.0740740740740742,-23.5,23.5,0.012345679012345678,0.012345679012345678,-10.5,10.5,1.0864197530864197,1.0864197530864197,-34.0,34.0,-40.5,40.5,0,0,1,0,1.545541409016781,1.056026974116602
2018-12-05 12:00:00,19568,19614,19589,19567,19554,19475,19630,19615,25503,85115,1,1,21,-1,76,140,41,1,14,92,22,55,93,1.9523809523809523,1.9523809523809523,-1.0,1.0,0.6666666666666666,0.6666666666666666,-92.0,92.0,2.619047619047619,2.619047619047619,-93.0,93.0,-21.0,21.0,0,0,1,0,1.6603884869110248,1.531763436243046
2018-12-07 15:00:00,19279,19357,19306,19276,19274,19272,19414,19359,42693,30069,1,1,27,-3,140,87,108,2,5,4,30,113,6,4.0,4.0,-0.6666666666666666,0.6666666666666666,0.18518518518518517,0.18518518518518517,-1.3333333333333333,1.3333333333333333,4.185185185185185,4.185185185185185,-2.0,2.0,-9.0,9.0,0,0,1,0,0.026011329418133985,-1.0271668104669498
2018-12-10 20:00:00,19511,19605,19590,19480,19506,19433,19604,19631,45,989,1,1,79,-31,98,198,14,26,5,47,110,19,73,0.17721518987341772,0.17721518987341772,-0.8387096774193549,0.8387096774193549,0.06329113924050633,0.06329113924050633,-1.5161290322580645,1.5161290322580645,0.24050632911392406,0.24050632911392406,-2.3548387096774195,2.3548387096774195,-2.5483870967741935,2.5483870967741935,0,0,1,0,0.41600845911384465,-1.8532997703137881
2018-12-12 23:00:00,19337,19401,19380,19334,19333,19305,19380,19410,106,1747,1,1,43,-3,47,105,0,9,4,29,46,4,38,0.0,0.0,-3.0,3.0,0.09302325581395349,0.09302325581395349,-9.666666666666666,9.666666666666666,0.09302325581395349,0.09302325581395349,-12.666666666666666,12.666666666666666,-14.333333333333334,14.333333333333334,0,0,1,0,-0.4171579216156846,-2.0150435830059084
2018-12-14 13:00:00,18911,18930,18912,18906,18844,18892,18975,19015,4280,10443,1,1,1,-5,131,123,63,85,67,14,6,130,99,63.0,63.0,-17.0,17.0,67.0,67.0,-2.8,2.8,130.0,130.0,-19.8,19.8,-0.2,0.2,0,0,1,1,2.386031432221193,5.302603694330753
2018-12-14 20:00:00,18708,18826,18750,18665,18672,18665,18785,18826,530,2473,1,1,42,-43,113,161,35,0,36,0,85,71,0,0.8333333333333334,0.8333333333333334,-0.0,0.0,0.8571428571428571,0.8571428571428571,-0.0,0.0,1.6904761904761905,1.6904761904761905,-0.0,0.0,-0.9767441860465116,0.9767441860465116,0,0,1,0,-0.0004749163117504923,-2.115395721376558
2018-12-17 15:00:00,18990,19039,19004,18981,18930,18950,19042,19054,4195,5660,1,1,14,-9,112,104,38,15,60,31,23,98,46,2.7142857142857144,2.7142857142857144,-1.6666666666666667,1.6666666666666667,4.285714285714286,4.285714285714286,-3.4444444444444446,3.4444444444444446,7.0,7.0,-5.111111111111111,5.111111111111111,-1.5555555555555556,1.5555555555555556,0,0,1,0,0.13423003646692733,-1.2266463614619267
2018-12-20 22:00:00,19181,19301,19194,19178,19124,19161,19240,19306,15237,12629,1,1,13,-3,116,145,46,5,57,17,16,103,22,3.5384615384615383,3.5384615384615383,-1.6666666666666667,1.6666666666666667,4.384615384615385,4.384615384615385,-5.666666666666667,5.666666666666667,7.923076923076923,7.923076923076923,-7.333333333333333,7.333333333333333,-4.333333333333333,4.333333333333333,0,0,1,0,0.12160588429175917,-1.054020485434421
2018-12-21 12:00:00,19000,19294,19019,18999,18966,18985,19088,19295,42909,103018,1,1,19,-1,122,310,69,1,34,14,20,103,15,3.6315789473684212,3.6315789473684212,-1.0,1.0,1.7894736842105263,1.7894736842105263,-14.0,14.0,5.421052631578948,5.421052631578948,-15.0,15.0,-19.0,19.0,0,0,1,0,0.4379236564191926,0.1681070140466318
2018-12-21 17:00:00,19021,19071,19024,19019,18931,18993,19124,19103,59053,30634,1,1,3,-2,193,110,100,32,90,26,5,190,58,33.333333333333336,33.333333333333336,-16.0,16.0,30.0,30.0,-13.0,13.0,63.333333333333336,63.333333333333336,-29.0,29.0,-1.5,1.5,0,0,1,1,1.9070261247123683,3.280544338533595
2018-12-24 10:00:00,18954,19010,18965,18925,18949,18917,19096,19027,42004,7805,1,1,11,-29,147,110,131,17,5,8,40,136,25,11.909090909090908,11.909090909090908,-0.5862068965517241,0.5862068965517241,0.45454545454545453,0.45454545454545453,-0.27586206896551724,0.27586206896551724,12.363636363636363,12.363636363636363,-0.8620689655172413,0.8620689655172413,-0.3793103448275862,0.3793103448275862,0,0,1,0,0.5273590782173029,-0.7169096155660146
2018-12-24 16:00:00,18748,18880,18763,18745,18733,18708,18825,18908,17986,42598,1,1,15,-3,92,200,62,28,15,37,18,77,65,4.133333333333334,4.133333333333334,-9.333333333333334,9.333333333333334,1.0,1.0,-12.333333333333334,12.333333333333334,5.133333333333334,5.133333333333334,-21.666666666666668,21.666666666666668,-5.0,5.0,0,0,1,0,0.37528713554429893,-0.36110610708846497
2018-12-25 11:00:00,18438,18580,18485,18433,18366,18260,18540,18672,41033,122199,1,1,47,-5,174,412,55,92,72,173,52,127,265,1.1702127659574468,1.1702127659574468,-18.4,18.4,1.5319148936170213,1.5319148936170213,-34.6,34.6,2.702127659574468,2.702127659574468,-53.0,53.0,-9.4,9.4,0,0,1,4,3.0243174436012694,3.340229309931003
2018-12-27 13:00:00,18829,18939,18858,18828,18815,18812,18945,18958,37097,44399,1,1,29,-1,130,146,87,19,14,16,30,101,35,3.0,3.0,-19.0,19.0,0.4827586206896552,0.4827586206896552,-16.0,16.0,3.4827586206896552,3.4827586206896552,-35.0,35.0,-29.0,29.0,0,0,1,0,0.7360555911558252,0.24499210847776795
2019-01-03 13:00:00,19268,19356,19286,19266,19223,19226,19305,19420,16916,34075,1,1,18,-2,82,194,19,64,45,40,20,64,104,1.0555555555555556,1.0555555555555556,-32.0,32.0,2.5,2.5,-20.0,20.0,3.5555555555555554,3.5555555555555554,-52.0,52.0,-9.0,9.0,0,0,1,0,1.1359121377764116,0.34897411423553404
2019-01-15 13:00:00,19981,20121,19989,19980,19965,19964,20035,20135,53187,80364,1,1,8,-1,70,171,46,14,16,16,9,62,30,5.75,5.75,-14.0,14.0,2.0,2.0,-16.0,16.0,7.75,7.75,-30.0,30.0,-8.0,8.0,0,0,1,0,0.3163117725784152,-0.20380440136313835
2019-01-17 16:00:00,20460,20584,20500,20456,20448,20438,20524,20588,39142,44106,1,1,40,-4,76,150,24,4,12,18,44,36,22,0.6,0.6,-1.0,1.0,0.3,0.3,-4.5,4.5,0.9,0.9,-5.5,5.5,-10.0,10.0,0,0,1,0,-0.09230501118003676,-1.6415643723095645
2019-01-18 14:00:00,20728,20813,20782,20727,20651,20695,20795,20840,39172,40507,1,1,54,-1,144,145,13,27,77,32,55,90,59,0.24074074074074073,0.24074074074074073,-27.0,27.0,1.4259259259259258,1.4259259259259258,-32.0,32.0,1.6666666666666667,1.6666666666666667,-59.0,59.0,-54.0,54.0,0,0,1,0,1.8971075505465878,0.8004238152858786
2019-01-23 17:00:00,21370,21429,21371,21367,21355,21283,21448,21469,33822,48538,1,1,1,-3,93,186,77,40,15,84,4,92,124,77.0,77.0,-13.333333333333334,13.333333333333334,15.0,15.0,-28.0,28.0,92.0,92.0,-41.333333333333336,41.333333333333336,-0.3333333333333333,0.3333333333333333,0,0,1,1,2.680008919522587,4.032096093298736
2019-01-23 20:00:00,21061,21291,21109,21059,21021,21020,21146,21299,14806,38170,1,1,48,-2,125,279,37,8,40,39,50,77,47,0.7708333333333334,0.7708333333333334,-4.0,4.0,0.8333333333333334,0.8333333333333334,-19.5,19.5,1.6041666666666667,1.6041666666666667,-23.5,23.5,-24.0,24.0,0,0,1,0,1.251649362775137,-0.5988069986319909
2019-01-25 13:00:00,21517,21596,21559,21515,21490,21479,21595,21607,32934,96172,1,1,42,-2,105,128,36,11,27,36,44,63,47,0.8571428571428571,0.8571428571428571,-5.5,5.5,0.6428571428571429,0.6428571428571429,-18.0,18.0,1.5,1.5,-23.5,23.5,-21.0,21.0,0,0,1,0,0.8764863057794354,-0.6074927040090602
2019-01-25 21:00:00,21309,21333,21320,21306,21305,21299,21346,21344,3510,4971,1,1,11,-3,41,45,26,11,4,7,14,30,18,2.3636363636363638,2.3636363636363638,-3.6666666666666665,3.6666666666666665,0.36363636363636365,0.36363636363636365,-2.3333333333333335,2.3333333333333335,2.727272727272727,2.727272727272727,-6.0,6.0,-3.6666666666666665,3.6666666666666665,0,0,1,0,-0.25730085644477174,-2.6281930845323083
2019-01-28 18:00:00,21082,21373,21171,21081,20988,21054,21194,21385,74342,90448,1,1,89,-1,206,331,23,12,94,27,90,117,39,0.25842696629213485,0.25842696629213485,-12.0,12.0,1.0561797752808988,1.0561797752808988,-27.0,27.0,1.3146067415730338,1.3146067415730338,-39.0,39.0,-89.0,89.0,0,0,1,0,2.4398565545500257,1.6591423830651881
2019-01-28 19:00:00,21140,21082,21075,21171,21071,20988,21159,21194,11815,74342,1,1,-65,31,88,206,19,23,4,94,-96,23,117,-0.2923076923076923,0.2923076923076923,0.7419354838709677,0.7419354838709677,-0.06153846153846154,0.06153846153846154,3.032258064516129,3.032258064516129,-0.35384615384615387,0.35384615384615387,3.774193548387097,3.774193548387097,-2.096774193548387,2.096774193548387,0,0,1,0,-0.2241507669781866,-1.4712193692193947
2019-01-28 20:00:00,21080,21140,21136,21075,21057,21071,21160,21159,6425,11815,1,1,56,-5,103,88,24,19,23,4,61,47,23,0.42857142857142855,0.42857142857142855,-3.8,3.8,0.4107142857142857,0.4107142857142857,-0.8,0.8,0.8392857142857143,0.8392857142857143,-4.6,4.6,-11.2,11.2,0,0,1,0,0.23264082656632154,-2.1122497630194026
2019-01-29 11:00:00,20999,21231,21119,20997,20920,20972,21126,21231,74525,85232,1,1,120,-2,206,259,7,0,79,25,122,86,25,0.058333333333333334,0.058333333333333334,-0.0,0.0,0.6583333333333333,0.6583333333333333,-12.5,12.5,0.7166666666666667,0.7166666666666667,-12.5,12.5,-60.0,60.0,0,0,1,0,1.4960182272572045,0.39841491670709156
2019-01-30 13:00:00,21642,21769,21661,21641,21601,21572,21697,21769,29886,60285,1,1,19,-1,96,197,36,0,41,69,20,77,69,1.894736842105263,1.894736842105263,-0.0,0.0,2.1578947368421053,2.1578947368421053,-69.0,69.0,4.052631578947368,4.052631578947368,-69.0,69.0,-19.0,19.0,0,0,1,0,1.9149034342280071,0.6022779562837481
2019-02-01 12:00:00,21859,21985,21917,21857,21840,21825,21944,22097,57690,117566,1,1,58,-2,104,272,27,112,19,32,60,46,144,0.46551724137931033,0.46551724137931033,-56.0,56.0,0.3275862068965517,0.3275862068965517,-16.0,16.0,0.7931034482758621,0.7931034482758621,-72.0,72.0,-29.0,29.0,0,0,1,0,2.614411630392795,1.6959701780723355
2019-02-01 18:00:00,21756,21837,21817,21755,21752,21713,21839,21862,28700,41115,1,1,61,-1,87,149,22,25,4,42,62,26,67,0.36065573770491804,0.36065573770491804,-25.0,25.0,0.06557377049180328,0.06557377049180328,-42.0,42.0,0.4262295081967213,0.4262295081967213,-67.0,67.0,-61.0,61.0,0,0,1,0,1.8906713267067874,0.3327067637301531
2019-02-06 11:00:00,21793,22003,21824,21792,21773,21771,21879,22027,63048,88041,1,1,31,-1,106,256,55,24,20,21,32,75,45,1.7741935483870968,1.7741935483870968,-24.0,24.0,0.6451612903225806,0.6451612903225806,-21.0,21.0,2.4193548387096775,2.4193548387096775,-45.0,45.0,-31.0,31.0,0,0,1,0,1.590938029238446,0.4019135734336173
2019-02-06 12:00:00,21825,21793,21753,21824,21739,21773,21839,21879,52945,63048,1,1,-72,-1,100,106,14,55,14,20,-71,28,75,-0.19444444444444445,0.19444444444444445,-55.0,55.0,-0.19444444444444445,0.19444444444444445,-20.0,20.0,-0.3888888888888889,0.3888888888888889,-75.0,75.0,72.0,72.0,0,0,1,0,1.0642119220940638,-0.1783934894384845
2019-02-06 13:00:00,21755,21825,21804,21753,21746,21739,21848,21839,31891,52945,1,1,49,-2,102,100,44,14,9,14,51,53,28,0.8979591836734694,0.8979591836734694,-7.0,7.0,0.1836734693877551,0.1836734693877551,-7.0,7.0,1.0816326530612246,1.0816326530612246,-14.0,14.0,-24.5,24.5,0,0,1,0,0.6300435838262124,-1.3443482854323352
2019-02-13 14:00:00,21627,21722,21669,21620,21573,21587,21719,21772,51380,78826,1,1,42,-7,146,185,50,50,54,33,49,104,83,1.1904761904761905,1.1904761904761905,-7.142857142857143,7.142857142857143,1.2857142857142858,1.2857142857142858,-4.714285714285714,4.714285714285714,2.4761904761904763,2.4761904761904763,-11.857142857142858,11.857142857142858,-6.0,6.0,0,0,1,0,1.3779027106259565,-0.3035108552124501
2019-02-14 22:00:00,20833,20845,20836,20827,20803,20814,20865,20888,5970,6188,1,1,3,-6,62,74,29,43,30,13,9,59,56,9.666666666666666,9.666666666666666,-7.166666666666667,7.166666666666667,10.0,10.0,-2.1666666666666665,2.1666666666666665,19.666666666666668,19.666666666666668,-9.333333333333334,9.333333333333334,-0.5,0.5,0,0,1,0,0.39729714859632315,-1.2102841616885496
2019-02-15 12:00:00,20893,20956,20942,20890,20851,20798,20986,20969,49952,86445,1,1,49,-3,135,171,44,13,42,92,52,86,105,0.8979591836734694,0.8979591836734694,-4.333333333333333,4.333333333333333,0.8571428571428571,0.8571428571428571,-30.666666666666668,30.666666666666668,1.7551020408163265,1.7551020408163265,-35.0,35.0,-16.333333333333332,16.333333333333332,0,0,1,0,1.5617895034065488,0.5259392857180849
2019-02-15 23:00:00,20994,21008,21000,20993,20949,20973,21010,21023,4631,2926,1,1,6,-1,61,50,10,15,45,20,7,55,35,1.6666666666666667,1.6666666666666667,-15.0,15.0,7.5,7.5,-20.0,20.0,9.166666666666666,9.166666666666666,-35.0,35.0,-6.0,6.0,0,0,1,0,0.5006329122502091,-1.2501839733748197
2019-02-19 15:00:00,20495,20576,20497,20493,20469,20464,20548,20597,20092,37551,1,1,2,-2,79,133,51,21,26,29,4,77,50,25.5,25.5,-10.5,10.5,13.0,13.0,-14.5,14.5,38.5,38.5,-25.0,25.0,-1.0,1.0,0,0,1,1,0.9142925899814117,0.5652883509938283
2019-02-20 21:00:00,20921,20969,20932,20919,20904,20889,20940,20989,4251,11323,1,1,11,-2,36,100,8,20,17,30,13,25,50,0.7272727272727273,0.7272727272727273,-10.0,10.0,1.5454545454545454,1.5454545454545454,-15.0,15.0,2.272727272727273,2.272727272727273,-25.0,25.0,-5.5,5.5,0,0,1,0,0.1898817535135015,-1.7946602782842274
2019-02-21 16:00:00,20471,20524,20504,20470,20416,20465,20540,20588,55393,47490,1,1,33,-1,124,123,36,64,55,5,34,91,69,1.0909090909090908,1.0909090909090908,-64.0,64.0,1.6666666666666667,1.6666666666666667,-5.0,5.0,2.757575757575758,2.757575757575758,-69.0,69.0,-33.0,33.0,0,0,1,0,1.788923347160644,1.043629419372548
2019-02-26 17:00:00,20534,20583,20553,20531,20481,20490,20564,20588,32715,29857,1,1,19,-3,83,98,11,5,53,41,22,64,46,0.5789473684210527,0.5789473684210527,-1.6666666666666667,1.6666666666666667,2.789473684210526,2.789473684210526,-13.666666666666666,13.666666666666666,3.3684210526315788,3.3684210526315788,-15.333333333333334,15.333333333333334,-6.333333333333333,6.333333333333333,0,0,1,0,0.26410537490648317,-1.255258066127779
2019-02-27 18:00:00,20555,20637,20595,20554,20523,20534,20626,20643,37092,44146,1,1,40,-1,103,109,31,6,32,20,41,63,26,0.775,0.775,-6.0,6.0,0.8,0.8,-20.0,20.0,1.575,1.575,-26.0,26.0,-40.0,40.0,0,0,1,0,0.6410628944718341,-0.6616857475281235
2019-02-28 12:00:00,20520,20570,20547,20518,20504,20500,20582,20675,34936,90344,1,1,27,-2,78,175,35,105,16,18,29,51,123,1.2962962962962963,1.2962962962962963,-52.5,52.5,0.5925925925925926,0.5925925925925926,-9.0,9.0,1.8888888888888888,1.8888888888888888,-61.5,61.5,-13.5,13.5,0,0,1,0,1.624888316388583,0.8422325030901702
2019-02-28 20:00:00,20815,20895,20847,20814,20815,20727,20879,20896,5723,23200,1,1,32,-1,64,169,32,1,0,87,33,32,88,1.0,1.0,-1.0,1.0,0.0,0.0,-87.0,87.0,1.0,1.0,-88.0,88.0,-32.0,32.0,0,0,1,0,1.8905336308592575,0.5844386529514752
2019-02-28 21:00:00,20849,20815,20778,20847,20766,20815,20849,20879,8122,5723,1,1,-71,-2,83,64,0,32,12,0,-69,12,32,-0.0,0.0,-16.0,16.0,-0.16901408450704225,0.16901408450704225,-0.0,0.0,-0.16901408450704225,0.16901408450704225,-16.0,16.0,35.5,35.5,0,0,1,0,-0.5414815046879456,-2.612621085606772
2019-02-28 22:00:00,20781,20849,20787,20778,20757,20766,20816,20849,6117,8122,1,1,6,-3,59,83,29,0,24,12,9,53,12,4.833333333333333,4.833333333333333,-0.0,0.0,4.0,4.0,-4.0,4.0,8.833333333333334,8.833333333333334,-4.0,4.0,-2.0,2.0,0,0,1,0,-0.1792685561654274,-2.1104496612827877
2019-03-01 16:00:00,20757,20840,20807,20753,20740,20750,20813,20854,26533,28783,1,1,50,-4,73,104,6,14,17,3,54,23,17,0.12,0.12,-3.5,3.5,0.34,0.34,-0.75,0.75,0.46,0.46,-4.25,4.25,-12.5,12.5,0,0,1,0,-0.16792088342028155,-2.073847877686165
2019-03-01 20:00:00,20552,20713,20558,20551,20544,20508,20587,20713,6201,35599,1,1,6,-1,43,205,29,0,8,43,7,37,43,4.833333333333333,4.833333333333333,-0.0,0.0,1.3333333333333333,1.3333333333333333,-43.0,43.0,6.166666666666667,6.166666666666667,-43.0,43.0,-6.0,6.0,0,0,1,0,0.6189272807739519,-0.764804691453097
2019-03-04 12:00:00,20669,20735,20672,20667,20627,20605,20721,20736,27988,47718,1,1,3,-2,94,131,49,1,42,62,5,91,63,16.333333333333332,16.333333333333332,-0.5,0.5,14.0,14.0,-31.0,31.0,30.333333333333332,30.333333333333332,-31.5,31.5,-1.5,1.5,0,0,1,0,1.154123062206719,0.6770624226687758
2019-03-04 13:00:00,20671,20669,20644,20672,20605,20627,20678,20721,23792,27988,1,1,-27,1,73,94,7,49,39,42,-28,46,91,-0.25925925925925924,0.25925925925925924,49.0,49.0,-1.4444444444444444,1.4444444444444444,42.0,42.0,-1.7037037037037037,1.7037037037037037,91.0,91.0,-27.0,27.0,0,0,1,0,0.11219758939438679,-1.6839113735971634
2019-03-04 14:00:00,20645,20671,20649,20644,20634,20605,20673,20678,14519,23792,1,1,4,-1,39,73,24,7,11,39,5,35,46,6.0,6.0,-7.0,7.0,2.75,2.75,-39.0,39.0,8.75,8.75,-46.0,46.0,-4.0,4.0,0,0,1,0,0.4756170236345175,-0.8240240583755188
2019-03-05 21:00:00,20422,20455,20450,20421,20420,20420,20469,20494,3666,7199,1,1,28,-1,49,74,19,39,2,1,29,21,40,0.6785714285714286,0.6785714285714286,-39.0,39.0,0.07142857142857142,0.07142857142857142,-1.0,1.0,0.75,0.75,-40.0,40.0,-28.0,28.0,0,0,1,0,0.4149508418578509,-1.2904010112980622
2019-03-06 14:00:00,20405,20463,20418,20401,20403,20381,20447,20464,20085,31574,1,1,13,-4,44,83,29,1,2,20,17,31,21,2.230769230769231,2.230769230769231,-0.25,0.25,0.15384615384615385,0.15384615384615385,-5.0,5.0,2.3846153846153846,2.3846153846153846,-5.25,5.25,-3.25,3.25,0,0,1,0,-0.43129656511836495,-2.136185431025178
2019-03-11 12:00:00,19760,19812,19776,19743,19732,19705,19806,19812,1217,1874,1,1,16,-17,74,107,30,0,28,38,33,58,38,1.875,1.875,-0.0,0.0,1.75,1.75,-2.235294117647059,2.235294117647059,3.625,3.625,-2.235294117647059,2.235294117647059,-0.9411764705882353,0.9411764705882353,0,0,1,0,-0.07036840698543564,-2.0557601349571013
2019-03-12 12:00:00,19932,20004,19938,19930,19918,19897,19977,20034,614,1210,1,1,6,-2,59,137,39,30,14,33,8,53,63,6.5,6.5,-15.0,15.0,2.3333333333333335,2.3333333333333335,-16.5,16.5,8.833333333333334,8.833333333333334,-31.5,31.5,-3.0,3.0,0,0,1,0,0.5025853660996286,-0.9170366271598372
2019-03-13 20:00:00,19944,20013,19963,19930,19930,19892,19980,20045,199,726,1,1,19,-14,50,153,17,32,14,38,33,31,70,0.8947368421052632,0.8947368421052632,-2.2857142857142856,2.2857142857142856,0.7368421052631579,0.7368421052631579,-2.7142857142857144,2.7142857142857144,1.631578947368421,1.631578947368421,-5.0,5.0,-1.3571428571428572,1.3571428571428572,0,0,1,0,0.04967513279595684,-2.015651617764218
2019-03-14 18:00:00,19740,19800,19745,19739,19715,19730,19782,19814,1507,3219,1,1,5,-1,67,84,37,14,25,9,6,62,23,7.4,7.4,-14.0,14.0,5.0,5.0,-9.0,9.0,12.4,12.4,-23.0,23.0,-5.0,5.0,0,0,1,0,0.07673346285040795,-1.1864195356287959
2019-03-14 21:00:00,19760,19790,19784,19754,19760,19746,19789,19790,219,155,1,1,24,-6,29,44,5,0,0,8,30,5,8,0.20833333333333334,0.20833333333333334,-0.0,0.0,0.0,0.0,-1.3333333333333333,1.3333333333333333,0.20833333333333334,0.20833333333333334,-1.3333333333333333,1.3333333333333333,-4.0,4.0,0,0,1,0,-0.9330322301090614,-2.872842348397674
2019-03-15 18:00:00,19743,19765,19760,19739,19710,19732,19786,19793,1490,570,1,1,17,-4,76,61,26,28,33,7,21,59,35,1.5294117647058822,1.5294117647058822,-7.0,7.0,1.9411764705882353,1.9411764705882353,-1.75,1.75,3.4705882352941178,3.4705882352941178,-8.75,8.75,-4.25,4.25,0,0,1,0,-0.14369467959036064,-1.8796842174034565
2019-03-18 17:00:00,19868,19881,19879,19866,19809,19836,19916,19884,13841,6704,1,1,11,-2,107,48,37,3,59,30,13,96,33,3.3636363636363638,3.3636363636363638,-1.5,1.5,5.363636363636363,5.363636363636363,-15.0,15.0,8.727272727272727,8.727272727272727,-16.5,16.5,-5.5,5.5,0,0,1,0,0.2838397580618167,-1.0799926327531204
2019-03-21 12:00:00,20271,20303,20273,20269,20260,20235,20322,20323,34604,37505,1,1,2,-2,62,88,49,20,11,34,4,60,54,24.5,24.5,-10.0,10.0,5.5,5.5,-17.0,17.0,30.0,30.0,-27.0,27.0,-1.0,1.0,0,0,1,0,0.5706509845515975,0.19441675456623503
2019-03-21 23:00:00,20129,20132,20131,20127,20100,20124,20139,20159,2514,4194,1,1,2,-2,39,35,8,27,29,3,4,37,30,4.0,4.0,-13.5,13.5,14.5,14.5,-1.5,1.5,18.5,18.5,-15.0,15.0,-1.0,1.0,0,0,1,0,-0.17705246367679003,-1.4469909071878084
2019-03-22 12:00:00,19896,20146,19915,19895,19882,19892,19974,20154,41659,94906,1,1,19,-1,92,262,59,8,14,3,20,73,11,3.1052631578947367,3.1052631578947367,-8.0,8.0,0.7368421052631579,0.7368421052631579,-3.0,3.0,3.8421052631578947,3.8421052631578947,-11.0,11.0,-19.0,19.0,0,0,1,0,0.21752673449571477,-0.5671983446994293
2019-03-25 21:00:00,20468,20502,20471,20466,20430,20445,20475,20519,7342,10521,1,1,3,-2,45,74,4,17,38,21,5,42,38,1.3333333333333333,1.3333333333333333,-8.5,8.5,12.666666666666666,12.666666666666666,-10.5,10.5,14.0,14.0,-19.0,19.0,-1.5,1.5,0,0,1,0,0.06815146137537967,-1.371072639680044
2019-03-27 19:00:00,20387,20564,20418,20384,20370,20381,20439,20565,13273,62676,1,1,31,-3,69,184,21,1,17,3,34,38,4,0.6774193548387096,0.6774193548387096,-0.3333333333333333,0.3333333333333333,0.5483870967741935,0.5483870967741935,-1.0,1.0,1.2258064516129032,1.2258064516129032,-1.3333333333333333,1.3333333333333333,-10.333333333333334,10.333333333333334,0,0,1,0,-0.2644558432224011,-1.9039692958876713
2019-03-29 21:00:00,20395,20423,20406,20391,20391,20389,20420,20431,2184,5824,1,1,11,-4,29,42,14,8,4,2,15,18,10,1.2727272727272727,1.2727272727272727,-2.0,2.0,0.36363636363636365,0.36363636363636365,-0.5,0.5,1.6363636363636365,1.6363636363636365,-2.5,2.5,-2.75,2.75,0,0,1,0,-0.7200869780906466,-2.7884420875281593
2019-04-02 12:00:00,20823,20925,20874,20819,20815,20811,20898,20930,26171,48149,1,1,51,-4,83,119,24,5,8,8,55,32,13,0.47058823529411764,0.47058823529411764,-1.25,1.25,0.1568627450980392,0.1568627450980392,-2.0,2.0,0.6274509803921569,0.6274509803921569,-3.25,3.25,-12.75,12.75,0,0,1,0,-0.08461215839699428,-1.9057470418210323
2019-04-08 13:00:00,21762,21809,21801,21759,21759,21752,21839,21831,35913,20609,1,1,39,-3,80,79,38,22,3,7,42,41,29,0.9743589743589743,0.9743589743589743,-7.333333333333333,7.333333333333333,0.07692307692307693,0.07692307692307693,-2.3333333333333335,2.3333333333333335,1.0512820512820513,1.0512820512820513,-9.666666666666666,9.666666666666666,-13.0,13.0,0,0,1,0,0.31958269920496196,-1.899133067741482
2019-04-08 16:00:00,21905,21950,21930,21904,21861,21886,21959,21984,26974,30507,1,1,25,-1,98,98,29,34,44,18,26,73,52,1.16,1.16,-34.0,34.0,1.76,1.76,-18.0,18.0,2.92,2.92,-52.0,52.0,-25.0,25.0,0,0,1,0,1.491925371617737,-0.3359949757823867
2019-04-10 18:00:00,23180,23284,23249,23179,23148,23027,23291,23288,43135,117800,1,1,69,-1,143,261,42,4,32,152,70,74,156,0.6086956521739131,0.6086956521739131,-4.0,4.0,0.463768115942029,0.463768115942029,-152.0,152.0,1.0724637681159421,1.0724637681159421,-156.0,156.0,-69.0,69.0,0,0,1,4,4.911808839865933,4.165272063289801
2019-04-10 23:00:00,23342,23376,23360,23338,23311,23334,23379,23387,3954,5054,1,1,18,-4,68,53,19,11,31,4,22,50,15,1.0555555555555556,1.0555555555555556,-2.75,2.75,1.7222222222222223,1.7222222222222223,-1.0,1.0,2.7777777777777777,2.7777777777777777,-3.75,3.75,-4.5,4.5,0,0,1,0,0.4332792830514262,-2.8390905692008515
2019-04-11 16:00:00,22880,23174,22911,22878,22845,22874,23074,23192,102704,112420,1,1,31,-2,229,318,163,18,35,4,33,198,22,5.258064516129032,5.258064516129032,-9.0,9.0,1.1290322580645162,1.1290322580645162,-2.0,2.0,6.387096774193548,6.387096774193548,-11.0,11.0,-15.5,15.5,0,0,1,0,2.296744074341554,0.864005899092225
2019-04-15 13:00:00,22907,23028,22935,22904,22811,22840,22957,23035,43872,84580,1,1,28,-3,146,195,22,7,96,64,31,118,71,0.7857142857142857,0.7857142857142857,-2.3333333333333335,2.3333333333333335,3.4285714285714284,3.4285714285714284,-21.333333333333332,21.333333333333332,4.214285714285714,4.214285714285714,-23.666666666666668,23.666666666666668,-9.333333333333334,9.333333333333334,0,0,1,0,1.8176211428868707,-0.17903583032263592
2019-04-17 13:00:00,22244,22274,22255,22239,22225,22207,22302,22279,29434,27623,1,1,11,-5,77,72,47,5,19,32,16,66,37,4.2727272727272725,4.2727272727272725,-1.0,1.0,1.7272727272727273,1.7272727272727273,-6.4,6.4,6.0,6.0,-7.4,7.4,-2.2,2.2,0,0,1,0,0.4876213272813495,-1.8246328431791703
2019-04-18 11:00:00,22193,22356,22226,22190,22154,22150,22269,22356,63069,130957,1,1,33,-3,115,206,43,0,39,40,36,82,40,1.303030303030303,1.303030303030303,-0.0,0.0,1.1818181818181819,1.1818181818181819,-13.333333333333334,13.333333333333334,2.484848484848485,2.484848484848485,-13.333333333333334,13.333333333333334,-11.0,11.0,0,0,1,0,0.9656517854342073,-0.4175223339240183
2019-04-18 18:00:00,22123,22253,22195,22118,22112,22070,22217,22266,31737,83294,1,1,72,-5,105,196,22,13,11,48,77,33,61,0.3055555555555556,0.3055555555555556,-2.6,2.6,0.1527777777777778,0.1527777777777778,-9.6,9.6,0.4583333333333333,0.4583333333333333,-12.2,12.2,-14.4,14.4,0,0,1,0,0.9462632467696921,-1.090238627718064
2019-04-23 20:00:00,22353,22440,22383,22351,22345,22303,22400,22463,5816,21384,1,1,30,-2,55,160,17,23,8,48,32,25,71,0.5666666666666667,0.5666666666666667,-11.5,11.5,0.26666666666666666,0.26666666666666666,-24.0,24.0,0.8333333333333334,0.8333333333333334,-35.5,35.5,-15.0,15.0,0,0,1,0,1.1148749368682922,-1.3523350129872784
2019-04-24 20:00:00,22454,22481,22474,22453,22434,22451,22495,22509,5495,5655,1,1,20,-1,61,58,21,28,20,2,21,41,30,1.05,1.05,-28.0,28.0,1.0,1.0,-2.0,2.0,2.05,2.05,-30.0,30.0,-20.0,20.0,0,0,1,0,0.7484692960975885,-1.864309942651905
2019-04-25 19:00:00,21699,21712,21702,21688,21666,21667,21727,21759,11890,56607,1,1,3,-11,61,92,25,47,33,21,14,58,68,8.333333333333334,8.333333333333334,-4.2727272727272725,4.2727272727272725,11.0,11.0,-1.9090909090909092,1.9090909090909092,19.333333333333332,19.333333333333332,-6.181818181818182,6.181818181818182,-0.2727272727272727,0.2727272727272727,0,0,1,0,0.6648809739010242,-1.038518392446306
2019-04-25 22:00:00,21696,21733,21705,21695,21686,21640,21738,21745,6131,15446,1,1,9,-1,52,105,33,12,10,55,10,43,67,3.6666666666666665,3.6666666666666665,-12.0,12.0,1.1111111111111112,1.1111111111111112,-55.0,55.0,4.777777777777778,4.777777777777778,-67.0,67.0,-9.0,9.0,0,0,1,0,1.3803612463011639,-0.4449357271155259
2019-04-26 16:00:00,21135,21387,21170,21133,21108,21105,21243,21394,64496,147188,1,1,35,-2,135,289,73,7,27,28,37,100,35,2.085714285714286,2.085714285714286,-3.5,3.5,0.7714285714285715,0.7714285714285715,-14.0,14.0,2.857142857142857,2.857142857142857,-17.5,17.5,-17.5,17.5,0,0,1,0,1.0974520387880267,0.3169637871471521
2019-04-30 12:00:00,21450,21518,21493,21446,21363,21396,21532,21548,58137,68286,1,1,43,-4,169,152,39,30,87,50,47,126,80,0.9069767441860465,0.9069767441860465,-7.5,7.5,2.0232558139534884,2.0232558139534884,-12.5,12.5,2.9302325581395348,2.9302325581395348,-20.0,20.0,-10.75,10.75,0,0,1,0,1.567778819092734,0.10123957295087078
2019-05-06 13:00:00,21631,21713,21706,21629,21621,21580,21753,21743,28131,53193,1,1,75,-2,132,163,47,30,10,49,77,57,79,0.6266666666666667,0.6266666666666667,-15.0,15.0,0.13333333333333333,0.13333333333333333,-24.5,24.5,0.76,0.76,-39.5,39.5,-37.5,37.5,0,0,1,0,1.7363417311099396,0.0029850474204116298
2019-05-08 17:00:00,21868,21915,21885,21867,21842,21783,21917,21930,34162,48732,1,1,17,-1,75,147,32,15,26,84,18,58,99,1.8823529411764706,1.8823529411764706,-15.0,15.0,1.5294117647058822,1.5294117647058822,-84.0,84.0,3.411764705882353,3.411764705882353,-99.0,99.0,-17.0,17.0,0,0,1,0,2.3798400059610865,1.175594237674886
2019-05-10 18:00:00,21495,21657,21500,21493,21462,21422,21526,21659,21426,91729,1,1,5,-2,64,237,26,2,33,71,7,59,73,5.2,5.2,-1.0,1.0,6.6,6.6,-35.5,35.5,11.8,11.8,-36.5,36.5,-2.5,2.5,0,0,1,0,1.1697433352457516,0.010041007302830977
2019-05-13 17:00:00,21231,21345,21300,21223,21189,21200,21325,21378,64939,107001,1,1,69,-8,136,178,25,33,42,23,77,67,56,0.36231884057971014,0.36231884057971014,-4.125,4.125,0.6086956521739131,0.6086956521739131,-2.875,2.875,0.9710144927536232,0.9710144927536232,-7.0,7.0,-8.625,8.625,0,0,1,0,0.8081440509512623,-0.5193537814544397
2019-05-14 16:00:00,21602,21671,21657,21601,21568,21601,21841,21764,111568,67596,1,1,55,-1,273,163,184,93,34,0,56,218,93,3.3454545454545452,3.3454545454545452,-93.0,93.0,0.6181818181818182,0.6181818181818182,-0.0,0.0,3.963636363636364,3.963636363636364,-93.0,93.0,-55.0,55.0,0,0,1,4,4.125367387820544,3.691947484243014
2019-05-14 17:00:00,21659,21602,21543,21657,21540,21568,21712,21841,56974,111568,1,1,-116,-2,172,273,53,184,3,34,-114,56,218,-0.45689655172413796,0.45689655172413796,-92.0,92.0,-0.02586206896551724,0.02586206896551724,-17.0,17.0,-0.4827586206896552,0.4827586206896552,-109.0,109.0,58.0,58.0,0,0,1,4,2.9937322929876937,2.442087164414844
2019-05-14 18:00:00,21547,21659,21608,21543,21471,21540,21672,21712,53110,56974,1,1,61,-4,201,172,64,53,76,3,65,140,56,1.0491803278688525,1.0491803278688525,-13.25,13.25,1.2459016393442623,1.2459016393442623,-0.75,0.75,2.2950819672131146,2.2950819672131146,-14.0,14.0,-15.25,15.25,0,0,1,0,1.6803056835081576,-0.07133481364411616
2019-05-17 21:00:00,21391,21411,21409,21390,21384,21382,21419,21427,1699,1815,1,1,18,-1,35,45,10,16,7,8,19,17,24,0.5555555555555556,0.5555555555555556,-16.0,16.0,0.3888888888888889,0.3888888888888889,-8.0,8.0,0.9444444444444444,0.9444444444444444,-24.0,24.0,-18.0,18.0,0,0,1,0,0.07382146328643593,-2.2150430259217875
2019-05-20 23:00:00,21367,21378,21368,21364,21353,21349,21385,21388,1521,2066,1,1,1,-3,32,39,17,10,14,15,4,31,25,17.0,17.0,-3.3333333333333335,3.3333333333333335,14.0,14.0,-5.0,5.0,31.0,31.0,-8.333333333333334,8.333333333333334,-0.3333333333333333,0.3333333333333333,0,0,1,0,0.08254349558640958,-1.3907766002628152
2019-05-23 18:00:00,21624,21785,21650,21622,21564,21614,21715,21850,44585,89828,1,1,26,-2,151,236,65,65,60,8,28,125,73,2.5,2.5,-32.5,32.5,2.3076923076923075,2.3076923076923075,-4.0,4.0,4.8076923076923075,4.8076923076923075,-36.5,36.5,-13.0,13.0,0,0,1,0,1.9249469785751068,0.5952535786231791
2019-05-23 19:00:00,21650,21624,21584,21650,21572,21564,21691,21715,10526,44585,1,1,-66,0,119,151,41,65,12,60,-66,53,125,-0.6212121212121212,0.6212121212121212,100.0,100.0,-0.18181818181818182,0.18181818181818182,100.0,100.0,-0.803030303030303,0.803030303030303,100.0,100.0,0.0,0.0,0,1,1,3,0.34201810779319275,-2.1604813217497796
2019-05-23 20:00:00,21587,21650,21642,21584,21573,21572,21687,21691,8571,10526,1,1,55,-3,114,119,45,41,14,12,58,59,53,0.8181818181818182,0.8181818181818182,-13.666666666666666,13.666666666666666,0.2545454545454545,0.2545454545454545,-4.0,4.0,1.0727272727272728,1.0727272727272728,-17.666666666666668,17.666666666666668,-18.333333333333332,18.333333333333332,0,0,1,0,0.9706495704584707,-1.421565682019889
2019-05-27 21:00:00,22305,22328,22308,22304,22283,22281,22315,22330,1235,2615,1,1,3,-1,32,49,7,2,22,23,4,29,25,2.3333333333333335,2.3333333333333335,-2.0,2.0,7.333333333333333,7.333333333333333,-23.0,23.0,9.666666666666666,9.666666666666666,-25.0,25.0,-3.0,3.0,0,0,1,0,0.34062650240570963,-2.052242627056571
2019-05-28 12:00:00,22282,22312,22298,22278,22239,22205,22318,22317,32732,47667,1,1,16,-4,79,112,20,5,43,73,20,63,78,1.25,1.25,-1.25,1.25,2.6875,2.6875,-18.25,18.25,3.9375,3.9375,-19.5,19.5,-4.0,4.0,0,0,1,0,0.9631873872507904,-1.1232953432674744
2019-06-04 17:00:00,22299,22337,22302,22295,22152,22265,22336,22392,49991,36530,1,1,3,-4,184,127,34,55,147,30,7,181,85,11.333333333333334,11.333333333333334,-13.75,13.75,49.0,49.0,-7.5,7.5,60.333333333333336,60.333333333333336,-21.25,21.25,-0.75,0.75,0,0,1,1,2.7022326519969617,2.4981448998390072
2019-06-05 23:00:00,22476,22542,22518,22468,22458,22431,22545,22549,3192,9693,1,1,42,-8,87,118,27,7,18,37,50,45,44,0.6428571428571429,0.6428571428571429,-0.875,0.875,0.42857142857142855,0.42857142857142855,-4.625,4.625,1.0714285714285714,1.0714285714285714,-5.5,5.5,-5.25,5.25,0,0,1,0,0.668030516933762,-2.3230922774001472
2019-06-07 12:00:00,23334,23423,23347,23330,23300,23262,23384,23450,31683,70032,1,1,13,-4,84,188,37,27,34,68,17,71,95,2.8461538461538463,2.8461538461538463,-6.75,6.75,2.6153846153846154,2.6153846153846154,-17.0,17.0,5.461538461538462,5.461538461538462,-23.75,23.75,-3.25,3.25,0,0,1,0,1.606808099362431,-0.7260987485666134
2019-06-11 14:00:00,24322,24395,24336,24305,24300,24302,24372,24406,1137,1789,1,1,14,-17,72,104,36,11,22,3,31,58,14,2.5714285714285716,2.5714285714285716,-0.6470588235294118,0.6470588235294118,1.5714285714285714,1.5714285714285714,-0.17647058823529413,0.17647058823529413,4.142857142857143,4.142857142857143,-0.8235294117647058,0.8235294117647058,-0.8235294117647058,0.8235294117647058,0,0,1,0,0.8967288790137079,-3.046144192056309
2019-06-17 16:00:00,24364,24429,24398,24349,24302,24314,24427,24445,1798,1956,1,1,34,-15,125,131,29,16,62,35,49,91,51,0.8529411764705882,0.8529411764705882,-1.0666666666666667,1.0666666666666667,1.8235294117647058,1.8235294117647058,-2.3333333333333335,2.3333333333333335,2.676470588235294,2.676470588235294,-3.4,3.4,-2.2666666666666666,2.2666666666666666,0,0,1,0,1.600346381080151,-2.3472568875438147
2019-06-18 23:00:00,24656,24680,24665,24655,24644,24650,24685,24685,821,480,1,1,9,-1,41,35,20,5,12,5,10,32,10,2.2222222222222223,2.2222222222222223,-5.0,5.0,1.3333333333333333,1.3333333333333333,-5.0,5.0,3.5555555555555554,3.5555555555555554,-10.0,10.0,-9.0,9.0,0,0,1,0,0.6038979963715866,-3.132211606823296
2019-06-27 18:00:00,24393,24518,24448,24388,24379,24330,24474,24529,23628,49890,1,1,55,-5,95,199,26,11,14,58,60,40,69,0.4727272727272727,0.4727272727272727,-2.2,2.2,0.2545454545454545,0.2545454545454545,-11.6,11.6,0.7272727272727273,0.7272727272727273,-13.8,13.8,-11.0,11.0,0,0,1,0,1.5653453811761928,-1.6871893820590005
2019-06-28 22:00:00,24115,24263,24190,24110,24074,24100,24197,24278,5571,18063,1,1,75,-5,123,178,7,15,41,10,80,48,25,0.09333333333333334,0.09333333333333334,-3.0,3.0,0.5466666666666666,0.5466666666666666,-2.0,2.0,0.64,0.64,-5.0,5.0,-15.0,15.0,0,0,1,0,1.2861433181374564,-2.3306459001063566
2019-07-05 23:00:00,24778,24790,24787,24773,24772,24767,24799,24793,2462,1983,1,1,9,-5,27,26,12,3,6,6,14,18,9,1.3333333333333333,1.3333333333333333,-0.6,0.6,0.6666666666666666,0.6666666666666666,-1.2,1.2,2.0,2.0,-1.8,1.8,-1.8,1.8,0,0,1,0,0.32350031613211566,-3.6282083421017792
2019-07-08 10:00:00,24783,24778,24495,24787,24456,24772,24783,24799,97568,2462,1,1,-288,4,327,27,0,12,39,6,-292,39,18,-0.0,0.0,3.0,3.0,-0.13541666666666666,0.13541666666666666,1.5,1.5,-0.13541666666666666,0.13541666666666666,4.5,4.5,-72.0,72.0,0,0,1,0,0.1050914259523387,-2.610056649146047
2019-07-08 11:00:00,24496,24783,24515,24495,24467,24456,24573,24783,26695,97568,1,1,19,-1,106,327,58,0,29,39,20,87,39,3.0526315789473686,3.0526315789473686,-0.0,0.0,1.5263157894736843,1.5263157894736843,-39.0,39.0,4.578947368421052,4.578947368421052,-39.0,39.0,-19.0,19.0,0,0,1,0,2.250742939429011,-0.33491164219625513
2019-07-09 17:00:00,24620,24675,24648,24619,24600,24601,24665,24714,21245,28866,1,1,28,-1,65,113,17,39,20,18,29,37,57,0.6071428571428571,0.6071428571428571,-39.0,39.0,0.7142857142857143,0.7142857142857143,-18.0,18.0,1.3214285714285714,1.3214285714285714,-57.0,57.0,-28.0,28.0,0,0,1,0,2.0202938682960876,-1.0141241415419315
2019-07-11 18:00:00,24397,24570,24466,24394,24382,24376,24482,24594,30719,60510,1,1,69,-3,100,218,16,24,15,18,72,31,42,0.2318840579710145,0.2318840579710145,-8.0,8.0,0.21739130434782608,0.21739130434782608,-6.0,6.0,0.4492753623188406,0.4492753623188406,-14.0,14.0,-23.0,23.0,0,0,1,0,1.480676355891838,-1.6340094048165925
2019-07-12 11:00:00,24116,24553,24181,24115,24074,24000,24246,24553,44322,141228,1,1,65,-1,172,553,65,0,42,115,66,107,115,1.0,1.0,-0.0,0.0,0.6461538461538462,0.6461538461538462,-115.0,115.0,1.646153846153846,1.646153846153846,-115.0,115.0,-65.0,65.0,0,0,1,4,4.938085693013031,3.543964506587764
2019-07-15 11:00:00,23864,24156,23984,23863,23810,23773,24008,24216,54248,105377,1,1,120,-1,198,443,24,60,54,90,121,78,150,0.2,0.2,-60.0,60.0,0.45,0.45,-90.0,90.0,0.65,0.65,-150.0,150.0,-120.0,120.0,0,0,1,4,5.933789231399788,4.848849978960846
2019-07-16 20:00:00,23670,23771,23720,23669,23660,23669,23747,23814,10621,11956,1,1,50,-1,87,145,27,43,10,0,51,37,43,0.54,0.54,-43.0,43.0,0.2,0.2,-0.0,0.0,0.74,0.74,-43.0,43.0,-50.0,50.0,0,0,1,0,1.8277333560282847,-1.1251410874730905
2019-07-17 15:00:00,24056,24073,24065,24053,24021,24031,24080,24104,10462,10398,1,1,9,-3,59,73,15,31,35,22,12,50,53,1.6666666666666667,1.6666666666666667,-10.333333333333334,10.333333333333334,3.888888888888889,3.888888888888889,-7.333333333333333,7.333333333333333,5.555555555555555,5.555555555555555,-17.666666666666668,17.666666666666668,-3.0,3.0,0,0,1,0,1.0686564596268258,-2.175596169400128
2019-07-17 23:00:00,23861,23874,23866,23856,23799,23856,23888,23883,7341,3319,1,1,5,-5,89,27,22,9,62,0,10,84,9,4.4,4.4,-1.8,1.8,12.4,12.4,-0.0,0.0,16.8,16.8,-1.8,1.8,-1.0,1.0,0,0,1,0,0.8175089752203513,-2.232124616784369
2019-07-18 19:00:00,23823,23920,23841,23804,23801,23804,23873,23920,4585,20166,1,1,18,-19,72,116,32,0,22,0,37,54,0,1.7777777777777777,1.7777777777777777,-0.0,0.0,1.2222222222222223,1.2222222222222223,-0.0,0.0,3.0,3.0,-0.0,0.0,-0.9473684210526315,0.9473684210526315,0,0,1,0,0.6605025569169821,-3.0061105166318907
2019-07-19 18:00:00,23572,23712,23608,23570,23543,23550,23644,23718,24264,54786,1,1,36,-2,101,168,36,6,29,20,38,65,26,1.0,1.0,-3.0,3.0,0.8055555555555556,0.8055555555555556,-10.0,10.0,1.8055555555555556,1.8055555555555556,-13.0,13.0,-18.0,18.0,0,0,1,0,1.1515662431992613,-1.6454822074320794
2019-07-22 18:00:00,23389,23527,23399,23384,23376,23380,23453,23619,24200,46939,1,1,10,-5,77,239,54,92,13,4,15,67,96,5.4,5.4,-18.4,18.4,1.3,1.3,-0.8,0.8,6.7,6.7,-19.2,19.2,-2.0,2.0,0,0,1,0,1.6845623151149172,-0.956940024380406
2019-07-22 22:00:00,23268,23420,23310,23266,23266,23252,23322,23428,4259,14587,1,1,42,-2,56,176,12,8,2,14,44,14,22,0.2857142857142857,0.2857142857142857,-4.0,4.0,0.047619047619047616,0.047619047619047616,-7.0,7.0,0.3333333333333333,0.3333333333333333,-11.0,11.0,-21.0,21.0,0,0,1,0,0.6668358253729468,-2.4820543286198893
2019-07-24 11:00:00,23498,23743,23509,23496,23447,23483,23556,23743,52711,92115,1,1,11,-2,109,260,47,0,51,13,13,98,13,4.2727272727272725,4.2727272727272725,-0.0,0.0,4.636363636363637,4.636363636363637,-6.5,6.5,8.909090909090908,8.909090909090908,-6.5,6.5,-5.5,5.5,0,0,1,0,1.1730099023553056,-0.9667556649195513
2019-07-24 16:00:00,23537,23575,23545,23534,23492,23509,23585,23625,28428,21552,1,1,8,-3,93,116,40,50,45,25,11,85,75,5.0,5.0,-16.666666666666668,16.666666666666668,5.625,5.625,-8.333333333333334,8.333333333333334,10.625,10.625,-25.0,25.0,-2.6666666666666665,2.6666666666666665,0,0,1,0,1.6235985947675375,-0.9682283993415413
2019-07-29 17:00:00,23521,23568,23533,23520,23482,23504,23618,23625,26220,26788,1,1,12,-1,136,121,85,57,39,16,13,124,73,7.083333333333333,7.083333333333333,-57.0,57.0,3.25,3.25,-16.0,16.0,10.333333333333334,10.333333333333334,-73.0,73.0,-12.0,12.0,0,0,1,0,2.827227636693206,0.6342109393040027
2019-07-31 22:00:00,23456,23640,23542,23455,23431,23300,23572,23689,11273,31621,1,1,86,-1,141,389,30,49,25,155,87,55,204,0.3488372093023256,0.3488372093023256,-49.0,49.0,0.29069767441860467,0.29069767441860467,-155.0,155.0,0.6395348837209303,0.6395348837209303,-204.0,204.0,-86.0,86.0,0,0,1,4,6.440232955849732,5.120126040110324
2019-08-02 11:00:00,22623,22693,22665,22620,22540,22450,22709,22718,46908,110653,1,1,42,-3,169,268,44,25,83,170,45,127,195,1.0476190476190477,1.0476190476190477,-8.333333333333334,8.333333333333334,1.9761904761904763,1.9761904761904763,-56.666666666666664,56.666666666666664,3.0238095238095237,3.0238095238095237,-65.0,65.0,-14.0,14.0,0,0,1,4,3.5141236889613556,2.196941515217704
2019-08-08 21:00:00,22617,22620,22619,22616,22593,22582,22640,22638,2689,2990,1,1,2,-1,47,56,21,18,24,34,3,45,52,10.5,10.5,-18.0,18.0,12.0,12.0,-34.0,34.0,22.5,22.5,-52.0,52.0,-2.0,2.0,0,0,1,0,1.332933381224236,-0.5456039570671709
2019-08-09 13:00:00,22430,22565,22440,22427,22412,22419,22488,22583,28027,32235,1,1,10,-3,76,164,48,18,18,8,13,66,26,4.8,4.8,-6.0,6.0,1.8,1.8,-2.6666666666666665,2.6666666666666665,6.6,6.6,-8.666666666666666,8.666666666666666,-3.3333333333333335,3.3333333333333335,0,0,1,0,0.6343407787266007,-1.7105915158263258
2019-08-09 19:00:00,22304,22439,22347,22297,22283,22290,22355,22459,7531,38767,1,1,43,-7,72,169,8,20,21,7,50,29,27,0.18604651162790697,0.18604651162790697,-2.857142857142857,2.857142857142857,0.4883720930232558,0.4883720930232558,-1.0,1.0,0.6744186046511628,0.6744186046511628,-3.857142857142857,3.857142857142857,-6.142857142857143,6.142857142857143,0,0,1,0,0.4043795880228431,-2.31963122828493
2019-08-13 11:00:00,22274,22402,22359,22272,22268,22261,22383,22402,23295,46989,1,1,85,-2,115,141,24,0,6,11,87,30,11,0.2823529411764706,0.2823529411764706,-0.0,0.0,0.07058823529411765,0.07058823529411765,-5.5,5.5,0.35294117647058826,0.35294117647058826,-5.5,5.5,-42.5,42.5,0,0,1,0,0.7057344367265311,-1.6800616207948185
2019-08-13 19:00:00,22560,22650,22574,22530,22532,22477,22618,22656,10728,44218,1,1,14,-30,86,179,44,6,28,53,44,72,59,3.142857142857143,3.142857142857143,-0.2,0.2,2.0,2.0,-1.7666666666666666,1.7666666666666666,5.142857142857143,5.142857142857143,-1.9666666666666666,1.9666666666666666,-0.4666666666666667,0.4666666666666667,0,0,1,0,1.10636373954165,-1.8737454456797795
2019-08-14 20:00:00,21798,21926,21899,21795,21794,21790,21900,21926,8390,15430,1,1,101,-3,106,136,1,0,4,5,104,5,5,0.009900990099009901,0.009900990099009901,-0.0,0.0,0.039603960396039604,0.039603960396039604,-1.6666666666666667,1.6666666666666667,0.04950495049504951,0.04950495049504951,-1.6666666666666667,1.6666666666666667,-33.666666666666664,33.666666666666664,0,0,1,0,0.32967654984187655,-2.27265348557323
2019-08-16 15:00:00,21566,21712,21618,21563,21555,21548,21660,21747,20439,42966,1,1,52,-3,105,199,42,35,11,15,55,53,50,0.8076923076923077,0.8076923076923077,-11.666666666666666,11.666666666666666,0.21153846153846154,0.21153846153846154,-5.0,5.0,1.0192307692307692,1.0192307692307692,-16.666666666666668,16.666666666666668,-17.333333333333332,17.333333333333332,0,0,1,0,0.9430493825746548,-1.1457493703446686
2019-08-20 13:00:00,21838,21972,21879,21835,21814,21805,21890,21978,28869,39620,1,1,41,-3,76,173,11,6,24,30,44,35,36,0.2682926829268293,0.2682926829268293,-2.0,2.0,0.5853658536585366,0.5853658536585366,-10.0,10.0,0.8536585365853658,0.8536585365853658,-12.0,12.0,-13.666666666666666,13.666666666666666,0,0,1,0,0.5011654307492956,-1.6656096269983178
2019-08-20 17:00:00,21768,21878,21830,21764,21710,21705,21831,21878,33407,47529,1,1,62,-4,121,173,1,0,58,59,66,59,59,0.016129032258064516,0.016129032258064516,-0.0,0.0,0.9354838709677419,0.9354838709677419,-14.75,14.75,0.9516129032258065,0.9516129032258065,-14.75,14.75,-15.5,15.5,0,0,1,0,1.006378149650624,-1.0259598164881056
2019-08-21 22:00:00,21988,22008,22002,21985,21963,21961,22009,22019,2027,6850,1,1,14,-3,46,58,7,11,25,24,17,32,35,0.5,0.5,-3.6666666666666665,3.6666666666666665,1.7857142857142858,1.7857142857142858,-8.0,8.0,2.2857142857142856,2.2857142857142856,-11.666666666666666,11.666666666666666,-4.666666666666667,4.666666666666667,0,0,1,0,0.1565268933515456,-2.454406612622722
2019-08-30 21:00:00,22496,22513,22508,22494,22479,22490,22517,22522,1574,2173,1,1,12,-2,38,32,9,9,17,4,14,26,13,0.75,0.75,-4.5,4.5,1.4166666666666667,1.4166666666666667,-2.0,2.0,2.1666666666666665,2.1666666666666665,-6.5,6.5,-6.0,6.0,0,0,1,0,-0.045632400117369715,-2.9424457753905546
2019-09-03 13:00:00,22307,22442,22374,22306,22300,22291,22385,22463,29995,59653,1,1,67,-1,85,172,11,21,7,15,68,18,36,0.16417910447761194,0.16417910447761194,-21.0,21.0,0.1044776119402985,0.1044776119402985,-15.0,15.0,0.26865671641791045,0.26865671641791045,-36.0,36.0,-67.0,67.0,0,0,1,0,1.343280299363558,-0.5789436526721373
2019-09-05 22:00:00,23029,23090,23071,23026,23029,23010,23104,23093,5899,5920,1,1,42,-3,75,83,33,3,0,16,45,33,19,0.7857142857142857,0.7857142857142857,-1.0,1.0,0.0,0.0,-5.333333333333333,5.333333333333333,0.7857142857142857,0.7857142857142857,-6.333333333333333,6.333333333333333,-14.0,14.0,0,0,1,0,0.5077988887351754,-2.6308768753315834
2019-09-06 14:00:00,22970,23085,23038,22964,22953,22956,23057,23095,21723,32734,1,1,68,-6,104,139,19,10,17,8,74,36,18,0.27941176470588236,0.27941176470588236,-1.6666666666666667,1.6666666666666667,0.25,0.25,-1.3333333333333333,1.3333333333333333,0.5294117647058824,0.5294117647058824,-3.0,3.0,-11.333333333333334,11.333333333333334,0,0,1,0,0.6757669804829947,-2.2529237400341495
2019-09-06 19:00:00,23010,23095,23023,22995,22970,22982,23036,23098,5059,21080,1,1,13,-15,66,116,13,3,40,13,28,53,16,1.0,1.0,-0.2,0.2,3.076923076923077,3.076923076923077,-0.8666666666666667,0.8666666666666667,4.076923076923077,4.076923076923077,-1.0666666666666667,1.0666666666666667,-0.8666666666666667,0.8666666666666667,0,0,1,0,0.4934210859838031,-2.687572080307838
2019-09-09 16:00:00,22893,22936,22915,22891,22877,22816,23013,22950,37573,47765,1,1,22,-2,136,134,98,14,16,75,24,114,89,4.454545454545454,4.454545454545454,-7.0,7.0,0.7272727272727273,0.7272727272727273,-37.5,37.5,5.181818181818182,5.181818181818182,-44.5,44.5,-11.0,11.0,0,0,1,0,2.2107481390486643,0.14989938050295235
2019-09-10 18:00:00,23720,23740,23732,23716,23719,23625,23751,23786,233,754,1,1,12,-4,32,161,19,46,1,91,16,20,137,1.5833333333333333,1.5833333333333333,-11.5,11.5,0.08333333333333333,0.08333333333333333,-22.75,22.75,1.6666666666666667,1.6666666666666667,-34.25,34.25,-3.0,3.0,0,0,1,0,1.6883409563085345,-1.52239229091154
2019-09-13 12:00:00,23785,23865,23801,23782,23751,23774,23845,23923,3894,1537,1,1,16,-3,94,149,44,58,34,8,19,78,66,2.75,2.75,-19.333333333333332,19.333333333333332,2.125,2.125,-2.6666666666666665,2.6666666666666665,4.875,4.875,-22.0,22.0,-5.333333333333333,5.333333333333333,0,0,1,0,1.624990040783364,-1.6476637004671166
2019-09-13 17:00:00,23685,23822,23726,23681,23625,23670,23747,23826,2021,1244,1,1,41,-4,122,156,21,4,60,11,45,81,15,0.5121951219512195,0.5121951219512195,-1.0,1.0,1.4634146341463414,1.4634146341463414,-2.75,2.75,1.975609756097561,1.975609756097561,-3.75,3.75,-10.25,10.25,0,0,1,0,1.1262030244450734,-2.391156263055616
2019-09-16 14:00:00,23898,23960,23941,23896,23870,23869,23962,23961,1629,1091,1,1,43,-2,92,92,21,1,28,27,45,49,28,0.4883720930232558,0.4883720930232558,-0.5,0.5,0.6511627906976745,0.6511627906976745,-13.5,13.5,1.1395348837209303,1.1395348837209303,-14.0,14.0,-21.5,21.5,0,0,1,0,1.1052544635103425,-2.358649974063283
2019-09-16 15:00:00,23929,23898,23906,23941,23890,23870,23929,23962,1169,1629,1,1,-23,12,39,92,0,21,16,28,-35,16,49,-0.0,0.0,1.75,1.75,-0.6956521739130435,0.6956521739130435,2.3333333333333335,2.3333333333333335,-0.6956521739130435,0.6956521739130435,4.083333333333333,4.083333333333333,-1.9166666666666667,1.9166666666666667,0,0,1,0,0.12679899509608958,-3.2410729441825183
2019-09-16 16:00:00,23910,23929,23913,23906,23900,23890,23920,23929,803,1169,1,1,3,-4,20,39,7,0,10,16,7,17,16,2.3333333333333335,2.3333333333333335,-0.0,0.0,3.3333333333333335,3.3333333333333335,-4.0,4.0,5.666666666666667,5.666666666666667,-4.0,4.0,-0.75,0.75,0,0,1,0,0.18643308164918246,-3.251955473032384
2019-09-17 13:00:00,23880,23969,23900,23879,23858,23846,23914,24001,2242,8752,1,1,20,-1,56,155,14,32,22,33,21,36,65,0.7,0.7,-32.0,32.0,1.1,1.1,-33.0,33.0,1.8,1.8,-65.0,65.0,-20.0,20.0,0,0,1,0,2.012709324286241,-0.9313335851922867
2019-09-18 14:00:00,23968,24013,23979,23967,23951,23944,24000,24020,7390,11206,1,1,11,-1,49,76,21,7,17,23,12,38,30,1.9090909090909092,1.9090909090909092,-7.0,7.0,1.5454545454545454,1.5454545454545454,-23.0,23.0,3.4545454545454546,3.4545454545454546,-30.0,30.0,-11.0,11.0,0,0,1,0,1.016938865293019,-2.1370361315650395
2019-09-18 20:00:00,23916,23933,23921,23914,23900,23905,23940,23949,2510,2125,1,1,5,-2,40,44,19,16,16,9,7,35,25,3.8,3.8,-8.0,8.0,3.2,3.2,-4.5,4.5,7.0,7.0,-12.5,12.5,-2.5,2.5,0,0,1,0,0.5815477879593541,-2.7079157554720226
2019-09-20 18:00:00,23529,23566,23561,23527,23486,23506,23603,23643,23731,31821,1,1,32,-2,117,137,42,77,43,21,34,85,98,1.3125,1.3125,-38.5,38.5,1.34375,1.34375,-10.5,10.5,2.65625,2.65625,-49.0,49.0,-16.0,16.0,0,0,1,0,2.3405423404401766,-0.27391307599921483
2019-09-23 12:00:00,23383,23515,23426,23382,23363,23373,23433,23554,20242,49253,1,1,43,-1,70,181,7,39,20,9,44,27,48,0.16279069767441862,0.16279069767441862,-39.0,39.0,0.46511627906976744,0.46511627906976744,-9.0,9.0,0.627906976744186,0.627906976744186,-48.0,48.0,-43.0,43.0,0,0,1,0,1.6966227555115023,-0.7741944763100661
2019-09-24 13:00:00,23580,23608,23589,23577,23556,23550,23623,23617,23709,27931,1,1,9,-3,67,67,34,9,24,27,12,58,36,3.7777777777777777,3.7777777777777777,-3.0,3.0,2.6666666666666665,2.6666666666666665,-9.0,9.0,6.444444444444445,6.444444444444445,-12.0,12.0,-3.0,3.0,0,0,1,0,0.7905227920304514,-2.045416955793867
2019-09-24 20:00:00,22967,23113,23056,22965,22950,22959,23075,23145,10475,18775,1,1,89,-2,125,186,19,32,17,6,91,36,38,0.21348314606741572,0.21348314606741572,-16.0,16.0,0.19101123595505617,0.19101123595505617,-3.0,3.0,0.4044943820224719,0.4044943820224719,-19.0,19.0,-44.5,44.5,0,0,1,0,1.4841999337377687,-1.3898417963905803
2019-09-26 13:00:00,23404,23433,23416,23403,23385,23377,23445,23440,17956,18235,1,1,12,-1,60,63,29,7,19,26,13,48,33,2.4166666666666665,2.4166666666666665,-7.0,7.0,1.5833333333333333,1.5833333333333333,-26.0,26.0,4.0,4.0,-33.0,33.0,-12.0,12.0,0,0,1,0,1.0164442224722767,-1.7185134698286753
2019-09-26 18:00:00,23254,23376,23280,23250,23180,23248,23313,23408,35490,42501,1,1,26,-4,133,160,33,32,74,2,30,107,34,1.2692307692307692,1.2692307692307692,-8.0,8.0,2.8461538461538463,2.8461538461538463,-0.5,0.5,4.115384615384615,4.115384615384615,-8.5,8.5,-6.5,6.5,0,0,1,0,1.3147383234318102,-1.3639526242691382
2019-09-27 14:00:00,23303,23332,23325,23300,23287,23283,23346,23364,10540,19537,1,1,22,-3,59,81,21,32,16,17,25,37,49,0.9545454545454546,0.9545454545454546,-10.666666666666666,10.666666666666666,0.7272727272727273,0.7272727272727273,-5.666666666666667,5.666666666666667,1.6818181818181819,1.6818181818181819,-16.333333333333332,16.333333333333332,-7.333333333333333,7.333333333333333,0,0,1,0,0.796726400706489,-2.2111747483939173
2019-09-30 13:00:00,22981,23109,23079,22979,22972,22974,23153,23115,37701,41642,1,1,98,-2,181,141,74,6,9,5,100,83,11,0.7551020408163265,0.7551020408163265,-3.0,3.0,0.09183673469387756,0.09183673469387756,-2.5,2.5,0.8469387755102041,0.8469387755102041,-5.5,5.5,-49.0,49.0,0,0,1,0,1.4983624574315704,-1.1109758476636769
2019-09-30 23:00:00,23094,23143,23122,23090,23091,23090,23149,23143,1765,2818,1,1,28,-4,58,53,27,0,3,0,32,30,0,0.9642857142857143,0.9642857142857143,-0.0,0.0,0.10714285714285714,0.10714285714285714,-0.0,0.0,1.0714285714285714,1.0714285714285714,-0.0,0.0,-7.0,7.0,0,0,1,0,0.10580144417576917,-3.1850104954097134
2019-10-04 18:00:00,22561,22787,22615,22560,22530,22542,22640,22788,31811,66405,1,1,54,-1,110,246,25,1,31,18,55,56,19,0.46296296296296297,0.46296296296296297,-1.0,1.0,0.5740740740740741,0.5740740740740741,-18.0,18.0,1.037037037037037,1.037037037037037,-19.0,19.0,-54.0,54.0,0,0,1,0,1.3073809655283108,-0.8198732018206257
2019-10-08 15:00:00,22886,22915,22905,22885,22852,22855,22919,22924,19613,27174,1,1,19,-1,67,69,14,9,34,30,20,48,39,0.7368421052631579,0.7368421052631579,-9.0,9.0,1.7894736842105263,1.7894736842105263,-30.0,30.0,2.526315789473684,2.526315789473684,-39.0,39.0,-19.0,19.0,0,0,1,0,1.086050651249445,-1.3401418236383624
2019-10-16 12:00:00,23268,23283,23282,23266,23236,23230,23283,23300,14339,16956,1,1,14,-2,47,70,1,17,32,36,16,33,53,0.07142857142857142,0.07142857142857142,-8.5,8.5,2.2857142857142856,2.2857142857142856,-18.0,18.0,2.357142857142857,2.357142857142857,-26.5,26.5,-7.0,7.0,0,0,1,0,0.8442937874626918,-1.9847655915535516
2019-10-17 20:00:00,23588,23600,23594,23587,23570,23561,23616,23624,4445,7025,1,1,6,-1,46,63,22,24,18,26,7,40,50,3.6666666666666665,3.6666666666666665,-24.0,24.0,3.0,3.0,-26.0,26.0,6.666666666666667,6.666666666666667,-50.0,50.0,-6.0,6.0,0,0,1,0,1.3600573880682951,-1.4261074106341078
2019-10-21 12:00:00,23759,23922,23767,23758,23727,23756,23776,23923,30869,52331,1,1,8,-1,49,167,9,1,32,2,9,41,3,1.125,1.125,-1.0,1.0,4.0,4.0,-2.0,2.0,5.125,5.125,-3.0,3.0,-8.0,8.0,0,0,1,0,0.4426205216231422,-2.3461745443489344
2019-10-21 17:00:00,23702,23772,23746,23700,23666,23695,23750,23787,26877,29486,1,1,44,-2,84,92,4,15,36,5,46,40,20,0.09090909090909091,0.09090909090909091,-7.5,7.5,0.8181818181818182,0.8181818181818182,-2.5,2.5,0.9090909090909091,0.9090909090909091,-10.0,10.0,-22.0,22.0,0,0,1,0,0.8141215320469011,-2.2123191981911567
2019-10-22 22:00:00,24203,24235,24216,24201,24200,24201,24229,24235,3678,5541,1,1,13,-2,29,34,13,0,3,0,15,16,0,1.0,1.0,-0.0,0.0,0.23076923076923078,0.23076923076923078,-0.0,0.0,1.2307692307692308,1.2307692307692308,-0.0,0.0,-6.5,6.5,0,0,1,0,0.10105623768559278,-3.5637381772373757
2019-10-28 15:00:00,24160,24323,24199,24159,24086,24145,24230,24368,25484,29126,1,1,39,-1,144,223,31,45,74,14,40,105,59,0.7948717948717948,0.7948717948717948,-45.0,45.0,1.8974358974358974,1.8974358974358974,-14.0,14.0,2.6923076923076925,2.6923076923076925,-59.0,59.0,-39.0,39.0,0,0,1,0,2.880529588951945,0.10765809055041207
2019-10-28 18:00:00,23782,24236,23929,23778,23761,23746,23966,24245,35289,76971,1,1,147,-4,205,499,37,9,21,32,151,58,41,0.25170068027210885,0.25170068027210885,-2.25,2.25,0.14285714285714285,0.14285714285714285,-8.0,8.0,0.3945578231292517,0.3945578231292517,-10.25,10.25,-36.75,36.75,0,0,1,0,2.5289677688455416,-0.318365077263861
2019-10-30 11:00:00,24158,24230,24208,24156,24139,24118,24221,24270,37728,42366,1,1,50,-2,82,152,13,40,19,38,52,32,78,0.26,0.26,-20.0,20.0,0.38,0.38,-19.0,19.0,0.64,0.64,-39.0,39.0,-25.0,25.0,0,0,1,0,1.855030328442415,-0.9420456872437385
2019-11-01 11:00:00,23494,23713,23625,23490,23492,23484,23689,23800,53982,88570,1,1,131,-4,197,316,64,87,2,6,135,66,93,0.48854961832061067,0.48854961832061067,-21.75,21.75,0.015267175572519083,0.015267175572519083,-1.5,1.5,0.5038167938931297,0.5038167938931297,-23.25,23.25,-32.75,32.75,0,0,1,0,2.6858649809507393,0.32480991049844166
2019-11-05 18:00:00,23962,24043,24024,23959,23870,23940,24055,24087,38976,31951,1,1,62,-3,185,147,31,44,92,19,65,123,63,0.5,0.5,-14.666666666666666,14.666666666666666,1.4838709677419355,1.4838709677419355,-6.333333333333333,6.333333333333333,1.9838709677419355,1.9838709677419355,-21.0,21.0,-20.666666666666668,20.666666666666668,0,0,1,0,2.2812882084209503,-0.6748638297942735
2019-11-06 20:00:00,23789,24063,23847,23782,23730,23565,23877,24085,12138,35456,1,1,58,-7,147,520,30,22,59,217,65,89,239,0.5172413793103449,0.5172413793103449,-3.142857142857143,3.142857142857143,1.0172413793103448,1.0172413793103448,-31.0,31.0,1.5344827586206897,1.5344827586206897,-34.142857142857146,34.142857142857146,-8.285714285714286,8.285714285714286,0,0,1,0,3.8324343254299196,0.8602180872684442
2019-11-08 18:00:00,24142,24242,24189,24136,24052,24123,24197,24247,33775,30081,1,1,47,-6,145,124,8,5,90,13,53,98,18,0.1702127659574468,0.1702127659574468,-0.8333333333333334,0.8333333333333334,1.9148936170212767,1.9148936170212767,-2.1666666666666665,2.1666666666666665,2.0851063829787235,2.0851063829787235,-3.0,3.0,-7.833333333333333,7.833333333333333,0,0,1,0,1.3125689452178664,-1.9757412200648246
2019-11-11 17:00:00,24289,24318,24307,24288,24195,24270,24355,24360,26361,9681,1,1,18,-1,160,90,48,42,94,18,19,142,60,2.6666666666666665,2.6666666666666665,-42.0,42.0,5.222222222222222,5.222222222222222,-18.0,18.0,7.888888888888889,7.888888888888889,-60.0,60.0,-18.0,18.0,0,0,1,0,2.8501058076717958,0.060673910863112086
2019-11-12 23:00:00,24014,24056,24035,24013,23995,24005,24044,24061,4107,4644,1,1,21,-1,49,56,9,5,19,8,22,28,13,0.42857142857142855,0.42857142857142855,-5.0,5.0,0.9047619047619048,0.9047619047619048,-8.0,8.0,1.3333333333333333,1.3333333333333333,-13.0,13.0,-21.0,21.0,0,0,1,0,0.6241082984015593,-2.811373938132231
2019-11-18 18:00:00,23807,23893,23843,23806,23782,23780,23884,23900,19516,32072,1,1,36,-1,102,120,41,7,25,26,37,66,33,1.1388888888888888,1.1388888888888888,-7.0,7.0,0.6944444444444444,0.6944444444444444,-26.0,26.0,1.8333333333333333,1.8333333333333333,-33.0,33.0,-36.0,36.0,0,0,1,0,1.6466030143433283,-1.207904648360766
2019-11-19 10:00:00,23914,23952,23949,23902,23860,23889,23999,23956,40919,2907,1,1,35,-12,139,67,50,4,54,13,47,104,17,1.4285714285714286,1.4285714285714286,-0.3333333333333333,0.3333333333333333,1.542857142857143,1.542857142857143,-1.0833333333333333,1.0833333333333333,2.9714285714285715,2.9714285714285715,-1.4166666666666667,1.4166666666666667,-2.9166666666666665,2.9166666666666665,0,0,1,0,1.1918510717631772,-2.1977812241403503
2019-11-19 14:00:00,24055,24076,24067,24045,23978,24016,24076,24090,14313,11970,1,1,12,-10,98,74,9,14,77,29,22,86,43,0.75,0.75,-1.4,1.4,6.416666666666667,6.416666666666667,-2.9,2.9,7.166666666666667,7.166666666666667,-4.3,4.3,-1.2,1.2,0,0,1,0,1.1726104491730418,-2.2049288744290454
2019-11-19 22:00:00,23967,24002,23993,23966,23967,23933,24020,24017,3580,4807,1,1,26,-1,53,84,27,15,0,33,27,27,48,1.0384615384615385,1.0384615384615385,-15.0,15.0,0.0,0.0,-33.0,33.0,1.0384615384615385,1.0384615384615385,-48.0,48.0,-26.0,26.0,0,0,1,0,1.5259280330517602,-1.6063603747747879
2019-11-22 20:00:00,23854,23874,23869,23853,23851,23830,23885,23937,2144,9594,1,1,15,-1,34,107,16,63,3,23,16,19,86,1.0666666666666667,1.0666666666666667,-63.0,63.0,0.2,0.2,-23.0,23.0,1.2666666666666666,1.2666666666666666,-86.0,86.0,-15.0,15.0,0,0,1,0,2.202165748883597,-0.5807501905643894
2019-11-25 17:00:00,23855,23907,23897,23853,23836,23847,23899,23919,21534,20217,1,1,42,-2,63,72,2,12,19,6,44,21,18,0.047619047619047616,0.047619047619047616,-6.0,6.0,0.4523809523809524,0.4523809523809524,-3.0,3.0,0.5,0.5,-9.0,9.0,-21.0,21.0,0,0,1,0,0.6134298535827221,-2.595393312515229
2019-11-25 20:00:00,23872,23925,23882,23871,23861,23845,23890,23925,1345,9156,1,1,10,-1,29,80,8,0,11,26,11,19,26,0.8,0.8,-0.0,0.0,1.1,1.1,-26.0,26.0,1.9,1.9,-26.0,26.0,-10.0,10.0,0,0,1,0,0.7100692925556825,-2.541530893683224
2019-11-26 18:00:00,23619,23633,23620,23616,23550,23589,23690,23664,28782,33817,1,1,1,-3,140,75,70,31,69,27,4,139,58,70.0,70.0,-10.333333333333334,10.333333333333334,69.0,69.0,-9.0,9.0,139.0,139.0,-19.333333333333332,19.333333333333332,-0.3333333333333333,0.3333333333333333,0,0,1,1,3.2972652281361947,4.909938720788514
2019-11-26 19:00:00,23663,23619,23639,23620,23580,23550,23673,23690,8953,28782,1,1,-24,-43,93,140,10,70,59,69,19,69,139,-0.4166666666666667,0.4166666666666667,-1.627906976744186,1.627906976744186,-2.4583333333333335,2.4583333333333335,-1.6046511627906976,1.6046511627906976,-2.875,2.875,-3.2325581395348837,3.2325581395348837,0.5581395348837209,0.5581395348837209,0,0,1,0,1.7781049602466272,-2.080119778991653
2019-11-26 20:00:00,23640,23663,23657,23639,23627,23580,23675,23673,4134,8953,1,1,17,-1,48,93,18,10,13,59,18,31,69,1.0588235294117647,1.0588235294117647,-10.0,10.0,0.7647058823529411,0.7647058823529411,-59.0,59.0,1.8235294117647058,1.8235294117647058,-69.0,69.0,-17.0,17.0,0,0,1,0,1.8509640575197586,-0.9117333795750149
2019-11-28 11:00:00,23539,23605,23548,23537,23522,23511,23615,23623,23475,36161,1,1,9,-2,93,112,67,18,17,26,11,84,44,7.444444444444445,7.444444444444445,-9.0,9.0,1.8888888888888888,1.8888888888888888,-13.0,13.0,9.333333333333334,9.333333333333334,-22.0,22.0,-4.5,4.5,0,0,1,0,1.350801227781292,-1.2498732069974654
2019-11-28 23:00:00,23659,23682,23679,23658,23642,23652,23689,23684,2734,1707,1,1,20,-1,47,32,10,2,17,6,21,27,8,0.5,0.5,-2.0,2.0,0.85,0.85,-6.0,6.0,1.35,1.35,-8.0,8.0,-20.0,20.0,0,0,1,0,0.36404078958494107,-2.9898963698789656
2019-11-29 15:00:00,23304,23391,23383,23303,23300,23291,23408,23397,15369,20725,1,1,79,-1,108,106,25,6,4,12,80,29,18,0.31645569620253167,0.31645569620253167,-6.0,6.0,0.05063291139240506,0.05063291139240506,-12.0,12.0,0.3670886075949367,0.3670886075949367,-18.0,18.0,-79.0,79.0,0,0,1,0,1.3725970546339155,-1.4698384213331948
2019-11-29 20:00:00,23448,23464,23456,23446,23419,23429,23470,23500,3515,6897,1,1,8,-2,51,71,14,36,29,17,10,43,53,1.75,1.75,-18.0,18.0,3.625,3.625,-8.5,8.5,5.375,5.375,-26.5,26.5,-4.0,4.0,0,0,1,0,0.9979853686746313,-1.9909394549844974
2019-12-05 12:00:00,23027,23119,23060,23021,23003,22970,23116,23123,26209,54058,1,1,33,-6,113,153,56,4,24,51,39,80,55,1.696969696969697,1.696969696969697,-0.6666666666666666,0.6666666666666666,0.7272727272727273,0.7272727272727273,-8.5,8.5,2.4242424242424243,2.4242424242424243,-9.166666666666666,9.166666666666666,-5.5,5.5,0,0,1,0,1.1988339899719482,-1.4364360090135044
2019-12-05 23:00:00,23267,23282,23275,23266,23260,23240,23295,23317,1959,5136,1,1,8,-1,35,77,20,35,7,26,9,27,61,2.5,2.5,-35.0,35.0,0.875,0.875,-26.0,26.0,3.375,3.375,-61.0,61.0,-8.0,8.0,0,0,1,0,1.4353830751980539,-1.2647993244269469
2019-12-06 13:00:00,23316,23370,23326,23314,23313,23283,23375,23387,11383,21252,1,1,10,-2,62,104,49,17,3,31,12,52,48,4.9,4.9,-8.5,8.5,0.3,0.3,-15.5,15.5,5.2,5.2,-24.0,24.0,-5.0,5.0,0,0,1,0,1.0364153368320401,-1.7698966199827613
2019-12-10 13:00:00,24120,24165,24163,24083,24116,24049,24199,24165,315,659,1,1,43,-37,83,116,36,0,4,34,80,40,34,0.8372093023255814,0.8372093023255814,-0.0,0.0,0.09302325581395349,0.09302325581395349,-0.918918918918919,0.918918918918919,0.9302325581395349,0.9302325581395349,-0.918918918918919,0.918918918918919,-1.162162162162162,1.162162162162162,0,0,1,0,1.1800937761544807,-3.1131193255422334
2019-12-12 20:00:00,24481,24500,24498,24480,24465,24455,24514,24541,153,292,1,1,17,-1,49,86,16,41,16,25,18,32,66,0.9411764705882353,0.9411764705882353,-41.0,41.0,0.9411764705882353,0.9411764705882353,-25.0,25.0,1.8823529411764706,1.8823529411764706,-66.0,66.0,-17.0,17.0,0,0,1,0,2.0131288901086735,-1.24640079920583
2019-12-12 21:00:00,24504,24481,24497,24498,24493,24465,24505,24514,35,153,1,1,-7,-6,12,49,1,16,4,16,-1,5,32,-0.14285714285714285,0.14285714285714285,-2.6666666666666665,2.6666666666666665,-0.5714285714285714,0.5714285714285714,-2.6666666666666665,2.6666666666666665,-0.7142857142857143,0.7142857142857143,-5.333333333333333,5.333333333333333,1.1666666666666667,1.1666666666666667,0,0,1,0,0.29164311486118083,-3.604354516181603
2019-12-12 22:00:00,24500,24504,24501,24497,24491,24493,24524,24505,199,35,1,1,1,-3,33,12,23,1,9,4,4,32,5,23.0,23.0,-0.3333333333333333,0.3333333333333333,9.0,9.0,-1.3333333333333333,1.3333333333333333,32.0,32.0,-1.6666666666666667,1.6666666666666667,-0.3333333333333333,0.3333333333333333,0,0,1,0,0.5977354981827523,-2.260916092391736
2019-12-13 15:00:00,24513,24625,24541,24512,24492,24477,24556,24639,1874,3361,1,1,28,-1,64,162,15,14,21,35,29,36,49,0.5357142857142857,0.5357142857142857,-14.0,14.0,0.75,0.75,-35.0,35.0,1.2857142857142858,1.2857142857142858,-49.0,49.0,-28.0,28.0,0,0,1,0,1.9124035067950444,-1.4685650585233858
2019-12-16 11:00:00,24466,24519,24473,24465,24388,24442,24476,24600,2025,802,1,1,7,-1,88,158,3,81,78,23,8,81,104,0.42857142857142855,0.42857142857142855,-81.0,81.0,11.142857142857142,11.142857142857142,-23.0,23.0,11.571428571428571,11.571428571428571,-104.0,104.0,-7.0,7.0,0,0,1,0,3.408365086462908,0.7536817214020386
2019-12-17 12:00:00,24555,24600,24560,24553,24534,24504,24590,24600,2607,3155,1,1,5,-2,56,96,30,0,21,49,7,51,49,6.0,6.0,-0.0,0.0,4.2,4.2,-24.5,24.5,10.2,10.2,-24.5,24.5,-2.5,2.5,0,0,1,0,1.3478465956407606,-1.9891513794332272
2019-12-18 11:00:00,24426,24492,24465,24423,24393,24419,24472,24543,14970,11832,1,1,39,-3,79,124,7,51,33,4,42,40,55,0.1794871794871795,0.1794871794871795,-17.0,17.0,0.8461538461538461,0.8461538461538461,-1.3333333333333333,1.3333333333333333,1.0256410256410255,1.0256410256410255,-18.333333333333332,18.333333333333332,-13.0,13.0,0,0,1,0,1.3796442379363636,-2.136748029789939
2019-12-19 15:00:00,24811,24946,24871,24810,24809,24775,24899,24968,27247,48921,1,1,60,-1,90,193,28,22,2,35,61,30,57,0.4666666666666667,0.4666666666666667,-22.0,22.0,0.03333333333333333,0.03333333333333333,-35.0,35.0,0.5,0.5,-57.0,57.0,-60.0,60.0,0,0,1,0,2.5224034207494195,-0.3867433441880154
2019-12-20 11:00:00,24769,24818,24810,24768,24749,24729,24840,24892,16120,32874,1,1,41,-1,91,163,30,74,20,39,42,50,113,0.7317073170731707,0.7317073170731707,-74.0,74.0,0.4878048780487805,0.4878048780487805,-39.0,39.0,1.2195121951219512,1.2195121951219512,-113.0,113.0,-41.0,41.0,0,0,1,4,3.718540520389548,1.0636812906762485
2019-12-20 12:00:00,24809,24769,24780,24810,24765,24749,24840,24840,12853,16120,1,1,-29,1,75,91,31,30,15,20,-30,46,50,-1.0689655172413792,1.0689655172413792,30.0,30.0,-0.5172413793103449,0.5172413793103449,20.0,20.0,-1.5862068965517242,1.5862068965517242,50.0,50.0,-29.0,29.0,0,0,1,0,0.9069555667745668,-2.8006372753135875
2019-12-20 13:00:00,24782,24809,24793,24780,24762,24765,24817,24840,20908,12853,1,1,11,-2,55,75,24,31,20,15,13,44,46,2.1818181818181817,2.1818181818181817,-15.5,15.5,1.8181818181818181,1.8181818181818181,-7.5,7.5,4.0,4.0,-23.0,23.0,-5.5,5.5,0,0,1,0,1.2363546000198922,-2.20673761278383
2019-12-25 12:00:00,25079,25161,25119,25077,25024,25076,25130,25196,23520,15051,1,1,40,-2,106,120,11,35,55,1,42,66,36,0.275,0.275,-17.5,17.5,1.375,1.375,-0.5,0.5,1.65,1.65,-18.0,18.0,-20.0,20.0,0,0,1,0,1.6615839485357256,-2.0017546485912248
2019-12-25 17:00:00,25085,25146,25097,25084,25079,25084,25119,25148,3555,4493,1,1,12,-1,40,64,22,2,6,0,13,28,2,1.8333333333333333,1.8333333333333333,-2.0,2.0,0.5,0.5,-0.0,0.0,2.3333333333333335,2.3333333333333335,-2.0,2.0,-12.0,12.0,0,0,1,0,0.5615863517118176,-3.4139501520450812
2019-12-26 13:00:00,25164,25228,25197,25161,25158,25158,25197,25250,4927,15501,1,1,33,-3,39,92,0,22,6,3,36,6,25,0.0,0.0,-7.333333333333333,7.333333333333333,0.18181818181818182,0.18181818181818182,-1.0,1.0,0.18181818181818182,0.18181818181818182,-8.333333333333334,8.333333333333334,-11.0,11.0,0,0,1,0,0.7919636425485231,-3.1933204189645594
2019-12-30 11:00:00,25408,25491,25473,25407,25363,25385,25479,25547,24512,36865,1,1,65,-1,116,162,6,56,45,22,66,51,78,0.09230769230769231,0.09230769230769231,-56.0,56.0,0.6923076923076923,0.6923076923076923,-22.0,22.0,0.7846153846153846,0.7846153846153846,-78.0,78.0,-65.0,65.0,0,0,1,0,3.3499233635544257,0.2614865881707881
2020-01-06 13:00:00,25460,25490,25469,25458,25446,25415,25503,25528,11752,21913,1,1,9,-2,57,113,34,38,14,43,11,48,81,3.7777777777777777,3.7777777777777777,-19.0,19.0,1.5555555555555556,1.5555555555555556,-21.5,21.5,5.333333333333333,5.333333333333333,-40.5,40.5,-4.5,4.5,0,0,1,0,2.0234321157363215,-1.531494472899752
2020-01-09 14:00:00,26179,26256,26225,26173,26156,26170,26237,26368,14829,24031,1,1,46,-6,81,198,12,112,23,3,52,35,115,0.2608695652173913,0.2608695652173913,-18.666666666666668,18.666666666666668,0.5,0.5,-0.5,0.5,0.7608695652173914,0.7608695652173914,-19.166666666666668,19.166666666666668,-7.666666666666667,7.666666666666667,0,0,1,0,2.366154369111953,-1.8836811717184896
2020-01-10 14:00:00,26078,26147,26084,26073,26040,26072,26113,26153,10478,10557,1,1,6,-5,73,81,29,6,38,1,11,67,7,4.833333333333333,4.833333333333333,-1.2,1.2,6.333333333333333,6.333333333333333,-0.2,0.2,11.166666666666666,11.166666666666666,-1.4,1.4,-1.2,1.2,0,0,1,0,1.2277613692533573,-2.8839035112311144
2020-01-14 22:00:00,26137,26172,26156,26136,26071,26128,26171,26187,7122,4598,1,1,19,-1,100,59,15,15,66,8,20,81,23,0.7894736842105263,0.7894736842105263,-15.0,15.0,3.473684210526316,3.473684210526316,-8.0,8.0,4.2631578947368425,4.2631578947368425,-23.0,23.0,-19.0,19.0,0,0,1,0,1.8549608844917294,-2.301357502915374
2020-01-15 17:00:00,25753,25950,25948,25751,25720,25676,26013,25977,74034,82909,1,1,195,-2,293,301,65,27,33,75,197,98,102,0.3333333333333333,0.3333333333333333,-13.5,13.5,0.16923076923076924,0.16923076923076924,-37.5,37.5,0.5025641025641026,0.5025641025641026,-51.0,51.0,-97.5,97.5,0,0,1,4,4.750600630272439,1.9646229563596784
2020-01-21 11:00:00,26648,26903,26706,26645,26607,26544,26721,26903,29669,90584,1,1,58,-3,114,359,15,0,41,101,61,56,101,0.25862068965517243,0.25862068965517243,-0.0,0.0,0.7068965517241379,0.7068965517241379,-33.666666666666664,33.666666666666664,0.9655172413793104,0.9655172413793104,-33.666666666666664,33.666666666666664,-19.333333333333332,19.333333333333332,0,0,1,0,3.0616692650824167,-0.6096947168384018
2020-01-22 15:00:00,26784,26996,26849,26781,26774,26776,26909,26998,26699,34064,1,1,65,-3,135,222,60,2,10,5,68,70,7,0.9230769230769231,0.9230769230769231,-0.6666666666666666,0.6666666666666666,0.15384615384615385,0.15384615384615385,-1.6666666666666667,1.6666666666666667,1.0769230769230769,1.0769230769230769,-2.3333333333333335,2.3333333333333335,-21.666666666666668,21.666666666666668,0,0,1,0,2.0265290756336714,-2.417970612623185
2020-01-27 11:00:00,26205,26676,26228,26204,26188,26166,26400,26676,42745,70639,1,1,23,-1,212,510,172,0,17,38,24,189,38,7.478260869565218,7.478260869565218,-0.0,0.0,0.7391304347826086,0.7391304347826086,-38.0,38.0,8.217391304347826,8.217391304347826,-38.0,38.0,-23.0,23.0,0,0,1,0,4.021441883401036,0.6952405065418247
2020-01-27 14:00:00,25920,26005,25936,25916,25759,25874,26016,26041,50266,36454,1,1,16,-4,257,167,80,36,161,42,20,241,78,5.0,5.0,-9.0,9.0,10.0625,10.0625,-10.5,10.5,15.0625,15.0625,-19.5,19.5,-4.0,4.0,0,0,1,0,3.6768058746656793,0.3872389473095103
2020-01-27 22:00:00,25849,25897,25874,25842,25821,25821,25905,25941,3647,6985,1,1,25,-7,84,120,31,44,28,21,32,59,65,1.24,1.24,-6.285714285714286,6.285714285714286,1.12,1.12,-3.0,3.0,2.36,2.36,-9.285714285714286,9.285714285714286,-3.5714285714285716,3.5714285714285716,0,0,1,0,1.7485801115613062,-2.598247792618376
2020-01-29 19:00:00,26179,26257,26229,26171,26173,26082,26271,26257,7536,37695,1,1,50,-8,98,175,42,0,6,89,58,48,89,0.84,0.84,-0.0,0.0,0.12,0.12,-11.125,11.125,0.96,0.96,-11.125,11.125,-6.25,6.25,0,0,1,0,2.1263158009741945,-2.1465760336481576
2020-01-30 21:00:00,25847,25942,25866,25845,25832,25838,25880,25961,3393,8043,1,1,19,-2,48,123,14,19,15,7,21,29,26,0.7368421052631579,0.7368421052631579,-9.5,9.5,0.7894736842105263,0.7894736842105263,-3.5,3.5,1.5263157894736843,1.5263157894736843,-13.0,13.0,-9.5,9.5,0,0,1,0,1.2192432512224567,-3.0257598933126206
2020-01-31 19:00:00,25420,25623,25521,25373,25360,25369,25539,25655,24373,53454,1,1,101,-47,179,286,18,32,60,4,148,78,36,0.1782178217821782,0.1782178217821782,-0.6808510638297872,0.6808510638297872,0.594059405940594,0.594059405940594,-0.0851063829787234,0.0851063829787234,0.7722772277227723,0.7722772277227723,-0.7659574468085106,0.7659574468085106,-2.148936170212766,2.148936170212766,0,0,1,0,2.5278469305689564,-2.041161291446809
2020-02-03 10:00:00,25361,25448,25429,25356,25292,25350,25556,25455,82333,4392,1,1,68,-5,264,105,127,7,69,6,73,196,13,1.8676470588235294,1.8676470588235294,-1.4,1.4,1.0147058823529411,1.0147058823529411,-1.2,1.2,2.8823529411764706,2.8823529411764706,-2.6,2.6,-13.6,13.6,0,0,1,0,2.617083060340557,-0.9645426638769024
2020-02-03 20:00:00,25537,25615,25598,25536,25523,25471,25618,25649,8366,18031,1,1,61,-1,95,178,20,34,14,65,62,34,99,0.32786885245901637,0.32786885245901637,-34.0,34.0,0.22950819672131148,0.22950819672131148,-65.0,65.0,0.5573770491803278,0.5573770491803278,-99.0,99.0,-61.0,61.0,0,0,1,0,3.722117396889169,0.5051170451827155
2020-02-03 21:00:00,25598,25537,25540,25598,25536,25523,25644,25618,5841,8366,1,1,-58,0,108,95,46,20,4,14,-58,50,34,-0.7931034482758621,0.7931034482758621,100.0,100.0,-0.06896551724137931,0.06896551724137931,100.0,100.0,-0.8620689655172413,0.8620689655172413,100.0,100.0,0.0,0.0,0,1,1,3,0.6511524760322026,-3.841508089864874
2020-02-03 22:00:00,25542,25598,25557,25540,25510,25536,25576,25644,3467,5841,1,1,15,-2,66,108,19,46,32,4,17,51,50,1.2666666666666666,1.2666666666666666,-23.0,23.0,2.1333333333333333,2.1333333333333333,-2.0,2.0,3.4,3.4,-25.0,25.0,-7.5,7.5,0,0,1,0,1.6606689151459444,-2.318692778315576
2020-02-04 12:00:00,25582,25639,25606,25578,25540,25468,25635,25670,27509,57997,1,1,24,-4,95,202,29,31,42,110,28,71,141,1.2083333333333333,1.2083333333333333,-7.75,7.75,1.75,1.75,-27.5,27.5,2.9583333333333335,2.9583333333333335,-35.25,35.25,-6.0,6.0,0,0,1,0,2.7348578560898473,-0.6208782848873423
2020-02-04 20:00:00,25702,25750,25719,25698,25669,25676,25739,25765,4081,8578,1,1,17,-4,70,89,20,15,33,22,21,53,37,1.1764705882352942,1.1764705882352942,-3.75,3.75,1.9411764705882353,1.9411764705882353,-5.5,5.5,3.1176470588235294,3.1176470588235294,-9.25,9.25,-4.25,4.25,0,0,1,0,1.333992009653134,-2.849858089946386
2020-02-05 19:00:00,25739,25895,25751,25729,25663,25684,25773,25905,11826,38327,1,1,12,-10,110,221,22,10,76,45,22,98,55,1.8333333333333333,1.8333333333333333,-1.0,1.0,6.333333333333333,6.333333333333333,-4.5,4.5,8.166666666666666,8.166666666666666,-5.5,5.5,-1.2,1.2,0,0,1,0,2.0393268571392507,-1.880154877394731
2020-02-06 14:00:00,25575,25663,25593,25571,25531,25559,25647,25663,24701,25539,1,1,18,-4,116,104,54,0,44,12,22,98,12,3.0,3.0,-0.0,0.0,2.4444444444444446,2.4444444444444446,-3.0,3.0,5.444444444444445,5.444444444444445,-3.0,3.0,-4.5,4.5,0,0,1,0,1.469438128193549,-2.3833891542529764
2020-02-06 17:00:00,25418,25580,25419,25412,25347,25411,25468,25583,44957,27846,1,1,1,-6,121,172,49,3,71,1,7,120,4,49.0,49.0,-0.5,0.5,71.0,71.0,-0.16666666666666666,0.16666666666666666,120.0,120.0,-0.6666666666666666,0.6666666666666666,-0.16666666666666666,0.16666666666666666,0,0,1,1,2.8741980284098574,2.9819534363031583
2020-02-06 18:00:00,25417,25418,25356,25419,25350,25347,25427,25468,17695,44957,1,1,-61,2,77,121,10,49,6,71,-63,16,120,-0.16393442622950818,0.16393442622950818,24.5,24.5,-0.09836065573770492,0.09836065573770492,35.5,35.5,-0.26229508196721313,0.26229508196721313,60.0,60.0,-30.5,30.5,0,0,1,0,1.2053408642708834,-2.444185386791277
2020-02-06 19:00:00,25379,25417,25412,25356,25353,25350,25492,25427,13914,17695,1,1,33,-23,139,77,80,10,26,6,56,106,16,2.4242424242424243,2.4242424242424243,-0.43478260869565216,0.43478260869565216,0.7878787878787878,0.7878787878787878,-0.2608695652173913,0.2608695652173913,3.212121212121212,3.212121212121212,-0.6956521739130435,0.6956521739130435,-1.434782608695652,1.434782608695652,0,0,1,0,1.719078491463261,-2.620758680345631
2020-02-06 22:00:00,25464,25479,25468,25463,25455,25444,25489,25490,3650,3269,1,1,4,-1,34,46,21,11,9,19,5,30,30,5.25,5.25,-11.0,11.0,2.25,2.25,-19.0,19.0,7.5,7.5,-30.0,30.0,-4.0,4.0,0,0,1,0,1.2400741755066016,-2.5063162920698145
2020-02-12 17:00:00,25460,25538,25521,25455,25428,25426,25521,25542,19437,22514,1,1,61,-5,93,116,0,4,32,29,66,32,33,0.0,0.0,-0.8,0.8,0.5245901639344263,0.5245901639344263,-5.8,5.8,0.5245901639344263,0.5245901639344263,-6.6,6.6,-12.2,12.2,0,0,1,0,1.3195186764209255,-2.669323546189645
2020-02-13 21:00:00,25518,25536,25522,25516,25497,25515,25539,25563,2462,3064,1,1,4,-2,42,48,17,27,21,1,6,38,28,4.25,4.25,-13.5,13.5,5.25,5.25,-0.5,0.5,9.5,9.5,-14.0,14.0,-2.0,2.0,0,0,1,0,1.0831584009395583,-2.7919072996987744
2020-02-14 18:00:00,25281,25326,25309,25275,25270,25270,25320,25396,15382,20459,1,1,28,-6,50,126,11,70,11,5,34,22,75,0.39285714285714285,0.39285714285714285,-11.666666666666666,11.666666666666666,0.39285714285714285,0.39285714285714285,-0.8333333333333334,0.8333333333333334,0.7857142857142857,0.7857142857142857,-12.5,12.5,-4.666666666666667,4.666666666666667,0,0,1,0,1.391045383596218,-2.5288835143319397
2020-02-27 13:00:00,24714,24792,24728,24709,24679,24702,24767,24844,20896,23963,1,1,14,-5,88,142,39,52,35,7,19,74,59,2.7857142857142856,2.7857142857142856,-10.4,10.4,2.5,2.5,-1.4,1.4,5.285714285714286,5.285714285714286,-11.8,11.8,-2.8,2.8,0,0,1,0,1.554242672292064,-1.9183093735686234
2020-02-27 16:00:00,24530,24625,24556,24529,24467,24463,24653,24665,36547,49037,1,1,26,-1,186,202,97,40,63,66,27,160,106,3.730769230769231,3.730769230769231,-40.0,40.0,2.423076923076923,2.423076923076923,-66.0,66.0,6.153846153846154,6.153846153846154,-106.0,106.0,-26.0,26.0,0,0,1,4,4.377937899829557,2.1516658091405936
2020-02-27 22:00:00,24464,24555,24470,24462,24440,24450,24594,24619,8443,9014,1,1,6,-2,154,169,124,64,24,12,8,148,76,20.666666666666668,20.666666666666668,-32.0,32.0,4.0,4.0,-6.0,6.0,24.666666666666668,24.666666666666668,-38.0,38.0,-3.0,3.0,0,0,1,0,2.9446491141443722,0.2166685928503584
2020-03-02 16:00:00,22929,23206,22984,22924,22666,21950,22988,23230,55329,225210,1,1,55,-5,322,1280,4,24,263,974,60,267,998,0.07272727272727272,0.07272727272727272,-4.8,4.8,4.781818181818182,4.781818181818182,-194.8,194.8,4.8545454545454545,4.8545454545454545,-199.6,199.6,-11.0,11.0,0,0,1,4,13.693824042314915,14.652721726295821
2020-03-03 22:00:00,23078,23464,23172,23073,22953,23063,23275,23464,12065,17511,1,1,94,-5,322,401,103,0,125,10,99,228,10,1.0957446808510638,1.0957446808510638,-0.0,0.0,1.3297872340425532,1.3297872340425532,-2.0,2.0,2.425531914893617,2.425531914893617,-2.0,2.0,-18.8,18.8,0,0,1,0,3.019994982432897,-0.20672919604847328
2020-03-04 18:00:00,23522,23554,23528,23519,23456,23491,23610,23624,29349,36337,1,1,6,-3,154,133,82,70,66,28,9,148,98,13.666666666666666,13.666666666666666,-23.333333333333332,23.333333333333332,11.0,11.0,-9.333333333333334,9.333333333333334,24.666666666666668,24.666666666666668,-32.666666666666664,32.666666666666664,-2.0,2.0,0,0,1,0,2.6414964683609723,0.6524045047108247
2020-03-06 13:00:00,22124,22313,22126,22122,22026,22033,22296,22395,62599,66999,1,1,2,-2,270,362,170,82,98,89,4,268,171,85.0,85.0,-41.0,41.0,49.0,49.0,-44.5,44.5,134.0,134.0,-85.5,85.5,-1.0,1.0,0,0,1,1,6.262503568399897,9.31626363902357
2020-03-06 14:00:00,22133,22124,21838,22126,21710,22026,22176,22296,76453,62599,1,1,-295,-7,466,270,43,170,128,98,-288,171,268,-0.14576271186440679,0.14576271186440679,-24.285714285714285,24.285714285714285,-0.43389830508474575,0.43389830508474575,-14.0,14.0,-0.5796610169491525,0.5796610169491525,-38.285714285714285,38.285714285714285,42.142857142857146,42.142857142857146,0,0,1,0,2.9300972579151865,1.5157285753756715
2020-03-06 15:00:00,21841,22133,21962,21838,21767,21710,21983,22176,45701,76453,1,1,121,-3,216,466,21,43,74,128,124,95,171,0.17355371900826447,0.17355371900826447,-14.333333333333334,14.333333333333334,0.6115702479338843,0.6115702479338843,-42.666666666666664,42.666666666666664,0.7851239669421488,0.7851239669421488,-57.0,57.0,-40.333333333333336,40.333333333333336,0,0,1,4,3.7426581283731766,2.3253145392515173
2020-03-10 16:00:00,19927,20299,20298,19864,19809,19590,20466,20300,903,687,1,1,371,-63,657,710,168,1,118,274,434,286,275,0.4528301886792453,0.4528301886792453,-0.015873015873015872,0.015873015873015872,0.31805929919137466,0.31805929919137466,-4.349206349206349,4.349206349206349,0.77088948787062,0.77088948787062,-4.365079365079365,4.365079365079365,-5.888888888888889,5.888888888888889,0,0,1,4,7.214497774753111,4.015660850916303
2020-03-13 12:00:00,17738,18189,18000,17734,17738,17535,18112,18270,1358,2861,1,1,262,-4,374,735,112,81,0,199,266,112,280,0.42748091603053434,0.42748091603053434,-20.25,20.25,0.0,0.0,-49.75,49.75,0.42748091603053434,0.42748091603053434,-70.0,70.0,-65.5,65.5,0,0,1,4,5.461316599019438,4.924104058718262
2020-03-16 23:00:00,17832,18253,17880,17820,17800,17820,17927,18311,897,1575,1,1,48,-12,127,491,47,58,32,0,60,79,58,0.9791666666666666,0.9791666666666666,-4.833333333333333,4.833333333333333,0.6666666666666666,0.6666666666666666,-0.0,0.0,1.6458333333333333,1.6458333333333333,-4.833333333333333,4.833333333333333,-4.0,4.0,0,0,1,0,0.6355811093168899,-0.6269552866801187
2020-03-20 14:00:00,18222,18572,18410,18217,18187,18164,18497,18608,37881,57335,1,1,188,-5,310,444,87,36,35,53,193,122,89,0.4627659574468085,0.4627659574468085,-7.2,7.2,0.18617021276595744,0.18617021276595744,-10.6,10.6,0.648936170212766,0.648936170212766,-17.8,17.8,-37.6,37.6,0,0,1,0,2.3653159955791585,1.7856409546566723
2020-03-23 12:00:00,16833,17066,16920,16831,16820,16753,17018,17100,42337,77230,1,1,87,-2,198,347,98,34,13,78,89,111,112,1.1264367816091954,1.1264367816091954,-17.0,17.0,0.14942528735632185,0.14942528735632185,-39.0,39.0,1.2758620689655173,1.2758620689655173,-56.0,56.0,-43.5,43.5,0,0,1,4,1.9169692953615245,2.6093387474948884
2020-03-24 19:00:00,17753,17940,17850,17716,17643,17620,18045,17969,31006,38474,1,1,97,-37,402,349,195,29,110,96,134,305,125,2.0103092783505154,2.0103092783505154,-0.7837837837837838,0.7837837837837838,1.134020618556701,1.134020618556701,-2.5945945945945947,2.5945945945945947,3.1443298969072164,3.1443298969072164,-3.3783783783783785,3.3783783783783785,-2.6216216216216215,2.6216216216216215,0,0,1,0,3.3180403254721575,2.1734983941429955
2020-03-25 14:00:00,17535,18355,17652,17521,17515,17322,17822,18362,68135,131456,1,1,117,-14,307,1040,170,7,20,199,131,190,206,1.452991452991453,1.452991452991453,-0.5,0.5,0.17094017094017094,0.17094017094017094,-14.214285714285714,14.214285714285714,1.623931623931624,1.623931623931624,-14.714285714285714,14.714285714285714,-8.357142857142858,8.357142857142858,0,0,1,4,3.8875094898115856,4.176194217366596
2020-03-26 21:00:00,17435,17556,17505,17429,17360,17360,17575,17600,8315,12017,1,1,70,-6,215,240,70,44,75,69,76,145,113,1.0,1.0,-7.333333333333333,7.333333333333333,1.0714285714285714,1.0714285714285714,-11.5,11.5,2.0714285714285716,2.0714285714285716,-18.833333333333332,18.833333333333332,-11.666666666666666,11.666666666666666,0,0,1,0,1.3798510183850283,0.7145792617587824
2020-03-27 13:00:00,17007,17128,17044,17000,16930,16992,17131,17192,31246,26455,1,1,37,-7,201,200,87,64,77,8,44,164,72,2.3513513513513513,2.3513513513513513,-9.142857142857142,9.142857142857142,2.081081081081081,2.081081081081081,-1.1428571428571428,1.1428571428571428,4.4324324324324325,4.4324324324324325,-10.285714285714286,10.285714285714286,-5.285714285714286,5.285714285714286,0,0,1,0,0.7565039194900075,0.519179333343605
2020-03-27 16:00:00,16805,16933,16812,16802,16712,16753,16859,16933,47391,41700,1,1,7,-3,147,180,47,0,93,49,10,140,49,6.714285714285714,6.714285714285714,-0.0,0.0,13.285714285714286,13.285714285714286,-16.333333333333332,16.333333333333332,20.0,20.0,-16.333333333333332,16.333333333333332,-2.3333333333333335,2.3333333333333335,0,0,1,2,0.25544482957705444,1.0346519988636507
2020-03-27 23:00:00,16492,16606,16527,16488,16437,16454,16543,16659,4145,6632,1,1,35,-4,106,205,16,53,55,34,39,71,87,0.45714285714285713,0.45714285714285713,-13.25,13.25,1.5714285714285714,1.5714285714285714,-8.5,8.5,2.0285714285714285,2.0285714285714285,-21.75,21.75,-8.75,8.75,0,0,1,0,0.05050574906431138,-0.19418576538030977
2020-03-30 10:00:00,16493,16492,16333,16527,16037,16437,16514,16543,124131,4145,1,1,-160,34,477,106,21,16,296,55,-194,317,71,-0.13125,0.13125,0.47058823529411764,0.47058823529411764,-1.85,1.85,1.6176470588235294,1.6176470588235294,-1.98125,1.98125,2.088235294117647,2.088235294117647,-4.705882352941177,4.705882352941177,0,0,1,2,0.3659288123220159,1.5808710895367803
2020-03-30 11:00:00,16340,16493,16428,16333,16327,16037,16648,16514,72569,124131,1,1,88,-7,321,477,220,21,13,296,95,233,317,2.5,2.5,-3.0,3.0,0.14772727272727273,0.14772727272727273,-42.285714285714285,42.285714285714285,2.647727272727273,2.647727272727273,-45.285714285714285,45.285714285714285,-12.571428571428571,12.571428571428571,0,0,1,4,4.063803335481656,5.441626481729456
2020-04-01 17:00:00,16973,17016,16990,16972,16930,16923,17034,17029,20627,25628,1,1,17,-1,104,106,44,13,43,49,18,87,62,2.588235294117647,2.588235294117647,-13.0,13.0,2.5294117647058822,2.5294117647058822,-49.0,49.0,5.117647058823529,5.117647058823529,-62.0,62.0,-17.0,17.0,0,0,1,0,0.5581873240816561,0.888102609035245
2020-04-01 20:00:00,16929,17034,16948,16922,16857,16820,16978,17058,6602,10383,1,1,19,-7,121,238,30,24,72,102,26,102,126,1.5789473684210527,1.5789473684210527,-3.4285714285714284,3.4285714285714284,3.789473684210526,3.789473684210526,-14.571428571428571,14.571428571428571,5.368421052631579,5.368421052631579,-18.0,18.0,-2.7142857142857144,2.7142857142857144,0,0,1,0,0.5821494845690895,0.2679244961431536
2020-04-02 12:00:00,17209,17233,17223,17207,17176,17141,17270,17326,17525,35577,1,1,14,-2,94,185,47,93,33,66,16,80,159,3.357142857142857,3.357142857142857,-46.5,46.5,2.357142857142857,2.357142857142857,-33.0,33.0,5.714285714285714,5.714285714285714,-79.5,79.5,-7.0,7.0,0,0,1,0,1.5670527987943954,1.9698739314161873
2020-04-03 14:00:00,18698,18726,18718,18697,18601,18612,18738,18737,21173,21188,1,1,20,-1,137,125,20,11,97,85,21,117,96,1.0,1.0,-11.0,11.0,4.85,4.85,-85.0,85.0,5.85,5.85,-96.0,96.0,-20.0,20.0,0,0,1,0,2.078086093541565,1.9750121127565896
2020-04-07 18:00:00,19700,19950,19866,19699,19662,19591,19908,19957,28401,65157,1,1,166,-1,246,366,42,7,38,108,167,80,115,0.25301204819277107,0.25301204819277107,-7.0,7.0,0.2289156626506024,0.2289156626506024,-108.0,108.0,0.4819277108433735,0.4819277108433735,-115.0,115.0,-166.0,166.0,0,0,1,4,4.626165209728391,4.635008458580466
2020-04-07 22:00:00,19638,19691,19640,19637,19600,19619,19729,19774,8073,7451,1,1,2,-1,129,155,89,83,38,18,3,127,101,44.5,44.5,-83.0,83.0,19.0,19.0,-18.0,18.0,63.5,63.5,-101.0,101.0,-2.0,2.0,0,0,1,1,3.104592512751351,4.20994536746887
2020-04-08 13:00:00,19726,19876,19766,19723,19714,19657,19831,19880,22235,30680,1,1,40,-3,117,223,65,4,12,66,43,77,70,1.625,1.625,-1.3333333333333333,1.3333333333333333,0.3,0.3,-22.0,22.0,1.925,1.925,-23.333333333333332,23.333333333333332,-13.333333333333334,13.333333333333334,0,0,1,0,0.8792982732980323,-0.38831641762671126
2020-04-10 17:00:00,20276,20321,20290,20270,20231,20193,20304,20335,7716,14065,1,1,14,-6,73,142,14,14,45,77,20,59,91,1.0,1.0,-2.3333333333333335,2.3333333333333335,3.2142857142857144,3.2142857142857144,-12.833333333333334,12.833333333333334,4.214285714285714,4.214285714285714,-15.166666666666666,15.166666666666666,-2.3333333333333335,2.3333333333333335,0,0,1,0,0.5433562351854352,-1.1848975578264838
2020-04-13 15:00:00,19971,19984,19973,19970,19942,19946,20024,20031,9374,9140,1,1,2,-1,82,85,51,47,29,24,3,80,71,25.5,25.5,-47.0,47.0,14.5,14.5,-24.0,24.0,40.0,40.0,-71.0,71.0,-2.0,2.0,0,0,1,1,1.6726646422114555,1.6996041359184764
2020-04-15 16:00:00,18774,19140,18866,18771,18724,18750,18990,19142,54968,59325,1,1,92,-3,266,392,124,2,50,21,95,174,23,1.3478260869565217,1.3478260869565217,-0.6666666666666666,0.6666666666666666,0.5434782608695652,0.5434782608695652,-7.0,7.0,1.891304347826087,1.891304347826087,-7.666666666666667,7.666666666666667,-30.666666666666668,30.666666666666668,0,0,1,0,1.624893402257255,0.9824727975448722
2020-04-16 17:00:00,18910,19153,19025,18907,18869,18900,19134,19186,43620,37950,1,1,115,-3,265,286,109,33,41,7,118,150,40,0.9478260869565217,0.9478260869565217,-11.0,11.0,0.3565217391304348,0.3565217391304348,-2.3333333333333335,2.3333333333333335,1.3043478260869565,1.3043478260869565,-13.333333333333334,13.333333333333334,-38.333333333333336,38.333333333333336,0,0,1,0,1.6987684595948414,0.8086362271787919
2020-04-17 12:00:00,18940,19112,19068,18934,18911,18932,19120,19166,28804,33064,1,1,128,-6,209,234,52,54,29,2,134,81,56,0.40625,0.40625,-9.0,9.0,0.2265625,0.2265625,-0.3333333333333333,0.3333333333333333,0.6328125,0.6328125,-9.333333333333334,9.333333333333334,-21.333333333333332,21.333333333333332,0,0,1,0,1.0423875973386028,-0.128984071923179
2020-04-20 15:00:00,18867,19050,18902,18865,18838,18817,18953,19082,21203,36205,1,1,35,-2,115,265,51,32,29,48,37,80,80,1.457142857142857,1.457142857142857,-16.0,16.0,0.8285714285714286,0.8285714285714286,-24.0,24.0,2.2857142857142856,2.2857142857142856,-40.0,40.0,-17.5,17.5,0,0,1,0,1.0897431670235282,0.3690500696509969
2020-04-22 14:00:00,19011,19085,19033,19009,18938,18976,19040,19096,11619,23330,1,1,22,-2,102,120,7,11,73,33,24,80,44,0.3181818181818182,0.3181818181818182,-5.5,5.5,3.3181818181818183,3.3181818181818183,-16.5,16.5,3.6363636363636362,3.6363636363636362,-22.0,22.0,-11.0,11.0,0,0,1,0,0.22595101827621797,-0.8026806015314245
2020-04-22 20:00:00,19073,19101,19094,19070,19000,19056,19135,19171,5046,5728,1,1,21,-3,135,115,41,70,73,14,24,114,84,1.9523809523809523,1.9523809523809523,-23.333333333333332,23.333333333333332,3.4761904761904763,3.4761904761904763,-4.666666666666667,4.666666666666667,5.428571428571429,5.428571428571429,-28.0,28.0,-7.0,7.0,0,0,1,0,0.960686034742711,-0.2104859970775836
2020-04-23 14:00:00,19065,19196,19088,19062,19020,19036,19161,19212,20961,24438,1,1,23,-3,141,176,73,16,45,26,26,118,42,3.1739130434782608,3.1739130434782608,-5.333333333333333,5.333333333333333,1.9565217391304348,1.9565217391304348,-8.666666666666666,8.666666666666666,5.130434782608695,5.130434782608695,-14.0,14.0,-7.666666666666667,7.666666666666667,0,0,1,0,0.5729671848807918,-0.47503159500502656
2020-04-24 10:00:00,18949,18970,18966,18922,18875,18914,19087,18990,54562,3075,1,1,17,-27,212,76,121,20,74,8,44,195,28,7.117647058823529,7.117647058823529,-0.7407407407407407,0.7407407407407407,4.352941176470588,4.352941176470588,-0.2962962962962963,0.2962962962962963,11.470588235294118,11.470588235294118,-1.037037037037037,1.037037037037037,-0.6296296296296297,0.6296296296296297,0,0,1,0,0.9903949392016964,-0.18162845023520072
2020-04-28 14:00:00,19149,19224,19210,19148,19142,19118,19225,19308,13784,38716,1,1,61,-1,83,190,15,84,7,30,62,22,114,0.2459016393442623,0.2459016393442623,-84.0,84.0,0.11475409836065574,0.11475409836065574,-30.0,30.0,0.36065573770491804,0.36065573770491804,-114.0,114.0,-61.0,61.0,0,0,1,4,2.3790957546983846,2.1349200424396875
2020-04-28 21:00:00,19352,19398,19353,19349,19340,19328,19395,19405,2082,4314,1,1,1,-3,55,77,42,7,12,21,4,54,28,42.0,42.0,-2.3333333333333335,2.3333333333333335,12.0,12.0,-7.0,7.0,54.0,54.0,-9.333333333333334,9.333333333333334,-0.3333333333333333,0.3333333333333333,0,0,1,1,0.13849746485843664,0.2737619297284069
2020-04-30 14:00:00,19702,19868,19732,19699,19610,19644,19792,19890,35088,32579,1,1,30,-3,182,246,60,22,92,55,33,152,77,2.0,2.0,-7.333333333333333,7.333333333333333,3.066666666666667,3.066666666666667,-18.333333333333332,18.333333333333332,5.066666666666666,5.066666666666666,-25.666666666666668,25.666666666666668,-10.0,10.0,0,0,1,0,1.5784831217524518,0.5323577454124859
2020-05-05 12:00:00,19522,19601,19545,19518,19503,19518,19580,19650,18885,32860,1,1,23,-4,77,132,35,49,19,0,27,54,49,1.5217391304347827,1.5217391304347827,-12.25,12.25,0.8260869565217391,0.8260869565217391,-0.0,0.0,2.347826086956522,2.347826086956522,-12.25,12.25,-5.75,5.75,0,0,1,0,0.034424164626557105,-1.274056371341589
2020-05-05 18:00:00,19537,19620,19556,19536,19532,19505,19578,19653,11037,24386,1,1,19,-1,46,148,22,33,5,31,20,27,64,1.1578947368421053,1.1578947368421053,-33.0,33.0,0.2631578947368421,0.2631578947368421,-31.0,31.0,1.4210526315789473,1.4210526315789473,-64.0,64.0,-19.0,19.0,0,0,1,0,0.7850678563659037,-0.16269182549338698
2020-05-07 10:00:00,19634,19677,19637,19611,19613,19600,19735,19677,36808,3659,1,1,3,-23,122,77,98,0,21,11,26,119,11,32.666666666666664,32.666666666666664,-0.0,0.0,7.0,7.0,-0.4782608695652174,0.4782608695652174,39.666666666666664,39.666666666666664,-0.4782608695652174,0.4782608695652174,-0.13043478260869565,0.13043478260869565,0,0,1,1,0.5658940790545315,-0.02944435818941325
2020-05-13 11:00:00,18785,19044,18835,18783,18774,18724,18885,19089,25533,80612,1,1,50,-2,111,365,50,45,11,59,52,61,104,1.0,1.0,-22.5,22.5,0.22,0.22,-29.5,29.5,1.22,1.22,-52.0,52.0,-25.0,25.0,0,0,1,0,1.5221615252009868,1.2275930069054626
2020-05-13 20:00:00,18689,18764,18694,18686,18659,18626,18743,18789,4583,13657,1,1,5,-3,84,163,49,25,30,60,8,79,85,9.8,9.8,-8.333333333333334,8.333333333333334,6.0,6.0,-20.0,20.0,15.8,15.8,-28.333333333333332,28.333333333333332,-1.6666666666666667,1.6666666666666667,0,0,1,0,0.6146613974933158,0.03192907527769466
2020-05-19 16:00:00,18811,19082,18877,18809,18779,18738,18905,19119,36259,96532,1,1,66,-2,126,381,28,37,32,71,68,60,108,0.42424242424242425,0.42424242424242425,-18.5,18.5,0.48484848484848486,0.48484848484848486,-35.5,35.5,0.9090909090909091,0.9090909090909091,-54.0,54.0,-33.0,33.0,0,0,1,0,1.7042762730435899,1.6189014045681012
2020-05-25 16:00:00,18990,19039,19012,18987,18971,18970,19017,19042,6719,11460,1,1,22,-3,46,72,5,3,19,17,25,24,20,0.22727272727272727,0.22727272727272727,-1.0,1.0,0.8636363636363636,0.8636363636363636,-5.666666666666667,5.666666666666667,1.0909090909090908,1.0909090909090908,-6.666666666666667,6.666666666666667,-7.333333333333333,7.333333333333333,0,0,1,0,-0.7772281651599231,-2.134125666387453
2020-05-25 20:00:00,19135,19183,19147,19130,19131,19125,19158,19198,1608,3794,1,1,12,-5,27,73,11,15,4,5,17,15,20,0.9166666666666666,0.9166666666666666,-3.0,3.0,0.3333333333333333,0.3333333333333333,-1.0,1.0,1.25,1.25,-4.0,4.0,-2.4,2.4,0,0,1,0,-0.9072512605980844,-2.478211706135255
2020-05-26 23:00:00,19350,19496,19355,19349,19350,19323,19408,19506,3577,9984,1,1,5,-1,58,183,53,10,0,26,6,53,36,10.6,10.6,-10.0,10.0,0.0,0.0,-26.0,26.0,10.6,10.6,-36.0,36.0,-5.0,5.0,0,0,1,0,0.3395526243979023,-0.6606997925914505
2020-05-29 20:00:00,20058,20075,20067,20056,20029,20007,20093,20105,2787,8739,1,1,9,-2,64,98,26,30,29,49,11,55,79,2.888888888888889,2.888888888888889,-15.0,15.0,3.2222222222222223,3.2222222222222223,-24.5,24.5,6.111111111111111,6.111111111111111,-39.5,39.5,-4.5,4.5,0,0,1,0,0.6987894926913486,-0.7057522665591802
2020-06-05 20:00:00,21926,21979,21977,21925,21925,21885,22010,21998,3661,8641,1,1,51,-1,85,113,33,19,1,40,52,34,59,0.6470588235294118,0.6470588235294118,-19.0,19.0,0.0196078431372549,0.0196078431372549,-40.0,40.0,0.6666666666666666,0.6666666666666666,-59.0,59.0,-51.0,51.0,0,0,1,0,1.6941071012227784,-0.43632470149955177
2020-06-10 13:00:00,21504,21637,21581,21503,21419,21460,21635,21648,576,1053,1,1,77,-1,216,188,54,11,85,43,78,139,54,0.7012987012987013,0.7012987012987013,-11.0,11.0,1.103896103896104,1.103896103896104,-43.0,43.0,1.8051948051948052,1.8051948051948052,-54.0,54.0,-77.0,77.0,0,0,1,0,2.8652651700842364,0.8244289964173771
2020-06-11 23:00:00,20843,20863,20850,20830,20801,20774,20859,20871,449,455,1,1,7,-13,58,97,9,8,42,56,20,51,64,1.2857142857142858,1.2857142857142858,-0.6153846153846154,0.6153846153846154,6.0,6.0,-4.3076923076923075,4.3076923076923075,7.285714285714286,7.285714285714286,-4.923076923076923,4.923076923076923,-0.5384615384615384,0.5384615384615384,0,0,1,0,0.26869820376651354,-1.9484478021096532
2020-06-15 10:00:00,20850,20843,20652,20850,20455,20801,20850,20859,5260,449,1,1,-198,0,395,58,0,9,197,42,-198,197,51,-0.0,0.0,100.0,100.0,-0.9949494949494949,0.9949494949494949,100.0,100.0,-0.9949494949494949,0.9949494949494949,100.0,100.0,0.0,0.0,0,1,1,3,0.42847500205067335,-2.0517310500428363
2020-06-15 11:00:00,20667,20850,20811,20652,20657,20455,20837,20850,3047,5260,1,1,144,-15,180,395,26,0,10,197,159,36,197,0.18055555555555555,0.18055555555555555,-0.0,0.0,0.06944444444444445,0.06944444444444445,-13.133333333333333,13.133333333333333,0.25,0.25,-13.133333333333333,13.133333333333333,-9.6,9.6,0,0,1,0,2.399637399565729,0.08203073589087427
2020-06-15 14:00:00,20634,20797,20639,20627,20610,20619,20688,20816,2162,4075,1,1,5,-7,78,197,49,19,24,8,12,73,27,9.8,9.8,-2.7142857142857144,2.7142857142857144,4.8,4.8,-1.1428571428571428,1.1428571428571428,14.6,14.6,-3.857142857142857,3.857142857142857,-0.7142857142857143,0.7142857142857143,0,0,1,0,0.36566491804907303,-1.4757463230010377
2020-06-16 21:00:00,21094,21137,21099,21093,21085,21082,21160,21189,754,956,1,1,5,-1,75,107,61,52,9,11,6,70,63,12.2,12.2,-52.0,52.0,1.8,1.8,-11.0,11.0,14.0,14.0,-63.0,63.0,-5.0,5.0,0,0,1,0,1.4823762847569775,-0.02159910007329365
2020-06-17 23:00:00,21026,21070,21041,21018,21015,21004,21075,21081,2112,2182,1,1,15,-8,60,77,34,11,11,14,23,45,25,2.2666666666666666,2.2666666666666666,-1.375,1.375,0.7333333333333333,0.7333333333333333,-1.75,1.75,3.0,3.0,-3.125,3.125,-1.875,1.875,0,0,1,0,-0.07140557621890459,-2.460477186564677
2020-06-18 15:00:00,20579,20769,20632,20573,20510,20544,20668,20774,39668,32311,1,1,53,-6,158,230,36,5,69,29,59,105,34,0.6792452830188679,0.6792452830188679,-0.8333333333333334,0.8333333333333334,1.3018867924528301,1.3018867924528301,-4.833333333333333,4.833333333333333,1.9811320754716981,1.9811320754716981,-5.666666666666667,5.666666666666667,-8.833333333333334,8.833333333333334,0,0,1,0,0.86116716658683,-0.851485660380725
2020-06-19 23:00:00,20819,20865,20824,20813,20775,20811,20839,20900,3042,4156,1,1,5,-6,64,89,15,35,44,2,11,59,37,3.0,3.0,-5.833333333333333,5.833333333333333,8.8,8.8,-0.3333333333333333,0.3333333333333333,11.8,11.8,-6.166666666666667,6.166666666666667,-0.8333333333333334,0.8333333333333334,0,0,1,0,0.16038037202413877,-1.773323630290665
2020-06-25 11:00:00,20465,20915,20618,20463,20442,20251,20633,20915,31484,112416,1,1,153,-2,191,664,15,0,23,212,155,38,212,0.09803921568627451,0.09803921568627451,-0.0,0.0,0.1503267973856209,0.1503267973856209,-106.0,106.0,0.24836601307189543,0.24836601307189543,-106.0,106.0,-76.5,76.5,0,0,1,4,4.683855951690136,4.4585346443482825
2020-06-25 15:00:00,20520,20577,20559,20517,20483,20502,20595,20577,22583,12014,1,1,39,-3,112,75,36,0,37,15,42,73,15,0.9230769230769231,0.9230769230769231,-0.0,0.0,0.9487179487179487,0.9487179487179487,-5.0,5.0,1.8717948717948718,1.8717948717948718,-5.0,5.0,-13.0,13.0,0,0,1,0,0.12634733789482183,-1.753802890232686
2020-07-03 17:00:00,21183,21195,21184,21182,21107,21162,21191,21215,14470,8814,1,1,1,-1,84,53,7,20,76,20,2,83,40,7.0,7.0,-20.0,20.0,76.0,76.0,-20.0,20.0,83.0,83.0,-40.0,40.0,-1.0,1.0,0,0,1,1,1.75509013318689,2.527679209852639
2020-07-06 16:00:00,21606,21655,21620,21602,21567,21574,21645,21671,16362,15744,1,1,14,-4,78,97,25,16,39,28,18,64,44,1.7857142857142858,1.7857142857142858,-4.0,4.0,2.7857142857142856,2.7857142857142856,-7.0,7.0,4.571428571428571,4.571428571428571,-11.0,11.0,-3.5,3.5,0,0,1,0,0.47015367010444425,-1.763394883750186
2020-07-09 11:00:00,21208,21263,21237,21207,21178,21133,21279,21306,15679,33377,1,1,29,-1,101,173,42,43,30,74,30,72,117,1.4482758620689655,1.4482758620689655,-43.0,43.0,1.0344827586206897,1.0344827586206897,-74.0,74.0,2.4827586206896552,2.4827586206896552,-117.0,117.0,-29.0,29.0,0,0,1,4,2.9827545247899727,1.9079033209442016
2020-07-10 11:00:00,20913,21048,20926,20910,20894,20815,21003,21048,25269,45360,1,1,13,-3,109,233,77,0,19,95,16,96,95,5.923076923076923,5.923076923076923,-0.0,0.0,1.4615384615384615,1.4615384615384615,-31.666666666666668,31.666666666666668,7.384615384615385,7.384615384615385,-31.666666666666668,31.666666666666668,-4.333333333333333,4.333333333333333,0,0,1,0,1.478456833101754,0.09033134873033184
2020-07-13 20:00:00,21130,21183,21155,21126,21126,21125,21183,21217,3339,4699,1,1,25,-4,57,92,28,34,4,1,29,32,35,1.12,1.12,-8.5,8.5,0.16,0.16,-0.25,0.25,1.28,1.28,-8.75,8.75,-6.25,6.25,0,0,1,0,0.06079325632154753,-2.2958852451150547
2020-07-13 23:00:00,20954,21062,20970,20953,20954,20953,20996,21070,3252,8083,1,1,16,-1,42,117,26,8,0,0,17,26,8,1.625,1.625,-8.0,8.0,0.0,0.0,-0.0,0.0,1.625,1.625,-8.0,8.0,-16.0,16.0,0,0,1,0,-0.21618620638328254,-2.4004752008874
2020-07-14 10:00:00,20970,20954,20731,20970,20705,20954,21008,20996,56408,3252,1,1,-239,0,303,42,38,26,26,0,-239,64,26,-0.1589958158995816,0.1589958158995816,100.0,100.0,-0.1087866108786611,0.1087866108786611,0.0,0.0,-0.26778242677824265,0.26778242677824265,100.0,100.0,0.0,0.0,0,1,1,3,-0.9695735652513723,-2.9575636781467454
2020-07-14 11:00:00,20736,20970,20758,20731,20725,20705,20800,21008,23940,56408,1,1,22,-5,75,303,42,38,11,26,27,53,64,1.9090909090909092,1.9090909090909092,-7.6,7.6,0.5,0.5,-5.2,5.2,2.409090909090909,2.409090909090909,-12.8,12.8,-4.4,4.4,0,0,1,0,0.6889156508319736,-0.9596245793675521
2020-07-14 20:00:00,21025,21058,21030,21022,21011,21012,21056,21098,3124,6631,1,1,5,-3,45,86,26,40,14,10,8,40,50,5.2,5.2,-13.333333333333334,13.333333333333334,2.8,2.8,-3.3333333333333335,3.3333333333333335,8.0,8.0,-16.666666666666668,16.666666666666668,-1.6666666666666667,1.6666666666666667,0,0,1,0,0.2314356539765263,-1.7570767788197648
2020-07-16 12:00:00,21053,21087,21077,21052,21004,21017,21105,21118,16735,20717,1,1,24,-1,101,101,28,31,49,35,25,77,66,1.1666666666666667,1.1666666666666667,-31.0,31.0,2.0416666666666665,2.0416666666666665,-35.0,35.0,3.2083333333333335,3.2083333333333335,-66.0,66.0,-24.0,24.0,0,0,1,0,1.643680886436889,0.15575057345801183
2020-07-22 23:00:00,21813,21830,21825,21809,21801,21788,21835,21843,2175,4488,1,1,12,-4,34,55,10,13,12,21,16,22,34,0.8333333333333334,0.8333333333333334,-3.25,3.25,1.0,1.0,-5.25,5.25,1.8333333333333333,1.8333333333333333,-8.5,8.5,-3.0,3.0,0,0,1,0,-0.049223673411167096,-2.6575480041121478
2020-07-23 22:00:00,21677,21695,21688,21676,21661,21620,21695,21702,2578,10744,1,1,11,-1,34,82,7,7,16,56,12,23,63,0.6363636363636364,0.6363636363636364,-7.0,7.0,1.4545454545454546,1.4545454545454546,-56.0,56.0,2.090909090909091,2.090909090909091,-63.0,63.0,-11.0,11.0,0,0,1,0,1.054556627682226,-0.9212488834268006
2020-07-28 11:00:00,21769,21817,21785,21767,21697,21738,21798,21867,18254,34406,1,1,16,-2,101,129,13,50,72,29,18,85,79,0.8125,0.8125,-25.0,25.0,4.5,4.5,-14.5,14.5,5.3125,5.3125,-39.5,39.5,-8.0,8.0,0,0,1,0,1.456989531192087,-0.42207663130225165
2020-07-28 21:00:00,21732,21739,21737,21728,21699,21716,21745,21744,3210,2099,1,1,5,-4,46,28,8,5,33,12,9,41,17,1.6,1.6,-1.25,1.25,6.6,6.6,-3.0,3.0,8.2,8.2,-4.25,4.25,-1.25,1.25,0,0,1,0,-0.11110858675316682,-2.5225786031534994
2020-07-31 13:00:00,22134,22152,22142,22132,22105,22080,22175,22177,10533,21625,1,1,8,-2,70,97,33,25,29,52,10,62,77,4.125,4.125,-12.5,12.5,3.625,3.625,-26.0,26.0,7.75,7.75,-38.5,38.5,-4.0,4.0,0,0,1,0,1.2407016561895259,-0.8488251843719845
2020-08-06 14:00:00,22641,22744,22670,22639,22628,22615,22725,22748,16630,14568,1,1,29,-2,97,133,55,4,13,24,31,68,28,1.896551724137931,1.896551724137931,-2.0,2.0,0.4482758620689655,0.4482758620689655,-12.0,12.0,2.3448275862068964,2.3448275862068964,-14.0,14.0,-14.5,14.5,0,0,1,0,0.9074565449992111,-1.7961025869254226
2020-08-11 23:00:00,23338,23449,23360,23333,23316,23332,23385,23460,5935,13003,1,1,22,-5,69,128,25,11,22,1,27,47,12,1.1363636363636365,1.1363636363636365,-2.2,2.2,1.0,1.0,-0.2,0.2,2.1363636363636362,2.1363636363636362,-2.4,2.4,-4.4,4.4,0,0,1,0,0.5140993050330486,-2.7564189456007258
2020-08-13 22:00:00,24143,24220,24208,24136,24134,24127,24217,24224,3099,6878,1,1,65,-7,83,97,9,4,9,9,72,18,13,0.13846153846153847,0.13846153846153847,-0.5714285714285714,0.5714285714285714,0.13846153846153847,0.13846153846153847,-1.2857142857142858,1.2857142857142858,0.27692307692307694,0.27692307692307694,-1.8571428571428572,1.8571428571428572,-9.285714285714286,9.285714285714286,0,0,1,0,0.697262514833781,-3.078038177991446
2020-08-17 16:00:00,23595,23821,23716,23594,23591,23536,23813,23854,36246,54631,1,1,121,-1,222,318,97,33,4,58,122,101,91,0.8016528925619835,0.8016528925619835,-33.0,33.0,0.03305785123966942,0.03305785123966942,-58.0,58.0,0.8347107438016529,0.8347107438016529,-91.0,91.0,-121.0,121.0,0,0,1,4,4.64095969160185,2.694996377806643
2020-08-19 20:00:00,24051,24073,24056,24048,24025,24013,24068,24091,3491,7120,1,1,5,-3,43,78,12,18,26,35,8,38,53,2.4,2.4,-6.0,6.0,5.2,5.2,-11.666666666666666,11.666666666666666,7.6,7.6,-17.666666666666668,17.666666666666668,-1.6666666666666667,1.6666666666666667,0,0,1,0,0.9639679592010156,-2.278603888206329
2020-08-20 11:00:00,23592,23996,23595,23589,23474,23557,23657,23996,58722,110442,1,1,3,-3,183,439,62,0,118,32,6,180,32,20.666666666666668,20.666666666666668,-0.0,0.0,39.333333333333336,39.333333333333336,-10.666666666666666,10.666666666666666,60.0,60.0,-10.666666666666666,10.666666666666666,-1.0,1.0,0,0,1,1,2.925011844365642,2.570856391026043
2020-08-20 19:00:00,23180,23330,23255,23132,23138,23099,23259,23336,10583,43636,1,1,75,-48,121,237,4,6,42,33,123,46,39,0.05333333333333334,0.05333333333333334,-0.125,0.125,0.56,0.56,-0.6875,0.6875,0.6133333333333333,0.6133333333333333,-0.8125,0.8125,-1.5625,1.5625,0,0,1,0,1.4690481661945434,-2.289192041281533
2020-08-21 15:00:00,23045,23117,23076,23037,22815,23017,23194,23715,75786,188667,1,1,31,-8,379,698,118,598,230,20,39,348,618,3.806451612903226,3.806451612903226,-74.75,74.75,7.419354838709677,7.419354838709677,-2.5,2.5,11.225806451612904,11.225806451612904,-77.25,77.25,-3.875,3.875,0,0,1,4,9.490590926319538,8.845639189804714
2020-08-21 19:00:00,23122,23255,23192,23115,23106,23081,23215,23257,6054,46747,1,1,70,-7,109,176,23,2,16,34,77,39,36,0.32857142857142857,0.32857142857142857,-0.2857142857142857,0.2857142857142857,0.22857142857142856,0.22857142857142856,-4.857142857142857,4.857142857142857,0.5571428571428572,0.5571428571428572,-5.142857142857143,5.142857142857143,-10.0,10.0,0,0,1,0,0.9697845163288913,-2.058048136038551
2020-08-26 17:00:00,22812,22846,22823,22808,22776,22715,22898,22870,28817,27719,1,1,11,-4,122,155,75,24,36,93,15,111,117,6.818181818181818,6.818181818181818,-6.0,6.0,3.272727272727273,3.272727272727273,-23.25,23.25,10.090909090909092,10.090909090909092,-29.25,29.25,-2.75,2.75,0,0,1,0,2.0920018241395977,-0.11973810969441427
2020-08-27 15:00:00,22773,22797,22783,22771,22730,22705,22825,22809,21516,18493,1,1,10,-2,95,104,42,12,43,66,12,85,78,4.2,4.2,-6.0,6.0,4.3,4.3,-33.0,33.0,8.5,8.5,-39.0,39.0,-5.0,5.0,0,0,1,0,1.6399970750173272,-0.616250732818495
2020-08-31 19:00:00,22626,22722,22628,22605,22530,22591,22653,22726,14565,19183,1,1,2,-21,123,135,25,4,96,14,23,121,18,12.5,12.5,-0.19047619047619047,0.19047619047619047,48.0,48.0,-0.6666666666666666,0.6666666666666666,60.5,60.5,-0.8571428571428571,0.8571428571428571,-0.09523809523809523,0.09523809523809523,0,0,1,1,1.7045853729023026,0.508971130368658
2020-09-01 12:00:00,22686,22823,22698,22685,22657,22645,22762,22838,14901,28787,1,1,12,-1,105,193,64,15,29,40,13,93,55,5.333333333333333,5.333333333333333,-15.0,15.0,2.4166666666666665,2.4166666666666665,-40.0,40.0,7.75,7.75,-55.0,55.0,-12.0,12.0,0,0,1,0,2.010422657288819,-0.11755193775361635
2020-09-02 13:00:00,22765,22825,22779,22762,22709,22732,22815,22830,12404,17439,1,1,14,-3,106,98,36,5,56,30,17,92,35,2.5714285714285716,2.5714285714285716,-1.6666666666666667,1.6666666666666667,4.0,4.0,-10.0,10.0,6.571428571428571,6.571428571428571,-11.666666666666666,11.666666666666666,-4.666666666666667,4.666666666666667,0,0,1,0,0.9816437723934065,-1.689095940806998
2020-09-03 13:00:00,22252,22346,22263,22251,22189,22250,22318,22393,24275,14572,1,1,11,-1,129,143,55,47,63,1,12,118,48,5.0,5.0,-47.0,47.0,5.7272727272727275,5.7272727272727275,-1.0,1.0,10.727272727272727,10.727272727272727,-48.0,48.0,-11.0,11.0,0,0,1,0,1.902648145113855,-0.041147711999254585
2020-09-03 19:00:00,21919,22078,21944,21901,21902,21845,21962,22083,10099,48234,1,1,25,-18,60,238,18,5,17,56,43,35,61,0.72,0.72,-0.2777777777777778,0.2777777777777778,0.68,0.68,-3.111111111111111,3.111111111111111,1.4,1.4,-3.388888888888889,3.388888888888889,-1.3888888888888888,1.3888888888888888,0,0,1,0,0.6466342010116368,-1.9571607152315336
2020-09-07 13:00:00,22165,22336,22233,22162,22154,22125,22273,22349,20758,29620,1,1,68,-3,119,224,40,13,11,37,71,51,50,0.5882352941176471,0.5882352941176471,-4.333333333333333,4.333333333333333,0.16176470588235295,0.16176470588235295,-12.333333333333334,12.333333333333334,0.75,0.75,-16.666666666666668,16.666666666666668,-22.666666666666668,22.666666666666668,0,0,1,0,1.2402226626060788,-1.1837288766410718
2020-09-08 12:00:00,21949,22053,21987,21947,21927,21843,22034,22094,16653,47662,1,1,38,-2,107,251,47,41,22,104,40,69,145,1.236842105263158,1.236842105263158,-20.5,20.5,0.5789473684210527,0.5789473684210527,-52.0,52.0,1.8157894736842106,1.8157894736842106,-72.5,72.5,-19.0,19.0,0,0,1,0,2.706844950584703,1.0165534527315716
2020-09-08 17:00:00,21733,21776,21765,21732,21691,21647,21892,21777,32083,32779,1,1,32,-1,201,130,127,1,42,85,33,169,86,3.96875,3.96875,-1.0,1.0,1.3125,1.3125,-85.0,85.0,5.28125,5.28125,-86.0,86.0,-32.0,32.0,0,0,1,4,3.274496434536637,1.9303975819391264
2020-09-09 19:00:00,21816,21840,21825,21812,21788,21781,21849,21877,4695,15105,1,1,9,-4,61,96,24,37,28,31,13,52,68,2.6666666666666665,2.6666666666666665,-9.25,9.25,3.111111111111111,3.111111111111111,-7.75,7.75,5.777777777777778,5.777777777777778,-17.0,17.0,-2.25,2.25,0,0,1,0,0.6707428337017985,-1.6575307361253928
2020-09-11 18:00:00,20821,20943,20841,20811,20795,20810,20849,20966,697,1785,1,1,20,-10,54,156,8,23,26,1,30,34,24,0.4,0.4,-2.3,2.3,1.3,1.3,-0.1,0.1,1.7,1.7,-2.4,2.4,-2.0,2.0,0,0,1,0,-0.07732445233879154,-2.491905095081265
2020-09-24 12:00:00,21362,21734,21446,21357,21330,21222,21569,21740,44135,92564,1,1,84,-5,239,518,123,6,32,135,89,155,141,1.4642857142857142,1.4642857142857142,-1.2,1.2,0.38095238095238093,0.38095238095238093,-27.0,27.0,1.8452380952380953,1.8452380952380953,-28.2,28.2,-16.8,16.8,0,0,1,0,3.2671470565844616,1.8409554216388402
2020-09-24 22:00:00,21444,21502,21460,21443,21423,21427,21483,21512,3359,8766,1,1,16,-1,60,85,23,10,21,16,17,44,26,1.4375,1.4375,-10.0,10.0,1.3125,1.3125,-16.0,16.0,2.75,2.75,-26.0,26.0,-16.0,16.0,0,0,1,0,0.42717938734430627,-1.7653396128649281
2020-09-25 14:00:00,21312,21344,21333,21309,21264,21255,21358,21352,16801,25222,1,1,21,-3,94,97,25,8,48,54,24,73,62,1.1904761904761905,1.1904761904761905,-2.6666666666666665,2.6666666666666665,2.2857142857142856,2.2857142857142856,-18.0,18.0,3.4761904761904763,3.4761904761904763,-20.666666666666668,20.666666666666668,-7.0,7.0,0,0,1,0,0.7755268829935461,-1.1905997676504565
2020-09-25 15:00:00,21333,21312,21233,21333,21201,21264,21347,21358,30746,16801,1,1,-100,0,146,94,14,25,32,48,-100,46,73,-0.14,0.14,100.0,100.0,-0.32,0.32,100.0,100.0,-0.46,0.46,100.0,100.0,0.0,0.0,0,1,1,3,-0.34988293096571244,-2.707275404512609
2020-09-25 16:00:00,21236,21333,21306,21233,21201,21201,21314,21347,19194,30746,1,1,70,-3,113,146,8,14,35,32,73,43,46,0.11428571428571428,0.11428571428571428,-4.666666666666667,4.666666666666667,0.5,0.5,-10.666666666666666,10.666666666666666,0.6142857142857143,0.6142857142857143,-15.333333333333334,15.333333333333334,-23.333333333333332,23.333333333333332,0,0,1,0,0.7513889916450381,-1.2799896156369504
2020-09-29 18:00:00,20952,21130,21016,20951,20777,20877,21044,21154,57136,66985,1,1,64,-1,267,277,28,24,175,74,65,203,98,0.4375,0.4375,-24.0,24.0,2.734375,2.734375,-74.0,74.0,3.171875,3.171875,-98.0,98.0,-64.0,64.0,0,0,1,4,4.139502320644951,3.619257791072181
2020-09-30 19:00:00,21390,21501,21447,21381,21390,21336,21486,21516,7418,27223,1,1,57,-9,96,180,39,15,0,45,66,39,60,0.6842105263157895,0.6842105263157895,-1.6666666666666667,1.6666666666666667,0.0,0.0,-5.0,5.0,0.6842105263157895,0.6842105263157895,-6.666666666666667,6.666666666666667,-6.333333333333333,6.333333333333333,0,0,1,0,0.6728360911999555,-1.7410628539104602
2020-10-01 17:00:00,21347,21410,21396,21346,21288,21323,21415,21436,29234,29443,1,1,49,-1,127,113,19,26,59,23,50,78,49,0.3877551020408163,0.3877551020408163,-26.0,26.0,1.2040816326530612,1.2040816326530612,-23.0,23.0,1.5918367346938775,1.5918367346938775,-49.0,49.0,-49.0,49.0,0,0,1,0,1.6287188118392362,0.022869496594897152
2020-10-01 23:00:00,21238,21255,21241,21232,21211,21220,21246,21266,4968,4488,1,1,3,-6,35,46,5,11,27,12,9,32,23,1.6666666666666667,1.6666666666666667,-1.8333333333333333,1.8333333333333333,9.0,9.0,-2.0,2.0,10.666666666666666,10.666666666666666,-3.8333333333333335,3.8333333333333335,-0.5,0.5,0,0,1,0,-0.21799756719814653,-2.340601056623741
2020-10-05 12:00:00,20984,21079,20988,20981,20977,20966,21041,21146,15020,28419,1,1,4,-3,64,180,53,67,7,15,7,60,82,13.25,13.25,-22.333333333333332,22.333333333333332,1.75,1.75,-5.0,5.0,15.0,15.0,-27.333333333333332,27.333333333333332,-1.3333333333333333,1.3333333333333333,0,0,1,0,1.0032865636148824,-0.4339098044349755
2020-10-15 18:00:00,20382,20504,20486,20380,20373,20350,20502,20506,38021,54126,1,1,104,-2,129,156,16,2,9,30,106,25,32,0.15384615384615385,0.15384615384615385,-1.0,1.0,0.08653846153846154,0.08653846153846154,-15.0,15.0,0.2403846153846154,0.2403846153846154,-16.0,16.0,-52.0,52.0,0,0,1,0,0.6698544519458276,-0.6363295938158603
2020-10-16 19:00:00,20331,20400,20336,20321,20302,20271,20386,20421,4014,22459,1,1,5,-10,84,150,50,21,29,50,15,79,71,10.0,10.0,-2.1,2.1,5.8,5.8,-5.0,5.0,15.8,15.8,-7.1,7.1,-0.5,0.5,0,0,1,0,0.6241657256655236,-0.8907212478375818
2020-10-21 18:00:00,21160,21202,21170,21159,21135,21129,21198,21203,15911,19244,1,1,10,-1,63,74,28,1,25,30,11,53,31,2.8,2.8,-1.0,1.0,2.5,2.5,-30.0,30.0,5.3,5.3,-31.0,31.0,-10.0,10.0,0,0,1,0,0.4597944607264261,-1.3117416775554125
2020-10-21 23:00:00,21166,21190,21183,21162,21161,21160,21183,21193,1896,1930,1,1,17,-4,22,33,0,3,5,2,21,5,5,0.0,0.0,-0.75,0.75,0.29411764705882354,0.29411764705882354,-0.5,0.5,0.29411764705882354,0.29411764705882354,-1.25,1.25,-4.25,4.25,0,0,1,0,-0.6863254161138203,-3.1558928411056866
2020-10-28 13:00:00,20491,20564,20527,20490,20445,20445,20563,20564,20416,48657,1,1,36,-1,118,119,36,0,46,45,37,82,45,1.0,1.0,-0.0,0.0,1.2777777777777777,1.2777777777777777,-45.0,45.0,2.2777777777777777,2.2777777777777777,-45.0,45.0,-36.0,36.0,0,0,1,0,1.2110871581129719,-0.0009621653203449152
2020-10-29 19:00:00,20569,20678,20626,20564,20563,20564,20657,20687,4925,20888,1,1,57,-5,94,123,31,9,6,0,62,37,9,0.543859649122807,0.543859649122807,-1.8,1.8,0.10526315789473684,0.10526315789473684,-0.0,0.0,0.6491228070175439,0.6491228070175439,-1.8,1.8,-11.4,11.4,0,0,1,0,-0.05602306843306115,-2.1776072620194555
2020-11-05 12:00:00,21400,21485,21461,21398,21350,21371,21518,21591,32293,71193,1,1,61,-2,168,220,57,106,50,27,63,107,133,0.9344262295081968,0.9344262295081968,-53.0,53.0,0.819672131147541,0.819672131147541,-13.5,13.5,1.7540983606557377,1.7540983606557377,-66.5,66.5,-30.5,30.5,0,0,1,0,2.8991918722006162,1.6181868951814142
2020-11-05 20:00:00,21753,21871,21758,21751,21711,21743,21779,21952,5739,23922,1,1,5,-2,68,209,21,81,42,8,7,63,89,4.2,4.2,-40.5,40.5,8.4,8.4,-4.0,4.0,12.6,12.6,-44.5,44.5,-2.5,2.5,0,0,1,0,1.574472375799815,-0.22257948205711137
2020-11-06 13:00:00,21631,21820,21688,21629,21563,21604,21742,21828,27078,44931,1,1,57,-2,179,224,54,8,68,25,59,122,33,0.9473684210526315,0.9473684210526315,-4.0,4.0,1.1929824561403508,1.1929824561403508,-12.5,12.5,2.1403508771929824,2.1403508771929824,-16.5,16.5,-28.5,28.5,0,0,1,0,1.5708458357390085,-0.4273303120723363
2020-11-12 11:00:00,24226,24465,24364,24222,24205,24103,24631,24465,99436,115895,1,1,138,-4,426,362,267,0,21,119,142,288,119,1.934782608695652,1.934782608695652,-0.0,0.0,0.15217391304347827,0.15217391304347827,-29.75,29.75,2.0869565217391304,2.0869565217391304,-29.75,29.75,-34.5,34.5,0,0,1,4,5.231176919356335,3.1867873293766813
2020-11-13 12:00:00,24234,24451,24254,24229,24194,24142,24312,24456,22021,64630,1,1,20,-5,118,314,58,5,40,87,25,98,92,2.9,2.9,-1.0,1.0,2.0,2.0,-17.4,17.4,4.9,4.9,-18.4,18.4,-4.0,4.0,0,0,1,0,2.234504337518036,-0.7042266691641254
2020-11-13 15:00:00,24040,24217,24046,24039,23992,23984,24072,24217,19787,72409,1,1,6,-1,80,233,26,0,48,55,7,74,55,4.333333333333333,4.333333333333333,-0.0,0.0,8.0,8.0,-55.0,55.0,12.333333333333334,12.333333333333334,-55.0,55.0,-6.0,6.0,0,0,1,0,2.1593143483505917,-0.05070804206302585
2020-11-16 12:00:00,24588,24841,24665,24584,24565,24555,24733,24945,33798,68375,1,1,77,-4,168,390,68,104,23,29,81,91,133,0.8831168831168831,0.8831168831168831,-26.0,26.0,0.2987012987012987,0.2987012987012987,-7.25,7.25,1.1818181818181819,1.1818181818181819,-33.25,33.25,-19.25,19.25,0,0,1,0,3.350117881040074,0.3370770635648822
2020-11-17 12:00:00,24641,24672,24662,24640,24606,24634,24778,25060,40228,107296,1,1,21,-1,172,426,116,388,35,6,22,151,394,5.523809523809524,5.523809523809524,-388.0,388.0,1.6666666666666667,1.6666666666666667,-6.0,6.0,7.190476190476191,7.190476190476191,-394.0,394.0,-21.0,21.0,0,0,1,4,11.31306096162344,11.657226398250318
2020-11-18 12:00:00,24623,24695,24678,24619,24618,24567,24715,24795,13720,43244,1,1,55,-4,97,228,37,100,5,52,59,42,152,0.6727272727272727,0.6727272727272727,-25.0,25.0,0.09090909090909091,0.09090909090909091,-13.0,13.0,0.7636363636363637,0.7636363636363637,-38.0,38.0,-13.75,13.75,0,0,1,0,2.702951334145584,-0.5583361511256993
2020-11-18 13:00:00,24679,24623,24542,24678,24515,24618,24732,24715,30032,13720,1,1,-137,-1,217,97,53,37,27,5,-136,80,42,-0.38686131386861317,0.38686131386861317,-37.0,37.0,-0.19708029197080293,0.19708029197080293,-5.0,5.0,-0.583941605839416,0.583941605839416,-42.0,42.0,137.0,137.0,0,0,1,0,1.412218659167275,-1.8150597037184903
2020-11-18 14:00:00,24545,24679,24605,24542,24545,24515,24647,24732,20886,30032,1,1,60,-3,102,217,42,53,0,27,63,42,80,0.7,0.7,-17.666666666666668,17.666666666666668,0.0,0.0,-9.0,9.0,0.7,0.7,-26.666666666666668,26.666666666666668,-20.0,20.0,0,0,1,0,2.0594168726921973,-1.289394053101083
2020-11-23 19:00:00,23953,24129,23979,23935,23905,23900,24027,24167,13366,51509,1,1,26,-18,122,267,48,38,48,35,44,96,73,1.8461538461538463,1.8461538461538463,-2.111111111111111,2.111111111111111,1.8461538461538463,1.8461538461538463,-1.9444444444444444,1.9444444444444444,3.6923076923076925,3.6923076923076925,-4.055555555555555,4.055555555555555,-1.4444444444444444,1.4444444444444444,0,0,1,0,1.8886833338002378,-1.4923000863977194
2020-11-25 13:00:00,24930,25168,24998,24929,24900,24921,25090,25278,44422,60361,1,1,68,-1,190,357,92,110,30,8,69,122,118,1.3529411764705883,1.3529411764705883,-110.0,110.0,0.4411764705882353,0.4411764705882353,-8.0,8.0,1.7941176470588236,1.7941176470588236,-118.0,118.0,-68.0,68.0,0,0,1,4,5.179568931912366,2.8802583632353205
2020-11-26 11:00:00,24926,25248,25013,24925,24893,24920,25110,25340,55159,68844,1,1,87,-1,217,420,97,92,33,5,88,130,97,1.1149425287356323,1.1149425287356323,-92.0,92.0,0.3793103448275862,0.3793103448275862,-5.0,5.0,1.4942528735632183,1.4942528735632183,-97.0,97.0,-87.0,87.0,0,0,1,4,5.09225335544417,2.7794519832997717
2020-11-26 14:00:00,24845,24952,24949,24842,24845,24775,24963,24979,21721,37613,1,1,104,-3,118,204,14,27,0,67,107,14,94,0.1346153846153846,0.1346153846153846,-9.0,9.0,0.0,0.0,-22.333333333333332,22.333333333333332,0.1346153846153846,0.1346153846153846,-31.333333333333332,31.333333333333332,-34.666666666666664,34.666666666666664,0,0,1,0,2.3511632628906622,-1.0028219362605277
2020-11-30 18:00:00,25025,25079,25028,25021,25013,24985,25069,25123,20135,32446,1,1,3,-4,56,138,41,44,12,36,7,53,80,13.666666666666666,13.666666666666666,-11.0,11.0,4.0,4.0,-9.0,9.0,17.666666666666668,17.666666666666668,-20.0,20.0,-0.75,0.75,0,0,1,0,1.7495063602838563,-1.2858886523181243
2020-11-30 19:00:00,25006,25025,24939,25028,24904,25013,25090,25069,24101,20135,1,1,-67,22,186,56,84,41,35,12,-89,119,53,-1.2537313432835822,1.2537313432835822,1.8636363636363635,1.8636363636363635,-0.5223880597014925,0.5223880597014925,0.5454545454545454,0.5454545454545454,-1.7761194029850746,1.7761194029850746,2.409090909090909,2.409090909090909,-3.0454545454545454,3.0454545454545454,0,0,1,0,1.1083799691420662,-2.273792686081973
2020-11-30 20:00:00,24948,25006,24974,24939,24920,24904,24994,25090,7084,24101,1,1,26,-9,74,186,20,84,28,35,35,48,119,0.7692307692307693,0.7692307692307693,-9.333333333333334,9.333333333333334,1.0769230769230769,1.0769230769230769,-3.888888888888889,3.888888888888889,1.8461538461538463,1.8461538461538463,-13.222222222222221,13.222222222222221,-2.888888888888889,2.888888888888889,0,0,1,0,1.9635257938061044,-1.8640269358455022
2020-12-07 12:00:00,27258,27499,27384,27256,27186,27118,27407,27640,49708,99629,1,1,126,-2,221,522,23,141,72,138,128,95,279,0.18253968253968253,0.18253968253968253,-70.5,70.5,0.5714285714285714,0.5714285714285714,-69.0,69.0,0.753968253968254,0.753968253968254,-139.5,139.5,-63.0,63.0,0,0,1,4,7.431634937293508,4.631693389106564
2020-12-08 15:00:00,27498,27541,27526,27496,27497,27437,27610,27577,25381,30979,1,1,28,-2,113,140,84,36,1,59,30,85,95,3.0,3.0,-18.0,18.0,0.03571428571428571,0.03571428571428571,-29.5,29.5,3.0357142857142856,3.0357142857142856,-47.5,47.5,-14.0,14.0,0,0,1,0,3.269859386293061,-1.000677140173572
2020-12-08 16:00:00,27533,27498,27403,27526,27368,27497,27552,27610,27181,25381,1,1,-130,-7,184,113,19,84,35,1,-123,54,85,-0.14615384615384616,0.14615384615384616,-12.0,12.0,-0.2692307692307692,0.2692307692307692,-0.14285714285714285,0.14285714285714285,-0.4153846153846154,0.4153846153846154,-12.142857142857142,12.142857142857142,18.571428571428573,18.571428571428573,0,0,1,0,1.7849619099572915,-2.915536891938029
2020-12-08 17:00:00,27404,27533,27462,27403,27235,27368,27550,27552,57267,27181,1,1,58,-1,315,184,88,19,169,35,59,257,54,1.5172413793103448,1.5172413793103448,-19.0,19.0,2.913793103448276,2.913793103448276,-35.0,35.0,4.431034482758621,4.431034482758621,-54.0,54.0,-58.0,58.0,0,0,1,4,5.074759124581316,1.19768615676018
2020-12-09 22:00:00,27641,27822,27684,27639,27639,27625,27750,27836,10517,14567,1,1,43,-2,111,211,66,14,2,14,45,68,28,1.5348837209302326,1.5348837209302326,-7.0,7.0,0.046511627906976744,0.046511627906976744,-7.0,7.0,1.5813953488372092,1.5813953488372092,-14.0,14.0,-21.5,21.5,0,0,1,0,2.433132472371894,-2.4866404710264045
2020-12-11 18:00:00,28490,28567,28530,28485,28465,28478,28537,28605,843,1870,1,1,40,-5,72,127,7,38,25,7,45,32,45,0.175,0.175,-7.6,7.6,0.625,0.625,-1.4,1.4,0.8,0.8,-9.0,9.0,-8.0,8.0,0,0,1,0,2.1227570883808835,-3.4254962498783317
2020-12-15 18:00:00,27841,28136,27856,27835,27816,27800,27968,28143,5386,16019,1,1,15,-6,152,343,112,7,25,35,21,137,42,7.466666666666667,7.466666666666667,-1.1666666666666667,1.1666666666666667,1.6666666666666667,1.6666666666666667,-5.833333333333333,5.833333333333333,9.133333333333333,9.133333333333333,-7.0,7.0,-2.5,2.5,0,0,1,0,3.1343069000481827,-1.840072464350888
2020-12-17 18:00:00,27892,28025,27977,27890,27827,27833,28080,28180,39720,55733,1,1,85,-2,253,347,103,155,65,57,87,168,212,1.2117647058823529,1.2117647058823529,-77.5,77.5,0.7647058823529411,0.7647058823529411,-28.5,28.5,1.9764705882352942,1.9764705882352942,-106.0,106.0,-42.5,42.5,0,0,1,4,6.69969998276436,2.937513654142671
2020-12-21 16:00:00,26366,26440,26367,26364,26293,26300,26429,26461,19025,20398,1,1,1,-2,136,161,62,21,73,64,3,135,85,62.0,62.0,-10.5,10.5,73.0,73.0,-32.0,32.0,135.0,135.0,-42.5,42.5,-0.5,0.5,0,0,1,1,4.603067791736298,4.9714913625148265
2020-12-24 12:00:00,27210,27447,27230,27206,27180,27158,27348,27488,23993,58103,1,1,20,-4,168,330,118,41,30,48,24,148,89,5.9,5.9,-10.25,10.25,1.5,1.5,-12.0,12.0,7.4,7.4,-22.25,22.25,-5.0,5.0,0,0,1,0,3.5798405330007768,-0.5787359534407785
2020-12-24 16:00:00,27116,27198,27164,27113,27072,27044,27194,27232,11855,16102,1,1,48,-3,122,188,30,34,44,69,51,74,103,0.625,0.625,-11.333333333333334,11.333333333333334,0.9166666666666666,0.9166666666666666,-23.0,23.0,1.5416666666666667,1.5416666666666667,-34.333333333333336,34.333333333333336,-16.0,16.0,0,0,1,0,3.1031671489183386,-1.3824562724565164
2020-12-25 20:00:00,27323,27375,27350,27320,27286,27308,27356,27422,2551,5132,1,1,27,-3,70,114,6,47,37,12,30,43,59,0.2222222222222222,0.2222222222222222,-15.666666666666666,15.666666666666666,1.3703703703703705,1.3703703703703705,-4.0,4.0,1.5925925925925926,1.5925925925925926,-19.666666666666668,19.666666666666668,-9.0,9.0,0,0,1,0,2.0818705575094394,-2.775223358188666
2020-12-28 14:00:00,27269,27475,27317,27266,27239,27242,27337,27498,13734,24831,1,1,48,-3,98,256,20,23,30,24,51,50,47,0.4166666666666667,0.4166666666666667,-7.666666666666667,7.666666666666667,0.625,0.625,-8.0,8.0,1.0416666666666667,1.0416666666666667,-15.666666666666666,15.666666666666666,-16.0,16.0,0,0,1,0,2.3611990485976,-2.324542135153662
2020-12-28 21:00:00,27742,27770,27747,27737,27735,27731,27770,27776,2438,4012,1,1,5,-5,35,45,23,6,7,6,10,30,12,4.6,4.6,-1.2,1.2,1.4,1.4,-1.2,1.2,6.0,6.0,-2.4,2.4,-1.0,1.0,0,0,1,0,1.252172570362559,-3.815100105164105
2020-12-29 12:00:00,27575,27834,27593,27571,27502,27555,27727,27839,32354,58693,1,1,18,-4,225,284,134,5,73,16,22,207,21,7.444444444444445,7.444444444444445,-1.25,1.25,4.055555555555555,4.055555555555555,-4.0,4.0,11.5,11.5,-5.25,5.25,-4.5,4.5,0,0,1,0,3.4037852824942108,-0.8835127826610739
2020-12-29 16:00:00,27647,27668,27660,27646,27520,27593,27662,27672,18327,10336,1,1,13,-1,142,79,2,4,127,53,14,129,57,0.15384615384615385,0.15384615384615385,-4.0,4.0,9.76923076923077,9.76923076923077,-53.0,53.0,9.923076923076923,9.923076923076923,-57.0,57.0,-13.0,13.0,0,0,1,0,3.4084075614716274,-0.7831477449216716
2021-01-04 14:00:00,27795,27864,27838,27793,27791,27769,27869,27892,14296,22505,1,1,43,-2,78,123,31,28,4,24,45,35,52,0.7209302325581395,0.7209302325581395,-14.0,14.0,0.09302325581395349,0.09302325581395349,-12.0,12.0,0.813953488372093,0.813953488372093,-26.0,26.0,-21.5,21.5,0,0,1,0,2.350147269361979,-2.4339860961419237
2021-01-05 15:00:00,27521,27568,27566,27516,27480,27479,27580,27584,11184,13687,1,1,45,-5,100,105,14,16,41,37,50,55,53,0.3111111111111111,0.3111111111111111,-3.2,3.2,0.9111111111111111,0.9111111111111111,-7.4,7.4,1.2222222222222223,1.2222222222222223,-10.6,10.6,-9.0,9.0,0,0,1,0,2.1291929891331387,-2.8000633961925447
2021-01-11 13:00:00,29044,29252,29146,29042,28916,29012,29188,29283,44576,49450,1,1,102,-2,272,271,42,31,128,30,104,170,61,0.4117647058823529,0.4117647058823529,-15.5,15.5,1.2549019607843137,1.2549019607843137,-15.0,15.0,1.6666666666666667,1.6666666666666667,-30.5,30.5,-51.0,51.0,0,0,1,0,4.71479015339119,-0.14751299310001514
2021-01-13 14:00:00,28733,28860,28829,28732,28614,28700,28838,28926,34299,24542,1,1,96,-1,224,226,9,66,119,32,97,128,98,0.09375,0.09375,-66.0,66.0,1.2395833333333333,1.2395833333333333,-32.0,32.0,1.3333333333333333,1.3333333333333333,-98.0,98.0,-96.0,96.0,0,0,1,4,5.803842859959814,1.506352871779459
2021-01-13 19:00:00,28600,28615,28605,28573,28544,28554,28623,28678,8628,25805,1,1,5,-27,79,124,18,63,56,19,32,74,82,3.6,3.6,-2.3333333333333335,2.3333333333333335,11.2,11.2,-0.7037037037037037,0.7037037037037037,14.8,14.8,-3.037037037037037,3.037037037037037,-0.18518518518518517,0.18518518518518517,0,0,1,0,2.77186838685323,-2.521392982370358
2021-01-14 11:00:00,28342,28596,28496,28341,28336,28106,28572,28692,68018,99128,1,1,154,-1,236,586,76,96,6,235,155,82,331,0.4935064935064935,0.4935064935064935,-96.0,96.0,0.03896103896103896,0.03896103896103896,-235.0,235.0,0.5324675324675324,0.5324675324675324,-331.0,331.0,-154.0,154.0,0,0,1,4,11.919490026145976,10.58215350333247
2021-01-14 19:00:00,28680,28720,28686,28655,28574,28608,28695,28752,9221,19008,1,1,6,-25,121,144,9,32,106,47,31,115,79,1.5,1.5,-1.28,1.28,17.666666666666668,17.666666666666668,-1.88,1.88,19.166666666666668,19.166666666666668,-3.16,3.16,-0.24,0.24,0,0,1,0,3.1746587552182803,-2.00932623375209
2021-01-15 16:00:00,28092,28366,28095,28090,28011,28009,28216,28400,29770,75826,1,1,3,-2,205,391,121,34,81,81,5,202,115,40.333333333333336,40.333333333333336,-17.0,17.0,27.0,27.0,-40.5,40.5,67.33333333333333,67.33333333333333,-57.5,57.5,-1.5,1.5,0,0,1,1,5.630481092040272,3.542064940821624
2021-01-18 21:00:00,28104,28158,28128,28103,28102,28100,28134,28184,1645,4760,1,1,24,-1,32,84,6,26,2,3,25,8,29,0.25,0.25,-26.0,26.0,0.08333333333333333,0.08333333333333333,-3.0,3.0,0.3333333333333333,0.3333333333333333,-29.0,29.0,-24.0,24.0,0,0,1,0,1.920668022981608,-3.1718917701414275
2021-01-20 15:00:00,28076,28165,28122,28074,28070,27988,28179,28177,26973,31654,1,1,46,-2,109,189,57,12,6,86,48,63,98,1.2391304347826086,1.2391304347826086,-6.0,6.0,0.13043478260869565,0.13043478260869565,-43.0,43.0,1.3695652173913044,1.3695652173913044,-49.0,49.0,-23.0,23.0,0,0,1,0,3.462410805160791,-1.0447402395383751
2021-01-22 22:00:00,26992,27003,26994,26990,26950,26986,27008,27009,2807,2980,1,1,2,-2,58,23,14,6,42,4,4,56,10,7.0,7.0,-3.0,3.0,21.0,21.0,-2.0,2.0,28.0,28.0,-5.0,5.0,-1.0,1.0,0,0,1,0,1.4978234050187658,-2.457574848086281
2021-01-25 20:00:00,26588,26614,26592,26580,26532,26342,26599,26649,5693,30849,1,1,4,-8,67,307,7,35,56,238,12,63,273,1.75,1.75,-4.375,4.375,14.0,14.0,-29.75,29.75,15.75,15.75,-34.125,34.125,-0.5,0.5,0,0,1,0,3.97408688109774,0.29309673932129415
2021-01-27 20:00:00,26788,26898,26873,26786,26784,26764,26877,26898,5481,13643,1,1,85,-2,93,134,4,0,4,22,87,8,22,0.047058823529411764,0.047058823529411764,-0.0,0.0,0.047058823529411764,0.047058823529411764,-11.0,11.0,0.09411764705882353,0.09411764705882353,-11.0,11.0,-42.5,42.5,0,0,1,0,1.8166341014620253,-2.7946242433614095
2021-01-28 19:00:00,26601,26779,26618,26588,26581,26573,26709,26824,11104,40629,1,1,17,-13,128,251,91,45,20,15,30,111,60,5.352941176470588,5.352941176470588,-3.4615384615384617,3.4615384615384617,1.1764705882352942,1.1764705882352942,-1.1538461538461537,1.1538461538461537,6.529411764705882,6.529411764705882,-4.615384615384615,4.615384615384615,-1.3076923076923077,1.3076923076923077,0,0,1,0,2.556297247800939,-1.8822643888248825
2021-01-28 23:00:00,26738,26780,26743,26734,26724,26718,26775,26790,4585,5406,1,1,5,-4,51,72,32,10,14,16,9,46,26,6.4,6.4,-2.5,2.5,2.8,2.8,-4.0,4.0,9.2,9.2,-6.5,6.5,-1.25,1.25,0,0,1,0,1.3740087657001792,-3.0889289897302206
2021-01-29 21:00:00,25930,25988,25946,25928,25871,25885,25957,26028,9010,13329,1,1,16,-2,86,143,11,40,59,43,18,70,83,0.6875,0.6875,-20.0,20.0,3.6875,3.6875,-21.5,21.5,4.375,4.375,-41.5,41.5,-8.0,8.0,0,0,1,0,2.4558246504827026,-1.4043408609853698
2021-02-02 15:00:00,26641,26809,26771,26640,26608,26625,26797,26809,41175,27166,1,1,130,-1,189,184,26,0,33,15,131,59,15,0.2,0.2,-0.0,0.0,0.25384615384615383,0.25384615384615383,-15.0,15.0,0.45384615384615384,0.45384615384615384,-15.0,15.0,-130.0,130.0,0,0,1,0,3.139785366399726,-0.8125532588593136
2021-02-04 13:00:00,26753,26807,26775,26750,26688,26712,26831,26869,35404,50359,1,1,22,-3,143,157,56,62,65,38,25,121,100,2.5454545454545454,2.5454545454545454,-20.666666666666668,20.666666666666668,2.9545454545454546,2.9545454545454546,-12.666666666666666,12.666666666666666,5.5,5.5,-33.333333333333336,33.333333333333336,-7.333333333333333,7.333333333333333,0,0,1,0,3.1462584620525123,-0.6739225794145379
2021-02-04 14:00:00,26783,26753,26713,26775,26707,26688,26850,26831,24622,35404,1,1,-70,-8,143,143,67,56,6,65,-62,73,121,-0.9571428571428572,0.9571428571428572,-7.0,7.0,-0.08571428571428572,0.08571428571428572,-8.125,8.125,-1.042857142857143,1.042857142857143,-15.125,15.125,8.75,8.75,0,0,1,0,2.2406032321589757,-2.097564407244197
2021-02-04 15:00:00,26718,26783,26736,26713,26712,26707,26785,26850,21760,24622,1,1,18,-5,73,143,49,67,6,6,23,55,73,2.7222222222222223,2.7222222222222223,-13.4,13.4,0.3333333333333333,0.3333333333333333,-1.2,1.2,3.0555555555555554,3.0555555555555554,-14.6,14.6,-3.6,3.6,0,0,1,0,2.0487094559249828,-2.308578603057944
2021-02-08 13:00:00,27485,27524,27495,27484,27429,27403,27516,27570,16031,34851,1,1,10,-1,87,167,21,46,56,81,11,77,127,2.1,2.1,-46.0,46.0,5.6,5.6,-81.0,81.0,7.7,7.7,-127.0,127.0,-10.0,10.0,0,0,1,4,4.612938904868034,1.1239146866869028
2021-02-09 19:00:00,26930,26989,26938,26901,26836,26892,26973,27016,15781,35351,1,1,8,-29,137,124,35,27,94,9,37,129,36,4.375,4.375,-0.9310344827586207,0.9310344827586207,11.75,11.75,-0.3103448275862069,0.3103448275862069,16.125,16.125,-1.2413793103448276,1.2413793103448276,-0.27586206896551724,0.27586206896551724,0,0,1,0,2.532558160231254,-1.9756743455651267
2021-02-10 19:00:00,26681,26845,26766,26630,26640,26625,26790,26910,16227,43905,1,1,85,-51,150,285,24,65,41,5,136,65,70,0.2823529411764706,0.2823529411764706,-1.2745098039215685,1.2745098039215685,0.4823529411764706,0.4823529411764706,-0.09803921568627451,0.09803921568627451,0.7647058823529411,0.7647058823529411,-1.3725490196078431,1.3725490196078431,-1.6666666666666667,1.6666666666666667,0,0,1,0,2.9402414593378574,-2.3294975090022345
2021-02-10 20:00:00,26768,26681,26740,26766,26690,26640,26774,26790,6547,16227,1,1,-28,-2,84,150,6,24,50,41,-26,56,65,-0.21428571428571427,0.21428571428571427,-12.0,12.0,-1.7857142857142858,1.7857142857142858,-20.5,20.5,-2.0,2.0,-32.5,32.5,14.0,14.0,0,0,1,0,2.0093769636305376,-2.395037556210393
2021-02-10 21:00:00,26742,26768,26762,26740,26721,26690,26788,26774,4423,6547,1,1,20,-2,67,84,26,6,21,50,22,47,56,1.3,1.3,-3.0,3.0,1.05,1.05,-25.0,25.0,2.35,2.35,-28.0,28.0,-10.0,10.0,0,0,1,0,1.9878437909973,-2.4563593797009546
2021-02-12 12:00:00,26040,26311,26174,26038,26012,25950,26209,26317,45665,89819,1,1,134,-2,197,367,35,6,28,88,136,63,94,0.26119402985074625,0.26119402985074625,-3.0,3.0,0.208955223880597,0.208955223880597,-44.0,44.0,0.4701492537313433,0.4701492537313433,-47.0,47.0,-67.0,67.0,0,0,1,0,3.9288919342603745,0.7830712323268952
2021-02-15 14:00:00,26891,26964,26961,26890,26851,26861,26982,26966,24812,19903,1,1,70,-1,131,105,21,2,40,29,71,61,31,0.3,0.3,-2.0,2.0,0.5714285714285714,0.5714285714285714,-29.0,29.0,0.8714285714285714,0.8714285714285714,-31.0,31.0,-70.0,70.0,0,0,1,0,2.709638560428863,-1.4660047859096497
2021-02-16 18:00:00,27158,27218,27203,27153,27128,27046,27231,27220,17506,45431,1,1,45,-5,103,174,28,2,30,107,50,58,109,0.6222222222222222,0.6222222222222222,-0.4,0.4,0.6666666666666666,0.6666666666666666,-21.4,21.4,1.288888888888889,1.288888888888889,-21.8,21.8,-9.0,9.0,0,0,1,0,2.688029796466497,-1.6912216989486526
2021-02-17 14:00:00,27440,27556,27475,27439,27416,27410,27505,27590,17141,29614,1,1,35,-1,89,180,30,34,24,29,36,54,63,0.8571428571428571,0.8571428571428571,-34.0,34.0,0.6857142857142857,0.6857142857142857,-29.0,29.0,1.542857142857143,1.542857142857143,-63.0,63.0,-35.0,35.0,0,0,1,0,3.2231596909834535,-0.9827058817166245
2021-02-22 11:00:00,27003,27130,27054,26999,26971,26810,27182,27137,27723,27713,1,1,51,-4,211,327,128,7,32,189,55,160,196,2.5098039215686274,2.5098039215686274,-1.75,1.75,0.6274509803921569,0.6274509803921569,-47.25,47.25,3.1372549019607843,3.1372549019607843,-49.0,49.0,-12.75,12.75,0,0,1,0,4.932309746616743,0.8755973370870348
2021-02-26 20:00:00,27010,27089,27024,26999,27000,26990,27100,27116,6536,14435,1,1,14,-11,100,126,76,27,10,9,25,86,36,5.428571428571429,5.428571428571429,-2.4545454545454546,2.4545454545454546,0.7142857142857143,0.7142857142857143,-0.8181818181818182,0.8181818181818182,6.142857142857143,6.142857142857143,-3.272727272727273,3.272727272727273,-1.2727272727272727,1.2727272727272727,0,0,1,0,2.017039093700473,-2.76850530757179
2021-03-01 15:00:00,27228,27313,27306,27224,27208,27193,27329,27319,14988,16922,1,1,78,-4,121,126,23,6,20,31,82,43,37,0.2948717948717949,0.2948717948717949,-1.5,1.5,0.2564102564102564,0.2564102564102564,-7.75,7.75,0.5512820512820513,0.5512820512820513,-9.25,9.25,-19.5,19.5,0,0,1,0,2.1144055922357032,-2.6670507161253245
2021-03-01 21:00:00,27394,27456,27418,27391,27366,27391,27434,27475,7280,5358,1,1,24,-3,68,84,16,19,28,0,27,44,19,0.6666666666666666,0.6666666666666666,-6.333333333333333,6.333333333333333,1.1666666666666667,1.1666666666666667,-0.0,0.0,1.8333333333333333,1.8333333333333333,-6.333333333333333,6.333333333333333,-8.0,8.0,0,0,1,0,1.550123563152128,-3.4048344849186942
2021-03-02 23:00:00,27966,28019,27988,27964,27952,27926,28018,28020,6132,6588,1,1,22,-2,66,94,30,1,14,38,24,44,39,1.3636363636363635,1.3636363636363635,-0.5,0.5,0.6363636363636364,0.6363636363636364,-19.0,19.0,2.0,2.0,-19.5,19.5,-11.0,11.0,0,0,1,0,2.0512626883545844,-2.9877034090748293
2021-03-03 11:00:00,28166,28279,28244,28165,28131,28112,28282,28290,31802,76131,1,1,78,-1,151,178,38,11,35,53,79,73,64,0.48717948717948717,0.48717948717948717,-11.0,11.0,0.44871794871794873,0.44871794871794873,-53.0,53.0,0.9358974358974359,0.9358974358974359,-64.0,64.0,-78.0,78.0,0,0,1,0,4.076523648044781,0.061996535572028555
2021-03-03 21:00:00,28001,28022,28021,27999,27990,27992,28043,28049,3633,5650,1,1,20,-2,53,57,22,27,11,7,22,33,34,1.1,1.1,-13.5,13.5,0.55,0.55,-3.5,3.5,1.65,1.65,-17.0,17.0,-10.0,10.0,0,0,1,0,1.8215742547149723,-3.3038700492873048
2021-03-04 12:00:00,27620,27816,27696,27618,27524,27609,27748,27884,52929,51094,1,1,76,-2,224,275,52,68,96,9,78,148,77,0.6842105263157895,0.6842105263157895,-34.0,34.0,1.263157894736842,1.263157894736842,-4.5,4.5,1.9473684210526316,1.9473684210526316,-38.5,38.5,-38.0,38.0,0,0,1,0,4.187997032762307,0.06637879205661269
2021-03-10 19:00:00,27354,27570,27367,27341,27331,27340,27413,27570,152,696,1,1,13,-13,82,230,46,0,23,1,26,69,1,3.5384615384615383,3.5384615384615383,-0.0,0.0,1.7692307692307692,1.7692307692307692,-0.07692307692307693,0.07692307692307693,5.3076923076923075,5.3076923076923075,-0.07692307692307693,0.07692307692307693,-1.0,1.0,0,0,1,0,1.8334034128436778,-3.345725197871454
2021-03-12 17:00:00,27611,27843,27717,27603,27588,27603,27750,27843,1003,1824,1,1,106,-8,162,240,33,0,23,0,114,56,0,0.3113207547169811,0.3113207547169811,-0.0,0.0,0.2169811320754717,0.2169811320754717,-0.0,0.0,0.5283018867924528,0.5283018867924528,-0.0,0.0,-13.25,13.25,0,0,1,0,2.3291131124410294,-3.0708981328014424
2021-03-17 18:00:00,27224,27427,27271,27221,27108,27215,27292,27499,18413,20294,1,1,47,-3,184,284,21,72,116,6,50,137,78,0.44680851063829785,0.44680851063829785,-24.0,24.0,2.4680851063829787,2.4680851063829787,-2.0,2.0,2.9148936170212765,2.9148936170212765,-26.0,26.0,-15.666666666666666,15.666666666666666,0,0,1,0,3.54775833860683,-1.007510574046227
2021-03-18 13:00:00,27364,27406,27367,27361,27332,27307,27462,27518,14627,24601,1,1,3,-3,130,211,95,112,32,54,6,127,166,31.666666666666668,31.666666666666668,-37.333333333333336,37.333333333333336,10.666666666666666,10.666666666666666,-18.0,18.0,42.333333333333336,42.333333333333336,-55.333333333333336,55.333333333333336,-1.0,1.0,0,0,1,1,4.5832350341524934,1.53468657930386
2021-03-22 08:00:00,27348,27385,27379,27336,27305,27251,27388,27385,2407,3599,1,1,31,-12,83,134,9,0,43,85,43,52,85,0.2903225806451613,0.2903225806451613,-0.0,0.0,1.3870967741935485,1.3870967741935485,-7.083333333333333,7.083333333333333,1.6774193548387097,1.6774193548387097,-7.083333333333333,7.083333333333333,-2.5833333333333335,2.5833333333333335,0,0,1,0,2.201511415991953,-2.8862328167341946
2021-03-23 15:00:00,27208,27252,27234,27202,27125,27157,27295,27252,28465,29377,1,1,26,-6,170,95,61,0,83,45,32,144,45,2.3461538461538463,2.3461538461538463,-0.0,0.0,3.1923076923076925,3.1923076923076925,-7.5,7.5,5.538461538461538,5.538461538461538,-7.5,7.5,-4.333333333333333,4.333333333333333,0,0,1,0,2.6050326736121017,-1.8682761563242398
2021-03-26 14:00:00,27797,28000,27857,27792,27791,27750,27902,28014,18936,45079,1,1,60,-5,111,264,45,14,6,42,65,51,56,0.75,0.75,-2.8,2.8,0.1,0.1,-8.4,8.4,0.85,0.85,-11.2,11.2,-12.0,12.0,0,0,1,0,2.560061119932781,-2.259542843052073
2021-03-30 20:00:00,28171,28278,28234,28169,28150,28144,28246,28305,3534,8123,1,1,63,-2,96,161,12,27,21,25,65,33,52,0.19047619047619047,0.19047619047619047,-13.5,13.5,0.3333333333333333,0.3333333333333333,-12.5,12.5,0.5238095238095238,0.5238095238095238,-26.0,26.0,-31.5,31.5,0,0,1,0,2.681374904543194,-2.452658259938763
2021-04-01 15:00:00,27985,28044,28040,27984,27945,27969,28055,28082,19136,20609,1,1,55,-1,110,113,15,38,40,15,56,55,53,0.2727272727272727,0.2727272727272727,-38.0,38.0,0.7272727272727273,0.7272727272727273,-15.0,15.0,1.0,1.0,-53.0,53.0,-55.0,55.0,0,0,1,0,3.2710140310288454,-1.2685603056146721
2021-04-02 11:00:00,27797,27916,27899,27796,27772,27730,27924,27958,21260,28487,1,1,102,-1,152,228,25,42,25,66,103,50,108,0.24509803921568626,0.24509803921568626,-42.0,42.0,0.24509803921568626,0.24509803921568626,-66.0,66.0,0.49019607843137253,0.49019607843137253,-108.0,108.0,-102.0,102.0,0,0,1,4,5.219657726324521,1.344232114632217
2021-04-05 11:00:00,27714,27877,27730,27709,27630,27685,27748,27966,28420,46488,1,1,16,-5,118,281,18,89,84,24,21,102,113,1.125,1.125,-17.8,17.8,5.25,5.25,-4.8,4.8,6.375,6.375,-22.6,22.6,-3.2,3.2,0,0,1,0,3.3035403834933654,-1.1129884274506487
2021-04-05 23:00:00,27671,27714,27691,27670,27662,27663,27699,27720,1292,2166,1,1,20,-1,37,57,8,6,9,7,21,17,13,0.4,0.4,-6.0,6.0,0.45,0.45,-7.0,7.0,0.85,0.85,-13.0,13.0,-20.0,20.0,0,0,1,0,1.431308864725433,-3.6086561970052355
2021-04-06 11:00:00,27322,27753,27333,27318,27273,27217,27388,27759,26617,104124,1,1,11,-4,115,542,55,6,49,101,15,104,107,5.0,5.0,-1.5,1.5,4.454545454545454,4.454545454545454,-25.25,25.25,9.454545454545455,9.454545454545455,-26.75,26.75,-2.75,2.75,0,0,1,0,3.6126976957988113,-0.1307990958085858
2021-04-09 19:00:00,26799,26830,26804,26782,26774,26755,26822,26842,4503,15904,1,1,5,-17,48,87,18,12,25,27,22,43,39,3.6,3.6,-0.7058823529411765,0.7058823529411765,5.0,5.0,-1.588235294117647,1.588235294117647,8.6,8.6,-2.2941176470588234,2.2941176470588234,-0.29411764705882354,0.29411764705882354,0,0,1,0,1.5069407813852373,-3.163048082387825
2021-04-12 13:00:00,27134,27150,27144,27131,27100,27114,27245,27260,26834,30311,1,1,10,-3,145,146,101,110,34,17,13,135,127,10.1,10.1,-36.666666666666664,36.666666666666664,3.4,3.4,-5.666666666666667,5.666666666666667,13.5,13.5,-42.333333333333336,42.333333333333336,-3.3333333333333335,3.3333333333333335,0,0,1,0,3.7447992080676458,-0.13392335520986023
2021-04-14 15:00:00,27596,27628,27612,27590,27576,27571,27721,27660,21358,17417,1,1,16,-6,145,89,109,32,20,19,22,129,51,6.8125,6.8125,-5.333333333333333,5.333333333333333,1.25,1.25,-3.1666666666666665,3.1666666666666665,8.0625,8.0625,-8.5,8.5,-2.6666666666666665,2.6666666666666665,0,0,1,0,2.6540778188220004,-2.0519236271939447
2021-04-15 13:00:00,26940,27131,26988,26934,26900,26934,27025,27132,17713,20849,1,1,48,-6,125,198,37,1,40,0,54,77,1,0.7708333333333334,0.7708333333333334,-0.16666666666666666,0.16666666666666666,0.8333333333333334,0.8333333333333334,-0.0,0.0,1.6041666666666667,1.6041666666666667,-0.16666666666666666,0.16666666666666666,-8.0,8.0,0,0,1,0,1.8520754835857598,-2.8861699781606722
2021-04-15 17:00:00,26959,27072,27001,26958,26887,26905,27050,27094,23452,28861,1,1,42,-1,163,189,49,22,72,53,43,121,75,1.1666666666666667,1.1666666666666667,-22.0,22.0,1.7142857142857142,1.7142857142857142,-53.0,53.0,2.880952380952381,2.880952380952381,-75.0,75.0,-42.0,42.0,0,0,1,0,4.072063949655088,0.26137297952162236
2021-04-20 14:00:00,27493,27578,27542,27488,27449,27442,27546,27625,18249,33028,1,1,49,-5,97,183,4,47,44,46,54,48,93,0.08163265306122448,0.08163265306122448,-9.4,9.4,0.8979591836734694,0.8979591836734694,-9.2,9.2,0.9795918367346939,0.9795918367346939,-18.6,18.6,-9.8,9.8,0,0,1,0,2.5930021911941568,-2.0785061220548045
2021-04-22 19:00:00,27974,28015,27976,27950,27921,27925,28006,28028,8043,20492,1,1,2,-24,85,103,30,13,53,25,26,83,38,15.0,15.0,-0.5416666666666666,0.5416666666666666,26.5,26.5,-1.0416666666666667,1.0416666666666667,41.5,41.5,-1.5833333333333333,1.5833333333333333,-0.08333333333333333,0.08333333333333333,0,0,1,1,2.603432572639354,-1.5541504172037783
2021-04-26 19:00:00,28157,28191,28166,28138,28134,28122,28191,28225,3677,17690,1,1,9,-19,57,103,25,34,23,16,28,48,50,2.7777777777777777,2.7777777777777777,-1.7894736842105263,1.7894736842105263,2.5555555555555554,2.5555555555555554,-0.8421052631578947,0.8421052631578947,5.333333333333333,5.333333333333333,-2.6315789473684212,2.6315789473684212,-0.47368421052631576,0.47368421052631576,0,0,1,0,2.018992067383633,-3.373816540615319
2021-04-26 23:00:00,28102,28154,28129,28097,28092,28082,28171,28175,2514,4383,1,1,27,-5,79,93,42,21,10,15,32,52,36,1.5555555555555556,1.5555555555555556,-4.2,4.2,0.37037037037037035,0.37037037037037035,-3.0,3.0,1.9259259259259258,1.9259259259259258,-7.2,7.2,-5.4,5.4,0,0,1,0,1.9847211311465665,-3.345793771333979
2021-04-27 18:00:00,28344,28358,28348,28338,28296,28255,28379,28377,18676,35280,1,1,4,-6,83,122,31,19,48,83,10,79,102,7.75,7.75,-3.1666666666666665,3.1666666666666665,12.0,12.0,-13.833333333333334,13.833333333333334,19.75,19.75,-17.0,17.0,-0.6666666666666666,0.6666666666666666,0,0,1,0,2.899224625489731,-1.4832243609820497
2021-04-28 08:00:00,28370,28454,28387,28369,28344,28360,28407,28454,1965,3252,1,1,17,-1,63,94,20,0,26,9,18,46,9,1.1764705882352942,1.1764705882352942,-0.0,0.0,1.5294117647058822,1.5294117647058822,-9.0,9.0,2.7058823529411766,2.7058823529411766,-9.0,9.0,-17.0,17.0,0,0,1,0,1.8141277794486652,-3.502227448077788
2021-04-28 11:00:00,28316,28467,28331,28313,28221,28303,28355,28515,36033,42754,1,1,15,-3,134,212,24,48,95,10,18,119,58,1.6,1.6,-16.0,16.0,6.333333333333333,6.333333333333333,-3.3333333333333335,3.3333333333333335,7.933333333333334,7.933333333333334,-19.333333333333332,19.333333333333332,-5.0,5.0,0,0,1,0,3.057202200927485,-1.52696530706101
2021-04-28 12:00:00,28327,28316,28267,28331,28252,28221,28350,28355,12534,36033,1,1,-60,4,98,134,23,24,15,95,-64,38,119,-0.38333333333333336,0.38333333333333336,6.0,6.0,-0.25,0.25,23.75,23.75,-0.6333333333333333,0.6333333333333333,29.75,29.75,-15.0,15.0,0,0,1,0,2.010739264266122,-2.953476555769201
2021-04-28 13:00:00,28268,28327,28276,28267,28255,28252,28307,28350,10407,12534,1,1,8,-1,52,98,31,23,13,15,9,44,38,3.875,3.875,-23.0,23.0,1.625,1.625,-15.0,15.0,5.5,5.5,-38.0,38.0,-8.0,8.0,0,0,1,0,2.3560752866393937,-2.475300071843762
2021-04-29 11:00:00,28571,28734,28598,28566,28546,28545,28635,28764,21067,65943,1,1,27,-5,89,219,37,30,25,21,32,62,51,1.3703703703703705,1.3703703703703705,-6.0,6.0,0.9259259259259259,0.9259259259259259,-4.2,4.2,2.2962962962962963,2.2962962962962963,-10.2,10.2,-5.4,5.4,0,0,1,0,2.4821499245285716,-2.4673082564072812
2021-04-29 20:00:00,28212,28248,28234,28211,28171,28161,28244,28248,2534,7109,1,1,22,-1,73,87,10,0,41,50,23,51,50,0.45454545454545453,0.45454545454545453,-0.0,0.0,1.8636363636363635,1.8636363636363635,-50.0,50.0,2.3181818181818183,2.3181818181818183,-50.0,50.0,-22.0,22.0,0,0,1,0,2.784503209281579,-2.0779712268583386
2021-04-30 09:00:00,28199,28230,28214,28197,28179,28131,28268,28248,2919,2852,1,1,15,-2,89,117,54,18,20,66,17,74,84,3.6,3.6,-9.0,9.0,1.3333333333333333,1.3333333333333333,-33.0,33.0,4.933333333333334,4.933333333333334,-42.0,42.0,-7.5,7.5,0,0,1,0,3.0610609704019214,-1.8506081882617864
2021-05-05 12:00:00,28868,28892,28871,28865,28836,28815,28960,28922,14629,28555,1,1,3,-3,124,107,89,30,32,50,6,121,80,29.666666666666668,29.666666666666668,-10.0,10.0,10.666666666666666,10.666666666666666,-16.666666666666668,16.666666666666668,40.333333333333336,40.333333333333336,-26.666666666666668,26.666666666666668,-1.0,1.0,0,0,1,0,3.639619130978696,-0.30675308803386736
2021-05-05 17:00:00,28864,28915,28912,28863,28800,28849,28937,28930,19127,8332,1,1,48,-1,137,81,25,15,64,14,49,89,29,0.5208333333333334,0.5208333333333334,-15.0,15.0,1.3333333333333333,1.3333333333333333,-14.0,14.0,1.8541666666666667,1.8541666666666667,-29.0,29.0,-48.0,48.0,0,0,1,0,3.1102243478398948,-2.0634278089437945
2021-05-06 13:00:00,29454,29577,29542,29450,29445,29440,29556,29584,11701,24166,1,1,88,-4,111,144,14,7,9,10,92,23,17,0.1590909090909091,0.1590909090909091,-1.75,1.75,0.10227272727272728,0.10227272727272728,-2.5,2.5,0.26136363636363635,0.26136363636363635,-4.25,4.25,-22.0,22.0,0,0,1,0,2.388400468673746,-3.3826541079628267
2021-05-10 20:00:00,30374,30429,30386,30373,30360,30352,30396,30495,3490,10941,1,1,12,-1,36,143,10,66,14,21,13,24,87,0.8333333333333334,0.8333333333333334,-66.0,66.0,1.1666666666666667,1.1666666666666667,-21.0,21.0,2.0,2.0,-87.0,87.0,-12.0,12.0,0,0,1,0,3.9204881096984594,-1.5850508294964223
2021-05-11 08:00:00,30290,30426,30362,30289,30281,30252,30373,30426,4128,6893,1,1,72,-1,92,174,11,0,9,37,73,20,37,0.1527777777777778,0.1527777777777778,-0.0,0.0,0.125,0.125,-37.0,37.0,0.2777777777777778,0.2777777777777778,-37.0,37.0,-72.0,72.0,0,0,1,0,3.5025075604666043,-2.3354048136983923
2021-05-11 12:00:00,30587,30696,30670,30584,30578,30548,30710,30702,20781,28931,1,1,83,-3,132,154,40,6,9,36,86,49,42,0.4819277108433735,0.4819277108433735,-2.0,2.0,0.10843373493975904,0.10843373493975904,-12.0,12.0,0.5903614457831325,0.5903614457831325,-14.0,14.0,-27.666666666666668,27.666666666666668,0,0,1,0,3.235880172928594,-2.776458481401147
2021-05-13 09:00:00,30348,30380,30376,30346,30340,30345,30441,30390,5354,1851,1,1,28,-2,101,45,65,10,8,1,30,73,11,2.3214285714285716,2.3214285714285716,-5.0,5.0,0.2857142857142857,0.2857142857142857,-0.5,0.5,2.607142857142857,2.607142857142857,-5.5,5.5,-14.0,14.0,0,0,1,0,2.510700481511902,-3.705476327360757
2021-05-14 13:00:00,30590,30698,30596,30587,30534,30566,30635,30732,20229,16463,1,1,6,-3,101,166,39,34,56,21,9,95,55,6.5,6.5,-11.333333333333334,11.333333333333334,9.333333333333334,9.333333333333334,-7.0,7.0,15.833333333333334,15.833333333333334,-18.333333333333332,18.333333333333332,-2.0,2.0,0,0,1,0,3.3670371736950733,-2.2160426256738694
2021-05-17 09:00:00,30469,30499,30474,30468,30391,30463,30496,30551,9011,1922,1,1,5,-1,105,88,22,52,78,5,6,100,57,4.4,4.4,-52.0,52.0,15.6,15.6,-5.0,5.0,20.0,20.0,-57.0,57.0,-5.0,5.0,0,0,1,0,3.9559732806208174,-1.2848789206979243
2021-05-19 08:00:00,30615,30679,30623,30606,30588,30600,30624,30700,1617,3815,1,1,8,-9,36,100,1,21,27,6,17,28,27,0.125,0.125,-2.3333333333333335,2.3333333333333335,3.375,3.375,-0.6666666666666666,0.6666666666666666,3.5,3.5,-3.0,3.0,-0.8888888888888888,0.8888888888888888,0,0,1,0,2.175224815093959,-4.259980854962
2021-05-19 21:00:00,29811,29894,29812,29810,29736,29779,29852,29930,7616,10573,1,1,1,-1,116,151,40,36,75,31,2,115,67,40.0,40.0,-36.0,36.0,75.0,75.0,-31.0,31.0,115.0,115.0,-67.0,67.0,-1.0,1.0,0,0,1,1,5.349046465894644,3.6404101672172016
2021-05-20 21:00:00,29718,29778,29745,29716,29712,29709,29806,29835,4326,4921,1,1,27,-2,94,126,61,57,6,7,29,67,64,2.259259259259259,2.259259259259259,-28.5,28.5,0.2222222222222222,0.2222222222222222,-3.5,3.5,2.4814814814814814,2.4814814814814814,-32.0,32.0,-13.5,13.5,0,0,1,0,3.218059706810623,-2.5156644397425394
2021-05-28 09:00:00,31382,31450,31400,31377,31331,31355,31420,31485,4278,5636,1,1,18,-5,89,130,20,35,51,22,23,71,57,1.1111111111111112,1.1111111111111112,-7.0,7.0,2.8333333333333335,2.8333333333333335,-4.4,4.4,3.9444444444444446,3.9444444444444446,-11.4,11.4,-3.6,3.6,0,0,1,0,3.173883678353208,-3.417164686212283
2021-05-31 07:00:00,31024,31076,31034,31007,31020,31007,31087,31076,3005,3479,1,1,10,-17,67,69,53,0,4,0,27,57,0,5.3,5.3,-0.0,0.0,0.4,0.4,-0.0,0.0,5.7,5.7,-0.0,0.0,-0.5882352941176471,0.5882352941176471,0,0,1,0,2.395345797535116,-4.316243412590898
2021-06-02 21:00:00,31377,31414,31409,31372,31372,31359,31417,31417,4328,2463,1,1,32,-5,45,58,8,3,5,13,37,13,16,0.25,0.25,-0.6,0.6,0.15625,0.15625,-2.6,2.6,0.40625,0.40625,-3.2,3.2,-6.4,6.4,0,0,1,0,2.1967393187256175,-4.5787676269496975
2021-06-07 13:00:00,31352,31390,31387,31350,31331,31313,31421,31449,15506,24573,1,1,35,-2,90,136,34,59,21,37,37,55,96,0.9714285714285714,0.9714285714285714,-29.5,29.5,0.6,0.6,-18.5,18.5,1.5714285714285714,1.5714285714285714,-48.0,48.0,-17.5,17.5,0,0,1,0,4.020329172183894,-2.0450519641882785
2021-06-08 10:00:00,31554,31607,31561,31546,31470,31511,31677,31633,51269,7735,1,1,7,-8,207,122,116,26,84,35,15,200,61,16.571428571428573,16.571428571428573,-3.25,3.25,12.0,12.0,-4.375,4.375,28.571428571428573,28.571428571428573,-7.625,7.625,-0.875,0.875,0,0,1,0,4.51981797408262,-1.0455784657929494
2021-06-08 14:00:00,31366,31420,31419,31360,31317,31290,31438,31429,15911,25510,1,1,53,-6,121,139,19,9,49,70,59,68,79,0.3584905660377358,0.3584905660377358,-1.5,1.5,0.9245283018867925,0.9245283018867925,-11.666666666666666,11.666666666666666,1.2830188679245282,1.2830188679245282,-13.166666666666666,13.166666666666666,-8.833333333333334,8.833333333333334,0,0,1,0,3.5069509304481024,-2.9177513429522146
2021-06-08 19:00:00,31487,31532,31505,31485,31463,31425,31530,31572,4244,14274,1,1,18,-2,67,147,25,40,24,60,20,49,100,1.3888888888888888,1.3888888888888888,-20.0,20.0,1.3333333333333333,1.3333333333333333,-30.0,30.0,2.7222222222222223,2.7222222222222223,-50.0,50.0,-9.0,9.0,0,0,1,0,3.932783850750223,-2.2861060254956107
2021-06-10 09:00:00,31498,31519,31504,31497,31401,31486,31548,31548,9221,1390,1,1,6,-1,147,62,44,29,97,11,7,141,40,7.333333333333333,7.333333333333333,-29.0,29.0,16.166666666666668,16.166666666666668,-11.0,11.0,23.5,23.5,-40.0,40.0,-6.0,6.0,0,0,1,0,4.194981129347194,-1.511697058064674
2021-06-10 18:00:00,31845,31964,31853,31831,31777,31830,31885,31974,435,718,1,1,8,-14,108,144,32,10,68,1,22,100,11,4.0,4.0,-0.7142857142857143,0.7142857142857143,8.5,8.5,-0.07142857142857142,0.07142857142857142,12.5,12.5,-0.7857142857142857,0.7857142857142857,-0.5714285714285714,0.5714285714285714,0,0,1,0,3.212085261766621,-3.624061682826719
2021-06-11 11:00:00,31783,31870,31787,31780,31766,31709,31832,31883,879,1718,1,1,4,-3,66,174,45,13,17,71,7,62,84,11.25,11.25,-4.333333333333333,4.333333333333333,4.25,4.25,-23.666666666666668,23.666666666666668,15.5,15.5,-28.0,28.0,-1.3333333333333333,1.3333333333333333,0,0,1,0,3.7332611876117383,-2.507703129664331
2021-06-15 09:00:00,31830,31869,31845,31828,31813,31801,31877,31875,517,566,1,1,15,-2,64,74,32,6,17,27,17,49,33,2.1333333333333333,2.1333333333333333,-3.0,3.0,1.1333333333333333,1.1333333333333333,-13.5,13.5,3.2666666666666666,3.2666666666666666,-16.5,16.5,-7.5,7.5,0,0,1,0,2.902961692318894,-3.853205153224208
2021-06-16 13:00:00,31555,31758,31590,31552,31540,31506,31625,31778,9278,16791,1,1,35,-3,85,272,35,20,15,46,38,50,66,1.0,1.0,-6.666666666666667,6.666666666666667,0.42857142857142855,0.42857142857142855,-15.333333333333334,15.333333333333334,1.4285714285714286,1.4285714285714286,-22.0,22.0,-11.666666666666666,11.666666666666666,0,0,1,0,3.599605887171976,-2.916314363419239
2021-06-16 16:00:00,31744,31799,31751,31742,31654,31741,31795,31808,9094,5574,1,1,7,-2,141,67,44,9,90,1,9,134,10,6.285714285714286,6.285714285714286,-4.5,4.5,12.857142857142858,12.857142857142858,-0.5,0.5,19.142857142857142,19.142857142857142,-5.0,5.0,-3.5,3.5,0,0,1,0,3.377906118580098,-2.8569221579433024
2021-06-17 14:00:00,31775,31825,31785,31773,31764,31753,31820,31865,12930,15324,1,1,10,-2,56,112,35,40,11,20,12,46,60,3.5,3.5,-20.0,20.0,1.1,1.1,-10.0,10.0,4.6,4.6,-30.0,30.0,-5.0,5.0,0,0,1,0,3.283737868303742,-3.1057157738956267
2021-06-21 09:00:00,31158,31200,31180,31152,31152,31146,31245,31204,4331,3047,1,1,22,-6,93,58,65,4,6,6,28,71,10,2.9545454545454546,2.9545454545454546,-0.6666666666666666,0.6666666666666666,0.2727272727272727,0.2727272727272727,-1.0,1.0,3.227272727272727,3.227272727272727,-1.6666666666666667,1.6666666666666667,-3.6666666666666665,3.6666666666666665,0,0,1,0,2.5874590033569875,-4.065290815960269
2021-06-22 19:00:00,31320,31359,31322,31300,31292,31291,31370,31371,3737,9809,1,1,2,-20,78,80,48,12,28,9,22,76,21,24.0,24.0,-0.6,0.6,14.0,14.0,-0.45,0.45,38.0,38.0,-1.05,1.05,-0.1,0.1,0,0,1,0,3.1522340775424618,-2.607629750425016
2021-06-23 14:00:00,31238,31355,31264,31230,31219,31210,31325,31362,17332,29727,1,1,26,-8,106,152,61,7,19,20,34,80,27,2.3461538461538463,2.3461538461538463,-0.875,0.875,0.7307692307692307,0.7307692307692307,-2.5,2.5,3.076923076923077,3.076923076923077,-3.375,3.375,-3.25,3.25,0,0,1,0,2.98110029796341,-3.452689013291612
2021-06-24 12:00:00,31382,31420,31400,31381,31303,31365,31429,31466,24834,13442,1,1,18,-1,126,101,29,46,79,16,19,108,62,1.6111111111111112,1.6111111111111112,-46.0,46.0,4.388888888888889,4.388888888888889,-16.0,16.0,6.0,6.0,-62.0,62.0,-18.0,18.0,0,0,1,0,4.3574822117720196,-1.4593352835297324
2021-06-24 13:00:00,31395,31382,31326,31400,31307,31303,31410,31429,13492,24834,1,1,-69,5,103,126,15,29,19,79,-74,34,108,-0.21739130434782608,0.21739130434782608,5.8,5.8,-0.2753623188405797,0.2753623188405797,15.8,15.8,-0.4927536231884058,0.4927536231884058,21.6,21.6,-13.8,13.8,0,0,1,0,2.6232525588991837,-3.689890622891546
2021-06-24 14:00:00,31328,31395,31349,31326,31315,31307,31372,31410,4984,13492,1,1,21,-2,57,103,23,15,13,19,23,36,34,1.0952380952380953,1.0952380952380953,-7.5,7.5,0.6190476190476191,0.6190476190476191,-9.5,9.5,1.7142857142857142,1.7142857142857142,-17.0,17.0,-10.5,10.5,0,0,1,0,2.7515135003437425,-3.7186452906654344
2021-07-01 12:00:00,30840,30923,30862,30839,30796,30809,30885,30970,16346,20106,1,1,22,-1,89,161,23,47,44,30,23,67,77,1.0454545454545454,1.0454545454545454,-47.0,47.0,2.0,2.0,-30.0,30.0,3.0454545454545454,3.0454545454545454,-77.0,77.0,-22.0,22.0,0,0,1,0,4.328592139101278,-1.2451717794592077
2021-07-01 18:00:00,30786,30837,30831,30785,30777,30770,30869,30848,9455,13017,1,1,45,-1,92,78,38,11,9,15,46,47,26,0.8444444444444444,0.8444444444444444,-11.0,11.0,0.2,0.2,-15.0,15.0,1.0444444444444445,1.0444444444444445,-26.0,26.0,-45.0,45.0,0,0,1,0,3.1291126938003435,-2.954858779719074
2021-07-06 11:00:00,30824,31023,30848,30822,30815,30784,30893,31028,13512,33771,1,1,24,-2,78,244,45,5,9,38,26,54,43,1.875,1.875,-2.5,2.5,0.375,0.375,-19.0,19.0,2.25,2.25,-21.5,21.5,-12.0,12.0,0,0,1,0,3.1675424964191823,-2.850828899379192
2021-07-06 18:00:00,30512,30630,30554,30510,30504,30493,30578,30637,14925,32316,1,1,42,-2,74,144,24,7,8,17,44,32,24,0.5714285714285714,0.5714285714285714,-3.5,3.5,0.19047619047619047,0.19047619047619047,-8.5,8.5,0.7619047619047619,0.7619047619047619,-12.0,12.0,-21.0,21.0,0,0,1,0,2.595784337040635,-3.392797608389876
2021-07-07 17:00:00,30613,30760,30673,30610,30566,30550,30700,30794,18482,33024,1,1,60,-3,134,244,27,34,47,60,63,74,94,0.45,0.45,-11.333333333333334,11.333333333333334,0.7833333333333333,0.7833333333333333,-20.0,20.0,1.2333333333333334,1.2333333333333334,-31.333333333333332,31.333333333333332,-20.0,20.0,0,0,1,0,4.038357107063559,-1.8136876900694936
2021-07-08 13:00:00,30368,30467,30420,30364,30319,30357,30429,30481,16077,16906,1,1,52,-4,110,124,9,14,49,7,56,58,21,0.17307692307692307,0.17307692307692307,-3.5,3.5,0.9423076923076923,0.9423076923076923,-1.75,1.75,1.1153846153846154,1.1153846153846154,-5.25,5.25,-13.0,13.0,0,0,1,0,2.652704848877654,-3.476792570638696
2021-07-09 11:00:00,30452,30542,30467,30447,30362,30421,30496,30626,30422,37379,1,1,15,-5,134,205,29,84,90,26,20,119,110,1.9333333333333333,1.9333333333333333,-16.8,16.8,6.0,6.0,-5.2,5.2,7.933333333333334,7.933333333333334,-22.0,22.0,-3.0,3.0,0,0,1,0,3.998506571774118,-1.5667447030846504
2021-07-12 08:00:00,30561,30597,30569,30558,30540,30543,30606,30644,2829,4106,1,1,8,-3,66,101,37,47,21,15,11,58,62,4.625,4.625,-15.666666666666666,15.666666666666666,2.625,2.625,-5.0,5.0,7.25,7.25,-20.666666666666668,20.666666666666668,-2.6666666666666665,2.6666666666666665,0,0,1,0,2.966104981344495,-3.080271940254695
2021-07-12 21:00:00,30859,30890,30887,30854,30842,30839,30896,30894,1903,2586,1,1,28,-5,54,55,9,4,17,15,33,26,19,0.32142857142857145,0.32142857142857145,-0.8,0.8,0.6071428571428571,0.6071428571428571,-3.0,3.0,0.9285714285714286,0.9285714285714286,-3.8,3.8,-5.6,5.6,0,0,1,0,2.1827560307962437,-4.37198441084655
2021-07-13 13:00:00,30633,30710,30636,30631,30625,30621,30686,30712,10396,22907,1,1,3,-2,61,91,50,2,8,10,5,58,12,16.666666666666668,16.666666666666668,-1.0,1.0,2.6666666666666665,2.6666666666666665,-5.0,5.0,19.333333333333332,19.333333333333332,-6.0,6.0,-1.5,1.5,0,0,1,0,2.455410129461579,-3.153584601660314
2021-07-16 14:00:00,30491,30577,30503,30490,30451,30463,30535,30591,12345,22093,1,1,12,-1,84,128,32,14,40,27,13,72,41,2.6666666666666665,2.6666666666666665,-14.0,14.0,3.3333333333333335,3.3333333333333335,-27.0,27.0,6.0,6.0,-41.0,41.0,-12.0,12.0,0,0,1,0,3.315550306803984,-2.33584929808817
2021-07-19 18:00:00,29280,29493,29313,29276,29277,29262,29363,29537,11436,41824,1,1,33,-4,86,275,50,44,3,14,37,53,58,1.5151515151515151,1.5151515151515151,-11.0,11.0,0.09090909090909091,0.09090909090909091,-3.5,3.5,1.606060606060606,1.606060606060606,-14.5,14.5,-8.25,8.25,0,0,1,0,2.8762458915869096,-2.599830176268372
2021-07-19 19:00:00,29340,29280,29289,29313,29275,29277,29351,29363,2141,11436,1,1,-51,-27,76,86,11,50,14,3,-24,25,53,-0.21568627450980393,0.21568627450980393,-1.8518518518518519,1.8518518518518519,-0.27450980392156865,0.27450980392156865,-0.1111111111111111,0.1111111111111111,-0.49019607843137253,0.49019607843137253,-1.962962962962963,1.962962962962963,1.8888888888888888,1.8888888888888888,0,0,1,0,1.9531917641808305,-4.2541345752061
2021-07-19 20:00:00,29290,29340,29334,29289,29285,29275,29367,29351,4387,2141,1,1,44,-1,82,76,33,11,5,14,45,38,25,0.75,0.75,-11.0,11.0,0.11363636363636363,0.11363636363636363,-14.0,14.0,0.8636363636363636,0.8636363636363636,-25.0,25.0,-44.0,44.0,0,0,1,0,2.6467815720112804,-2.9297976580062475
2021-07-23 11:00:00,29910,30015,29926,29905,29898,29891,29998,30124,11548,42455,1,1,16,-5,100,233,72,109,12,14,21,84,123,4.5,4.5,-21.8,21.8,0.75,0.75,-2.8,2.8,5.25,5.25,-24.6,24.6,-3.2,3.2,0,0,1,0,3.781308729742752,-1.765488660190297
2021-07-29 11:00:00,30607,30667,30628,30606,30580,30557,30667,30747,18050,55820,1,1,21,-1,87,190,39,80,27,49,22,66,129,1.8571428571428572,1.8571428571428572,-80.0,80.0,1.2857142857142858,1.2857142857142858,-49.0,49.0,3.142857142857143,3.142857142857143,-129.0,129.0,-21.0,21.0,0,0,1,4,5.480623460161755,0.6723122339210096
2021-07-29 12:00:00,30628,30607,30578,30628,30572,30580,30710,30667,21459,18050,1,1,-50,0,138,87,82,39,6,27,-50,88,66,-1.64,1.64,100.0,100.0,-0.12,0.12,100.0,100.0,-1.76,1.76,100.0,100.0,0.0,0.0,0,1,1,3,2.463148213315587,-3.978200620673131
2021-07-29 13:00:00,30583,30628,30610,30578,30556,30572,30622,30710,16202,21459,1,1,27,-5,66,138,12,82,27,6,32,39,88,0.4444444444444444,0.4444444444444444,-16.4,16.4,1.0,1.0,-1.2,1.2,1.4444444444444444,1.4444444444444444,-17.6,17.6,-5.4,5.4,0,0,1,0,3.0492547177359133,-3.0278284295703846
2021-07-30 15:00:00,30762,30784,30782,30760,30708,30722,30818,30805,12506,12045,1,1,20,-2,110,83,36,21,54,38,22,90,59,1.8,1.8,-10.5,10.5,2.7,2.7,-19.0,19.0,4.5,4.5,-29.5,29.5,-10.0,10.0,0,0,1,0,3.4311633498364236,-2.5531186098593723
2021-08-02 13:00:00,30912,30994,30927,30910,30871,30907,30960,31029,21834,13739,1,1,15,-2,89,122,33,35,41,3,17,74,38,2.2,2.2,-17.5,17.5,2.7333333333333334,2.7333333333333334,-1.5,1.5,4.933333333333334,4.933333333333334,-19.0,19.0,-7.5,7.5,0,0,1,0,3.043830852968076,-3.0130073540114415
2021-08-05 15:00:00,31497,31503,31499,31492,31480,31430,31563,31518,12113,12495,1,1,2,-5,83,88,64,15,17,62,7,81,77,32.0,32.0,-3.0,3.0,8.5,8.5,-12.4,12.4,40.5,40.5,-15.4,15.4,-0.4,0.4,0,0,1,0,3.709870867710534,-1.5623965157397646
2021-08-10 16:00:00,32926,33061,33050,32925,32918,32886,33060,33073,23574,22089,1,1,124,-1,142,187,10,12,8,39,125,18,51,0.08064516129032258,0.08064516129032258,-12.0,12.0,0.06451612903225806,0.06451612903225806,-39.0,39.0,0.14516129032258066,0.14516129032258066,-51.0,51.0,-124.0,124.0,0,0,1,0,5.117810809428654,-1.3799888715263477
2021-08-10 20:00:00,33065,33072,33068,33061,33048,33040,33082,33096,1370,3289,1,1,3,-4,34,56,14,24,17,21,7,31,45,4.666666666666667,4.666666666666667,-6.0,6.0,5.666666666666667,5.666666666666667,-5.25,5.25,10.333333333333334,10.333333333333334,-11.25,11.25,-0.75,0.75,0,0,1,0,2.997851964162393,-4.090055163384526
2021-08-11 14:00:00,32791,32885,32857,32776,32756,32723,32900,32919,28640,38622,1,1,66,-15,144,196,43,34,35,53,81,78,87,0.6515151515151515,0.6515151515151515,-2.2666666666666666,2.2666666666666666,0.5303030303030303,0.5303030303030303,-3.533333333333333,3.533333333333333,1.1818181818181819,1.1818181818181819,-5.8,5.8,-4.4,4.4,0,0,1,0,4.129446435306447,-2.9610762378131765
2021-08-13 20:00:00,32965,32988,32966,32962,32951,32938,32982,33067,960,4783,1,1,1,-3,31,129,16,79,14,24,4,30,103,16.0,16.0,-26.333333333333332,26.333333333333332,14.0,14.0,-8.0,8.0,30.0,30.0,-34.333333333333336,34.333333333333336,-0.3333333333333333,0.3333333333333333,0,0,1,0,4.0703366909220495,-2.126583602353686
2021-08-19 23:00:00,33321,33382,33330,33314,33309,33314,33391,33427,4195,8358,1,1,9,-7,82,113,61,45,12,0,16,73,45,6.777777777777778,6.777777777777778,-6.428571428571429,6.428571428571429,1.3333333333333333,1.3333333333333333,-0.0,0.0,8.11111111111111,8.11111111111111,-6.428571428571429,6.428571428571429,-1.2857142857142858,1.2857142857142858,0,0,1,0,3.526432849248249,-3.8288225322517997
2021-08-20 07:00:00,33314,33321,33253,33330,33220,33309,33365,33391,6201,4195,1,1,-61,16,145,82,51,61,33,12,-77,84,73,-0.8360655737704918,0.8360655737704918,3.8125,3.8125,-0.5409836065573771,0.5409836065573771,0.75,0.75,-1.3770491803278688,1.3770491803278688,4.5625,4.5625,-3.8125,3.8125,0,0,1,0,3.150152066129703,-4.0887952462136115
2021-08-20 08:00:00,33256,33314,33282,33253,33220,33220,33285,33365,2768,6201,1,1,26,-3,65,145,3,51,36,33,29,39,84,0.11538461538461539,0.11538461538461539,-17.0,17.0,1.3846153846153846,1.3846153846153846,-11.0,11.0,1.5,1.5,-28.0,28.0,-8.666666666666666,8.666666666666666,0,0,1,0,3.864704637740405,-3.4179645916589725
2021-08-20 21:00:00,32625,32713,32678,32622,32617,32613,32691,32738,3232,4783,1,1,53,-3,74,125,13,25,8,9,56,21,34,0.24528301886792453,0.24528301886792453,-8.333333333333334,8.333333333333334,0.1509433962264151,0.1509433962264151,-3.0,3.0,0.39622641509433965,0.39622641509433965,-11.333333333333334,11.333333333333334,-17.666666666666668,17.666666666666668,0,0,1,0,3.1368138792866667,-4.073133531440023
2021-08-24 13:00:00,32568,32629,32609,32567,32530,32526,32625,32676,17197,22244,1,1,41,-1,95,150,16,47,38,41,42,54,88,0.3902439024390244,0.3902439024390244,-47.0,47.0,0.926829268292683,0.926829268292683,-41.0,41.0,1.3170731707317074,1.3170731707317074,-88.0,88.0,-41.0,41.0,0,0,1,0,5.094428165443506,-1.112335105051621
2021-08-26 08:00:00,32407,32525,32516,32398,32387,32354,32533,32525,3483,8713,1,1,109,-9,146,171,17,0,20,44,118,37,44,0.1559633027522936,0.1559633027522936,-0.0,0.0,0.1834862385321101,0.1834862385321101,-4.888888888888889,4.888888888888889,0.3394495412844037,0.3394495412844037,-4.888888888888889,4.888888888888889,-12.11111111111111,12.11111111111111,0,0,1,0,3.603489591346052,-3.6876822200720234
2021-08-26 15:00:00,32280,32364,32321,32277,32267,32225,32357,32364,9133,20959,1,1,41,-3,90,139,36,0,13,52,44,49,52,0.8780487804878049,0.8780487804878049,-0.0,0.0,0.3170731707317073,0.3170731707317073,-17.333333333333332,17.333333333333332,1.1951219512195121,1.1951219512195121,-17.333333333333332,17.333333333333332,-13.666666666666666,13.666666666666666,0,0,1,0,3.4189097779230297,-3.3968413169121856
2021-09-01 12:00:00,32892,33018,33010,32888,32863,32878,33075,33052,17813,19934,1,1,118,-4,212,174,65,34,29,10,122,94,44,0.5508474576271186,0.5508474576271186,-8.5,8.5,0.2457627118644068,0.2457627118644068,-2.5,2.5,0.7966101694915254,0.7966101694915254,-11.0,11.0,-29.5,29.5,0,0,1,0,4.483504372737456,-2.6933956341625738
2021-09-02 13:00:00,33174,33294,33224,33171,33155,33171,33299,33329,19305,28308,1,1,50,-3,144,158,75,35,19,0,53,94,35,1.5,1.5,-11.666666666666666,11.666666666666666,0.38,0.38,-0.0,0.0,1.88,1.88,-11.666666666666666,11.666666666666666,-16.666666666666668,16.666666666666668,0,0,1,0,3.9820509295109185,-3.1690074071829644
2021-09-03 07:00:00,32980,33006,32996,32950,32953,32950,33063,33020,6539,2848,1,1,16,-30,110,70,67,14,27,0,46,94,14,4.1875,4.1875,-0.4666666666666667,0.4666666666666667,1.6875,1.6875,-0.0,0.0,5.875,5.875,-0.4666666666666667,0.4666666666666667,-0.5333333333333333,0.5333333333333333,0,0,1,0,3.489297829009491,-4.241047801541113
2021-09-03 20:00:00,33076,33120,33101,33072,33069,33050,33101,33124,1820,5785,1,1,25,-4,32,74,0,4,7,22,29,7,26,0.0,0.0,-1.0,1.0,0.28,0.28,-5.5,5.5,0.28,0.28,-6.5,6.5,-6.25,6.25,0,0,1,0,2.6522380650028285,-4.789648682566307
2021-09-10 11:00:00,32708,32851,32813,32703,32682,32680,32884,32869,19009,33234,1,1,105,-5,202,189,71,18,26,23,110,97,41,0.6761904761904762,0.6761904761904762,-3.6,3.6,0.24761904761904763,0.24761904761904763,-4.6,4.6,0.9238095238095239,0.9238095238095239,-8.2,8.2,-21.0,21.0,0,0,1,0,4.282534927495039,-2.758980558404161
2021-09-10 23:00:00,33081,33146,33118,33069,33034,33051,33118,33151,191,150,1,1,37,-12,84,100,0,5,47,18,49,47,23,0.0,0.0,-0.4166666666666667,0.4166666666666667,1.2702702702702702,1.2702702702702702,-1.5,1.5,1.2702702702702702,1.2702702702702702,-1.9166666666666667,1.9166666666666667,-3.0833333333333335,3.0833333333333335,0,0,1,0,3.0965877424497656,-4.570663380995188
2021-09-13 21:00:00,33160,33210,33174,33150,33134,33136,33200,33210,605,1038,1,1,14,-10,66,74,26,0,26,14,24,52,14,1.8571428571428572,1.8571428571428572,-0.0,0.0,1.8571428571428572,1.8571428571428572,-1.4,1.4,3.7142857142857144,3.7142857142857144,-1.4,1.4,-1.4,1.4,0,0,1,0,2.924740744059415,-4.649712269050565
2021-09-14 20:00:00,33182,33262,33220,33172,33154,33160,33220,33262,958,1228,1,1,38,-10,66,102,0,0,28,12,48,28,12,0.0,0.0,-0.0,0.0,0.7368421052631579,0.7368421052631579,-1.2,1.2,0.7368421052631579,0.7368421052631579,-1.2,1.2,-3.8,3.8,0,0,1,0,2.8609645897710942,-4.826298384356012
2021-09-15 18:00:00,33870,33973,33901,33865,33857,33839,33957,34035,9692,14902,1,1,31,-5,100,196,56,62,13,26,36,69,88,1.8064516129032258,1.8064516129032258,-12.4,12.4,0.41935483870967744,0.41935483870967744,-5.2,5.2,2.225806451612903,2.225806451612903,-17.6,17.6,-6.2,6.2,0,0,1,0,4.298149461738731,-3.2645132098695053
2021-09-17 17:00:00,33572,33632,33606,33571,33513,33540,33637,33683,25975,35586,1,1,34,-1,124,143,31,51,59,31,35,90,82,0.9117647058823529,0.9117647058823529,-51.0,51.0,1.7352941176470589,1.7352941176470589,-31.0,31.0,2.6470588235294117,2.6470588235294117,-82.0,82.0,-34.0,34.0,0,0,1,0,5.426087761182227,-1.0811077883656015
2021-09-20 08:00:00,33254,33529,33319,33251,33234,33180,33342,33529,5577,13681,1,1,65,-3,108,349,23,0,20,71,68,43,71,0.35384615384615387,0.35384615384615387,-0.0,0.0,0.3076923076923077,0.3076923076923077,-23.666666666666668,23.666666666666668,0.6615384615384615,0.6615384615384615,-23.666666666666668,23.666666666666668,-21.666666666666668,21.666666666666668,0,0,1,0,4.375494114477524,-2.916486971434372
2021-09-20 20:00:00,33184,33313,33190,33179,33171,33174,33228,33313,4747,9692,1,1,6,-5,57,139,38,0,13,5,11,51,5,6.333333333333333,6.333333333333333,-0.0,0.0,2.1666666666666665,2.1666666666666665,-1.0,1.0,8.5,8.5,-1.0,1.0,-1.2,1.2,0,0,1,0,2.918589753907908,-4.357060567715031
2021-09-23 17:00:00,33134,33249,33193,33131,33123,33107,33223,33282,17129,19403,1,1,59,-3,100,175,30,33,11,24,62,41,57,0.5084745762711864,0.5084745762711864,-11.0,11.0,0.1864406779661017,0.1864406779661017,-8.0,8.0,0.6949152542372882,0.6949152542372882,-19.0,19.0,-19.666666666666668,19.666666666666668,0,0,1,0,3.8354863939615935,-3.3096443520119507
2021-09-24 11:00:00,33058,33096,33062,33055,33014,32929,33147,33115,23908,45553,1,1,4,-3,133,186,85,19,44,126,7,129,145,21.25,21.25,-6.333333333333333,6.333333333333333,11.0,11.0,-42.0,42.0,32.25,32.25,-48.333333333333336,48.333333333333336,-1.3333333333333333,1.3333333333333333,0,0,1,0,5.5368668861331765,-0.033212141677751994
2021-09-24 12:00:00,33062,33058,33021,33062,33015,33014,33099,33147,12056,23908,1,1,-41,0,84,133,37,85,6,44,-41,43,129,-0.9024390243902439,0.9024390243902439,100.0,100.0,-0.14634146341463414,0.14634146341463414,100.0,100.0,-1.048780487804878,1.048780487804878,100.0,100.0,0.0,0.0,0,1,1,3,3.1822958017270544,-4.297152970812279
2021-09-24 13:00:00,33024,33062,33043,33021,33008,33015,33090,33099,10339,12056,1,1,19,-3,82,84,47,37,16,6,22,63,43,2.473684210526316,2.473684210526316,-12.333333333333334,12.333333333333334,0.8421052631578947,0.8421052631578947,-2.0,2.0,3.3157894736842106,3.3157894736842106,-14.333333333333334,14.333333333333334,-6.333333333333333,6.333333333333333,0,0,1,0,3.406364896414717,-3.7574887215426043
2021-09-27 20:00:00,33678,33734,33703,33672,33667,33671,33746,33767,4128,4916,1,1,25,-6,79,96,43,33,11,1,31,54,34,1.72,1.72,-5.5,5.5,0.44,0.44,-0.16666666666666666,0.16666666666666666,2.16,2.16,-5.666666666666667,5.666666666666667,-4.166666666666667,4.166666666666667,0,0,1,0,3.361734696039825,-4.34690430744661
2021-09-28 17:00:00,33485,33627,33500,33483,33322,33417,33576,33634,29583,32017,1,1,15,-2,254,217,76,7,163,66,17,239,73,5.066666666666666,5.066666666666666,-3.5,3.5,10.866666666666667,10.866666666666667,-33.0,33.0,15.933333333333334,15.933333333333334,-36.5,36.5,-7.5,7.5,0,0,1,0,5.891599420321624,-0.5988321922484499
2021-09-29 09:00:00,33329,33502,33372,33327,33260,33246,33400,33507,8285,10777,1,1,43,-2,140,261,28,5,69,81,45,97,86,0.6511627906976745,0.6511627906976745,-2.5,2.5,1.6046511627906976,1.6046511627906976,-40.5,40.5,2.255813953488372,2.255813953488372,-43.0,43.0,-21.5,21.5,0,0,1,0,4.999154933387403,-2.073610629587463
2021-09-29 13:00:00,33390,33457,33410,33388,33378,33373,33466,33503,7361,12319,1,1,20,-2,88,130,56,46,12,15,22,68,61,2.8,2.8,-23.0,23.0,0.6,0.6,-7.5,7.5,3.4,3.4,-30.5,30.5,-10.0,10.0,0,0,1,0,4.0313253815825645,-3.161800949325755
2021-09-29 23:00:00,33323,33400,33344,33320,33317,33314,33374,33406,1734,1673,1,1,21,-3,57,92,30,6,6,6,24,36,12,1.4285714285714286,1.4285714285714286,-2.0,2.0,0.2857142857142857,0.2857142857142857,-2.0,2.0,1.7142857142857142,1.7142857142857142,-4.0,4.0,-7.0,7.0,0,0,1,0,2.879517119952529,-4.68087839122078
2021-10-01 11:00:00,34180,34419,34330,34175,34115,34174,34382,34526,50074,62175,1,1,150,-5,267,352,52,107,65,1,155,117,108,0.3466666666666667,0.3466666666666667,-21.4,21.4,0.43333333333333335,0.43333333333333335,-0.2,0.2,0.78,0.78,-21.6,21.6,-30.0,30.0,0,0,1,0,6.0557553587082,-1.1033066940853922
2021-10-04 21:00:00,35090,35105,35099,35089,35078,35065,35164,35121,7477,7209,1,1,9,-1,86,56,65,16,12,24,10,77,40,7.222222222222222,7.222222222222222,-16.0,16.0,1.3333333333333333,1.3333333333333333,-24.0,24.0,8.555555555555555,8.555555555555555,-40.0,40.0,-9.0,9.0,0,0,1,0,4.397656220276691,-3.271694292535946
2021-10-08 11:00:00,37361,37441,37372,37360,37324,37210,37500,37595,17420,46953,1,1,11,-1,176,385,128,154,37,150,12,165,304,11.636363636363637,11.636363636363637,-154.0,154.0,3.3636363636363638,3.3636363636363638,-150.0,150.0,15.0,15.0,-304.0,304.0,-11.0,11.0,0,0,1,4,12.435232600557246,6.451979998811229
2021-10-08 19:00:00,37720,37760,37740,37695,37677,37659,37766,37837,5230,19127,1,1,20,-25,89,178,26,77,43,36,45,69,113,1.3,1.3,-3.08,3.08,2.15,2.15,-1.44,1.44,3.45,3.45,-4.52,4.52,-0.8,0.8,0,0,1,0,5.278258926046892,-4.287306096622277
2021-10-11 17:00:00,39037,39052,39048,39032,38960,38873,39063,39058,26388,36908,1,1,11,-5,103,185,15,6,77,159,16,92,165,1.3636363636363635,1.3636363636363635,-1.2,1.2,7.0,7.0,-31.8,31.8,8.363636363636363,8.363636363636363,-33.0,33.0,-2.2,2.2,0,0,1,0,6.319003960082593,-2.695667634618352
2021-10-11 20:00:00,39112,39169,39133,39107,39065,39088,39146,39242,6785,10062,1,1,21,-5,81,154,13,73,47,19,26,60,92,0.6190476190476191,0.6190476190476191,-14.6,14.6,2.238095238095238,2.238095238095238,-3.8,3.8,2.857142857142857,2.857142857142857,-18.4,18.4,-4.2,4.2,0,0,1,0,5.409672200794661,-4.381274381206173
2021-10-12 12:00:00,38720,38832,38769,38713,38684,38634,38900,38879,30581,60622,1,1,49,-7,216,245,131,47,36,79,56,167,126,2.673469387755102,2.673469387755102,-6.714285714285714,6.714285714285714,0.7346938775510204,0.7346938775510204,-11.285714285714286,11.285714285714286,3.4081632653061225,3.4081632653061225,-18.0,18.0,-7.0,7.0,0,0,1,0,6.823128837236698,-2.33436069190011
2021-10-12 18:00:00,38178,38214,38203,38171,38174,38080,38295,38287,15464,38477,1,1,25,-7,121,207,92,73,4,91,32,96,164,3.68,3.68,-10.428571428571429,10.428571428571429,0.16,0.16,-13.0,13.0,3.84,3.84,-23.428571428571427,23.428571428571427,-3.5714285714285716,3.5714285714285716,0,0,1,0,6.197519827897034,-2.8783264148286576
2021-10-13 22:00:00,38322,38374,38325,38320,38255,38285,38346,38425,4261,5122,1,1,3,-2,91,140,21,51,67,35,5,88,86,7.0,7.0,-25.5,25.5,22.333333333333332,22.333333333333332,-17.5,17.5,29.333333333333332,29.333333333333332,-43.0,43.0,-1.5,1.5,0,0,1,0,5.953241258718178,-2.431172753112021
2021-10-14 19:00:00,37994,38077,38058,37969,37979,37932,38130,38136,6164,20960,1,1,64,-25,151,204,72,59,15,37,89,87,96,1.125,1.125,-2.36,2.36,0.234375,0.234375,-1.48,1.48,1.359375,1.359375,-3.84,3.84,-2.56,2.56,0,0,1,0,5.707423488345064,-4.090274423295327
2021-10-18 13:00:00,36851,36909,36895,36850,36839,36820,36990,36963,19821,23474,1,1,44,-1,151,143,95,54,12,30,45,107,84,2.159090909090909,2.159090909090909,-54.0,54.0,0.2727272727272727,0.2727272727272727,-30.0,30.0,2.4318181818181817,2.4318181818181817,-84.0,84.0,-44.0,44.0,0,0,1,0,6.634434871686716,-1.3922593965705405
2021-10-20 11:00:00,37228,37540,37290,37223,37145,37201,37382,37561,42666,76746,1,1,62,-5,237,360,92,21,83,22,67,175,43,1.4838709677419355,1.4838709677419355,-4.2,4.2,1.3387096774193548,1.3387096774193548,-4.4,4.4,2.8225806451612905,2.8225806451612905,-8.6,8.6,-12.4,12.4,0,0,1,0,6.043482947061452,-2.4045269196053676
2021-10-20 16:00:00,37157,37233,37219,37155,37143,37103,37267,37276,16630,16542,1,1,62,-2,124,173,48,43,14,52,64,62,95,0.7741935483870968,0.7741935483870968,-21.5,21.5,0.22580645161290322,0.22580645161290322,-26.0,26.0,1.0,1.0,-47.5,47.5,-31.0,31.0,0,0,1,0,5.833069096226037,-2.7489038495675846
2021-10-22 19:00:00,36856,36929,36888,36825,36795,36800,36930,37038,7031,20249,1,1,32,-31,135,238,42,109,61,25,63,103,134,1.3125,1.3125,-3.5161290322580645,3.5161290322580645,1.90625,1.90625,-0.8064516129032258,0.8064516129032258,3.21875,3.21875,-4.32258064516129,4.32258064516129,-1.032258064516129,1.032258064516129,0,0,1,0,5.750240389671287,-3.57109576184666
2021-10-27 12:00:00,37064,37405,37135,37061,37000,37061,37144,37427,32203,43574,1,1,71,-3,144,366,9,22,64,0,74,73,22,0.1267605633802817,0.1267605633802817,-7.333333333333333,7.333333333333333,0.9014084507042254,0.9014084507042254,-0.0,0.0,1.028169014084507,1.028169014084507,-7.333333333333333,7.333333333333333,-23.666666666666668,23.666666666666668,0,0,1,0,5.039440716873032,-3.6292527831167463
2021-10-29 09:00:00,36686,36745,36710,36683,36611,36655,36733,36758,8192,3793,1,1,24,-3,122,103,23,13,75,28,27,98,41,0.9583333333333334,0.9583333333333334,-4.333333333333333,4.333333333333333,3.125,3.125,-9.333333333333334,9.333333333333334,4.083333333333333,4.083333333333333,-13.666666666666666,13.666666666666666,-8.0,8.0,0,0,1,0,4.651422656128382,-4.109272443973567
2021-11-01 21:00:00,37382,37417,37394,37373,37340,37340,37409,37419,5730,8951,1,1,12,-9,69,79,15,2,42,33,21,57,35,1.25,1.25,-0.2222222222222222,0.2222222222222222,3.5,3.5,-3.6666666666666665,3.6666666666666665,4.75,4.75,-3.888888888888889,3.888888888888889,-1.3333333333333333,1.3333333333333333,0,0,1,0,4.173981148351433,-5.002824912074112
2021-11-03 12:00:00,36906,37034,36948,36902,36823,36887,37019,37170,37079,40619,1,1,42,-4,196,283,71,136,83,15,46,154,151,1.6904761904761905,1.6904761904761905,-34.0,34.0,1.9761904761904763,1.9761904761904763,-3.75,3.75,3.6666666666666665,3.6666666666666665,-37.75,37.75,-10.5,10.5,0,0,1,0,6.769327633978944,-1.4962929312767632
2021-11-03 15:00:00,36871,36902,36891,36870,36817,36785,36970,36902,16949,13511,1,1,20,-1,153,117,79,0,54,85,21,133,85,3.95,3.95,-0.0,0.0,2.7,2.7,-85.0,85.0,6.65,6.65,-85.0,85.0,-20.0,20.0,0,0,1,0,6.5554195626835075,-1.4139149680950012
2021-11-08 13:00:00,36281,36300,36286,36280,36055,36212,36330,36394,32236,19106,1,1,5,-1,275,182,44,94,226,68,6,270,162,8.8,8.8,-94.0,94.0,45.2,45.2,-68.0,68.0,54.0,54.0,-162.0,162.0,-5.0,5.0,0,0,1,1,9.819494269000392,4.361973942775499
2021-11-09 20:00:00,35913,36010,35936,35909,35845,35889,35996,36032,10880,13148,1,1,23,-4,151,143,60,22,68,20,27,128,42,2.608695652173913,2.608695652173913,-5.5,5.5,2.9565217391304346,2.9565217391304346,-5.0,5.0,5.565217391304348,5.565217391304348,-10.5,10.5,-5.75,5.75,0,0,1,0,4.7705232986347985,-3.60788410824664
2021-11-10 08:00:00,35897,36000,35923,35895,35786,35700,35930,36000,4886,11443,1,1,26,-2,144,300,7,0,111,195,28,118,195,0.2692307692307692,0.2692307692307692,-0.0,0.0,4.269230769230769,4.269230769230769,-97.5,97.5,4.538461538461538,4.538461538461538,-97.5,97.5,-13.0,13.0,0,0,1,4,7.3137058935369685,-0.2788546216390693
2021-11-10 11:00:00,35740,35939,35930,35736,35686,35620,36010,36160,42304,57725,1,1,190,-4,324,540,80,221,54,116,194,134,337,0.42105263157894735,0.42105263157894735,-55.25,55.25,0.28421052631578947,0.28421052631578947,-29.0,29.0,0.7052631578947368,0.7052631578947368,-84.25,84.25,-47.5,47.5,0,0,1,4,9.835471775739723,2.5134171043572255
2021-11-15 17:00:00,34778,34986,34870,34776,34706,34761,34888,35030,23438,35406,1,1,92,-2,182,269,18,44,72,15,94,90,59,0.1956521739130435,0.1956521739130435,-22.0,22.0,0.782608695652174,0.782608695652174,-7.5,7.5,0.9782608695652174,0.9782608695652174,-29.5,29.5,-46.0,46.0,0,0,1,0,5.351472969696748,-2.2267407664367975
2021-11-15 20:00:00,34546,34715,34607,34542,34517,34500,34615,34769,5588,15054,1,1,61,-4,98,269,8,54,29,42,65,37,96,0.13114754098360656,0.13114754098360656,-13.5,13.5,0.47540983606557374,0.47540983606557374,-10.5,10.5,0.6065573770491803,0.6065573770491803,-24.0,24.0,-15.25,15.25,0,0,1,0,4.641831719163212,-3.2114970944787737
2021-11-17 15:00:00,34160,34322,34195,34154,34107,33996,34222,34323,18807,45543,1,1,35,-6,115,327,27,1,53,158,41,80,159,0.7714285714285715,0.7714285714285715,-0.16666666666666666,0.16666666666666666,1.5142857142857142,1.5142857142857142,-26.333333333333332,26.333333333333332,2.2857142857142856,2.2857142857142856,-26.5,26.5,-5.833333333333333,5.833333333333333,0,0,1,0,5.206352251353624,-2.060458494592856
2021-11-18 10:00:00,34094,34196,34172,34080,33949,34060,34295,34207,50131,5138,1,1,78,-14,346,147,123,11,145,20,92,268,31,1.5769230769230769,1.5769230769230769,-0.7857142857142857,0.7857142857142857,1.858974358974359,1.858974358974359,-1.4285714285714286,1.4285714285714286,3.4358974358974357,3.4358974358974357,-2.2142857142857144,2.2142857142857144,-5.571428571428571,5.571428571428571,0,0,1,0,5.732541461600424,-1.9994400294549979
2021-11-18 17:00:00,34131,34292,34193,34126,34115,34113,34243,34352,18723,24561,1,1,62,-5,128,239,50,60,16,13,67,66,73,0.8064516129032258,0.8064516129032258,-12.0,12.0,0.25806451612903225,0.25806451612903225,-2.6,2.6,1.064516129032258,1.064516129032258,-14.6,14.6,-12.4,12.4,0,0,1,0,4.460191900116563,-3.16401816832058
2021-11-18 18:00:00,34192,34131,33646,34193,33560,34115,34199,34243,86691,18723,1,1,-546,1,639,128,7,50,86,16,-547,93,66,-0.01282051282051282,0.01282051282051282,50.0,50.0,-0.1575091575091575,0.1575091575091575,16.0,16.0,-0.17032967032967034,0.17032967032967034,66.0,66.0,-546.0,546.0,0,0,1,4,6.0642800964921335,0.6072012263732746
2021-11-18 19:00:00,33699,34192,33839,33646,33568,33560,33888,34199,21441,86691,1,1,140,-53,320,639,49,7,131,86,193,180,93,0.35,0.35,-0.1320754716981132,0.1320754716981132,0.9357142857142857,0.9357142857142857,-1.6226415094339623,1.6226415094339623,1.2857142857142858,1.2857142857142858,-1.7547169811320755,1.7547169811320755,-2.641509433962264,2.641509433962264,0,0,1,0,6.724690254237117,-1.3047340930111662
2021-11-22 07:00:00,32984,33003,32999,32966,32904,32912,33120,33017,8106,5325,1,1,15,-18,216,105,121,14,80,54,33,201,68,8.066666666666666,8.066666666666666,-0.7777777777777778,0.7777777777777778,5.333333333333333,5.333333333333333,-3.0,3.0,13.4,13.4,-3.7777777777777777,3.7777777777777777,-0.8333333333333334,0.8333333333333334,0,0,1,0,4.860720896539738,-2.3802335936270413
2021-11-22 13:00:00,31630,32048,31679,31623,31084,31579,31766,32148,117465,109089,1,1,49,-7,682,569,87,100,546,44,56,633,144,1.7755102040816326,1.7755102040816326,-14.285714285714286,14.285714285714286,11.142857142857142,11.142857142857142,-6.285714285714286,6.285714285714286,12.918367346938776,12.918367346938776,-20.571428571428573,20.571428571428573,-7.0,7.0,0,0,1,4,9.695264411816492,4.715959078902031
2021-11-24 14:00:00,32150,32359,32349,32133,31962,32035,32360,32390,45316,49978,1,1,199,-17,398,355,11,31,188,98,216,199,129,0.05527638190954774,0.05527638190954774,-1.8235294117647058,1.8235294117647058,0.9447236180904522,0.9447236180904522,-5.764705882352941,5.764705882352941,1.0,1.0,-7.588235294117647,7.588235294117647,-11.705882352941176,11.705882352941176,0,0,1,0,6.381343490618284,-0.369748965340537
2021-11-25 10:00:00,32389,32585,32400,32383,32185,32282,32447,32597,55266,6956,1,1,11,-6,262,315,47,12,204,101,17,251,113,4.2727272727272725,4.2727272727272725,-2.0,2.0,18.545454545454547,18.545454545454547,-16.833333333333332,16.833333333333332,22.818181818181817,22.818181818181817,-18.833333333333332,18.833333333333332,-1.8333333333333333,1.8333333333333333,0,0,1,0,5.875207269583093,-0.05529777741381717
2021-11-26 15:00:00,30876,30955,30925,30875,30778,30861,31028,31110,27882,22590,1,1,49,-1,250,249,103,155,98,14,50,201,169,2.1020408163265305,2.1020408163265305,-155.0,155.0,2.0,2.0,-14.0,14.0,4.1020408163265305,4.1020408163265305,-169.0,169.0,-49.0,49.0,0,0,1,4,8.176349792071695,3.4124358436710396
2021-11-29 12:00:00,31328,31469,31415,31326,31318,31231,31465,31522,20566,55951,1,1,87,-2,147,291,50,53,10,95,89,60,148,0.5747126436781609,0.5747126436781609,-26.5,26.5,0.11494252873563218,0.11494252873563218,-47.5,47.5,0.6896551724137931,0.6896551724137931,-74.0,74.0,-43.5,43.5,0,0,1,0,5.5335050143531115,-0.062348766016016854
2021-11-29 19:00:00,31821,32026,31849,31797,31618,31770,31855,32058,20138,28779,1,1,28,-24,237,288,6,32,203,27,52,209,59,0.21428571428571427,0.21428571428571427,-1.3333333333333333,1.3333333333333333,7.25,7.25,-1.125,1.125,7.464285714285714,7.464285714285714,-2.4583333333333335,2.4583333333333335,-1.1666666666666667,1.1666666666666667,0,0,1,0,4.823372928496961,-2.0067139052922465
2021-11-30 18:00:00,31654,31869,31804,31650,31515,31563,31868,31890,31920,33927,1,1,150,-4,353,327,64,21,139,87,154,203,108,0.4266666666666667,0.4266666666666667,-5.25,5.25,0.9266666666666666,0.9266666666666666,-21.75,21.75,1.3533333333333333,1.3533333333333333,-27.0,27.0,-37.5,37.5,0,0,1,0,6.241308039731629,-0.060123595221515766
2021-12-02 07:00:00,32597,32634,32600,32545,32553,32462,32851,32639,15021,9221,1,1,3,-52,298,177,251,5,44,83,55,295,88,83.66666666666667,83.66666666666667,-0.09615384615384616,0.09615384615384616,14.666666666666666,14.666666666666666,-1.5961538461538463,1.5961538461538463,98.33333333333333,98.33333333333333,-1.6923076923076923,1.6923076923076923,-0.057692307692307696,0.057692307692307696,0,0,1,1,7.085868257122528,2.2510396518815794
2021-12-02 11:00:00,32429,32610,32560,32423,32265,32378,32716,32865,59776,64982,1,1,131,-6,451,487,156,255,164,45,137,320,300,1.1908396946564885,1.1908396946564885,-42.5,42.5,1.251908396946565,1.251908396946565,-7.5,7.5,2.4427480916030535,2.4427480916030535,-50.0,50.0,-21.833333333333332,21.833333333333332,0,0,1,4,9.291667131017258,3.1899938741557774
2021-12-03 08:00:00,32731,32758,32757,32725,32664,32624,32793,32762,3722,4957,1,1,26,-6,129,138,36,4,67,101,32,103,105,1.3846153846153846,1.3846153846153846,-0.6666666666666666,0.6666666666666666,2.576923076923077,2.576923076923077,-16.833333333333332,16.833333333333332,3.9615384615384617,3.9615384615384617,-17.5,17.5,-4.333333333333333,4.333333333333333,0,0,1,0,4.255696782740987,-2.8392507327395533
2021-12-03 22:00:00,32030,32087,32083,32028,32029,32022,32094,32136,2912,4292,1,1,53,-2,65,114,11,49,1,6,55,12,55,0.20754716981132076,0.20754716981132076,-24.5,24.5,0.018867924528301886,0.018867924528301886,-3.0,3.0,0.22641509433962265,0.22641509433962265,-27.5,27.5,-26.5,26.5,0,0,1,0,3.3492957216611856,-3.4493806465019277
2021-12-06 19:00:00,30572,30679,30670,30571,30500,30570,30734,30737,23267,25997,1,1,98,-1,234,167,64,58,72,1,99,136,59,0.6530612244897959,0.6530612244897959,-58.0,58.0,0.7346938775510204,0.7346938775510204,-1.0,1.0,1.3877551020408163,1.3877551020408163,-59.0,59.0,-98.0,98.0,0,0,1,0,5.432411182449537,-0.06551172509462742
2021-12-08 19:00:00,29279,29727,29646,29253,29272,29219,29650,29760,49327,107750,1,1,367,-26,378,541,4,33,7,34,393,11,67,0.010899182561307902,0.010899182561307902,-1.2692307692307692,1.2692307692307692,0.01907356948228883,0.01907356948228883,-1.3076923076923077,1.3076923076923077,0.02997275204359673,0.02997275204359673,-2.576923076923077,2.576923076923077,-14.115384615384615,14.115384615384615,0,0,1,0,4.9803984410045015,-0.533513483991376
2021-12-09 16:00:00,30196,30389,30335,30190,30171,30093,30458,30511,54009,84971,1,1,139,-6,287,418,123,122,25,97,145,148,219,0.8848920863309353,0.8848920863309353,-20.333333333333332,20.333333333333332,0.17985611510791366,0.17985611510791366,-16.166666666666668,16.166666666666668,1.064748201438849,1.064748201438849,-36.5,36.5,-23.166666666666668,23.166666666666668,0,0,1,4,6.332725304609388,1.2006579398292023
2021-12-09 20:00:00,30253,30318,30295,30251,30201,30146,30311,30351,7445,21129,1,1,42,-2,110,205,16,33,52,105,44,68,138,0.38095238095238093,0.38095238095238093,-16.5,16.5,1.2380952380952381,1.2380952380952381,-52.5,52.5,1.619047619047619,1.619047619047619,-69.0,69.0,-21.0,21.0,0,0,1,0,4.6272553516180475,-0.84991790285119
2021-12-10 18:00:00,30152,30475,30203,30144,30100,30140,30300,30493,5351,5333,1,1,51,-8,200,353,97,18,52,4,59,149,22,1.9019607843137254,1.9019607843137254,-2.25,2.25,1.0196078431372548,1.0196078431372548,-0.5,0.5,2.9215686274509802,2.9215686274509802,-2.75,2.75,-6.375,6.375,0,0,1,0,3.835274483958107,-2.5074991268639644
2021-12-13 19:00:00,28857,29204,28899,28851,28735,28720,28919,29204,5303,12961,1,1,42,-6,184,484,20,0,122,131,48,142,131,0.47619047619047616,0.47619047619047616,-0.0,0.0,2.9047619047619047,2.9047619047619047,-21.833333333333332,21.833333333333332,3.380952380952381,3.380952380952381,-21.833333333333332,21.833333333333332,-7.0,7.0,0,0,1,0,4.514534249483044,-0.9123417638624006
2021-12-15 11:00:00,28894,29238,29115,28889,28869,28743,29384,29360,36095,35401,1,1,221,-5,515,617,269,122,25,146,226,294,268,1.2171945701357465,1.2171945701357465,-24.4,24.4,0.11312217194570136,0.11312217194570136,-29.2,29.2,1.330316742081448,1.330316742081448,-53.6,53.6,-44.2,44.2,0,0,1,4,8.99485562913825,3.9960059827074517
2021-12-15 16:00:00,28821,29030,28835,28814,28711,28606,28975,29068,16916,23227,1,1,14,-7,264,462,140,38,110,208,21,250,246,10.0,10.0,-5.428571428571429,5.428571428571429,7.857142857142857,7.857142857142857,-29.714285714285715,29.714285714285715,17.857142857142858,17.857142857142858,-35.142857142857146,35.142857142857146,-2.0,2.0,0,0,1,4,6.417980315260018,1.7681037814428064
2021-12-15 17:00:00,28828,28821,28678,28835,28546,28711,28963,28975,19904,16916,1,1,-150,7,417,264,135,140,132,110,-157,267,250,-0.9,0.9,20.0,20.0,-0.88,0.88,15.714285714285714,15.714285714285714,-1.78,1.78,35.714285714285715,35.714285714285715,-21.428571428571427,21.428571428571427,0,0,1,0,5.142274382806612,-0.0712348884208041
2021-12-15 18:00:00,28687,28828,28688,28678,28593,28546,28800,28963,12320,19904,1,1,1,-9,207,417,112,135,94,132,10,206,267,112.0,112.0,-15.0,15.0,94.0,94.0,-14.666666666666666,14.666666666666666,206.0,206.0,-29.666666666666668,29.666666666666668,-0.1111111111111111,0.1111111111111111,0,0,1,1,8.165196735646344,9.603905761202117
2021-12-16 23:00:00,30178,30336,30258,30177,30127,30077,30313,30351,12203,17172,1,1,80,-1,186,274,55,15,51,100,81,106,115,0.6875,0.6875,-15.0,15.0,0.6375,0.6375,-100.0,100.0,1.325,1.325,-115.0,115.0,-80.0,80.0,0,0,1,4,6.289399948600662,1.2952632632458048
2021-12-22 22:00:00,29941,30052,29967,29940,29907,29890,30028,30074,7796,11506,1,1,26,-1,121,184,61,22,34,50,27,95,72,2.3461538461538463,2.3461538461538463,-22.0,22.0,1.3076923076923077,1.3076923076923077,-50.0,50.0,3.6538461538461537,3.6538461538461537,-72.0,72.0,-26.0,26.0,0,0,1,0,4.36393595801744,-0.9786607506466775
2021-12-23 15:00:00,29809,29947,29842,29807,29686,29752,29924,30007,65023,52005,1,1,33,-2,238,255,82,60,123,55,35,205,115,2.484848484848485,2.484848484848485,-30.0,30.0,3.727272727272727,3.727272727272727,-27.5,27.5,6.212121212121212,6.212121212121212,-57.5,57.5,-16.5,16.5,0,0,1,0,5.389040342439706,0.7442429014899434
2021-12-23 20:00:00,29964,29989,29982,29958,29934,29919,30021,30016,5496,8396,1,1,18,-6,87,97,39,27,30,39,24,69,66,2.1666666666666665,2.1666666666666665,-4.5,4.5,1.6666666666666667,1.6666666666666667,-6.5,6.5,3.8333333333333335,3.8333333333333335,-11.0,11.0,-3.0,3.0,0,0,1,0,2.809390352815334,-3.1611821798901816
2021-12-24 20:00:00,29843,29878,29853,29842,29800,29839,29903,30023,4063,6148,1,1,10,-1,103,184,50,145,43,3,11,93,148,5.0,5.0,-145.0,145.0,4.3,4.3,-3.0,3.0,9.3,9.3,-148.0,148.0,-10.0,10.0,0,0,1,4,5.962362038396456,1.3174724127574275
2021-12-28 20:00:00,30074,30095,30088,30070,30006,29988,30094,30115,3966,8751,1,1,14,-4,88,127,6,20,68,82,18,74,102,0.42857142857142855,0.42857142857142855,-5.0,5.0,4.857142857142857,4.857142857142857,-20.5,20.5,5.285714285714286,5.285714285714286,-25.5,25.5,-3.5,3.5,0,0,1,0,3.3389225684484005,-2.4500860899878756
2021-12-29 13:00:00,29705,29882,29750,29703,29650,29692,29776,29923,19348,41478,1,1,45,-2,126,231,26,41,55,11,47,81,52,0.5777777777777777,0.5777777777777777,-20.5,20.5,1.2222222222222223,1.2222222222222223,-5.5,5.5,1.8,1.8,-26.0,26.0,-22.5,22.5,0,0,1,0,3.414171249825188,-2.022884878343929
2022-01-04 20:00:00,30964,30992,30978,30960,30939,30715,31025,31006,3280,13188,1,1,14,-4,86,291,47,14,25,245,18,72,259,3.357142857142857,3.357142857142857,-3.5,3.5,1.7857142857142858,1.7857142857142858,-61.25,61.25,5.142857142857143,5.142857142857143,-64.75,64.75,-3.5,3.5,0,0,1,0,5.471185392580938,-0.26045964775554775
2022-01-05 12:00:00,30702,30859,30714,30691,30664,30634,30763,30903,9772,25455,1,1,12,-11,99,269,49,44,38,57,23,87,101,4.083333333333333,4.083333333333333,-4.0,4.0,3.1666666666666665,3.1666666666666665,-5.181818181818182,5.181818181818182,7.25,7.25,-9.181818181818182,9.181818181818182,-1.0909090909090908,1.0909090909090908,0,0,1,0,3.6697328638298345,-2.4659356949366344
2022-01-05 15:00:00,30327,30603,30465,30323,30300,30320,30477,30610,17357,43646,1,1,138,-4,177,290,12,7,27,3,142,39,10,0.08695652173913043,0.08695652173913043,-1.75,1.75,0.1956521739130435,0.1956521739130435,-0.75,0.75,0.2826086956521739,0.2826086956521739,-2.5,2.5,-34.5,34.5,0,0,1,0,3.281278564983641,-2.7497190631412827
2022-01-07 16:00:00,30220,30247,30230,30216,30220,30130,30427,30285,15842,7972,1,1,10,-4,207,155,197,38,0,86,14,197,124,19.7,19.7,-9.5,9.5,0.0,0.0,-21.5,21.5,19.7,19.7,-31.0,31.0,-2.5,2.5,0,0,1,0,4.989397306628899,-0.34125503948220937
2022-01-10 16:00:00,29529,29743,29611,29521,29471,29433,29659,29758,17751,41390,1,1,82,-8,188,325,48,15,58,88,90,106,103,0.5853658536585366,0.5853658536585366,-1.875,1.875,0.7073170731707317,0.7073170731707317,-11.0,11.0,1.2926829268292683,1.2926829268292683,-12.875,12.875,-10.25,10.25,0,0,1,0,4.052376421460709,-1.56801275256378
2022-01-11 13:00:00,29582,29644,29598,29580,29556,29580,29620,29684,10022,14458,1,1,16,-2,64,104,22,40,26,0,18,48,40,1.375,1.375,-20.0,20.0,1.625,1.625,-0.0,0.0,3.0,3.0,-20.0,20.0,-8.0,8.0,0,0,1,0,2.4822519914800036,-3.151559146646943
2022-01-12 13:00:00,29237,29340,29322,29236,28956,29150,29435,29424,74561,58634,1,1,85,-1,479,274,113,84,281,86,86,394,170,1.3294117647058823,1.3294117647058823,-84.0,84.0,3.3058823529411763,3.3058823529411763,-86.0,86.0,4.635294117647059,4.635294117647059,-170.0,170.0,-85.0,85.0,0,0,1,4,9.840196287055184,6.481609401775395
2022-01-13 19:00:00,27569,27951,27688,27526,27492,27434,27798,28050,49731,134558,1,1,119,-43,306,616,110,99,77,92,162,187,191,0.9243697478991597,0.9243697478991597,-2.302325581395349,2.302325581395349,0.6470588235294118,0.6470588235294118,-2.13953488372093,2.13953488372093,1.5714285714285714,1.5714285714285714,-4.441860465116279,4.441860465116279,-2.7674418604651163,2.7674418604651163,0,0,1,0,5.707230154897866,1.058477560339673
2022-01-14 17:00:00,25826,26450,26420,25821,25607,25321,26643,26450,178443,220191,1,1,594,-5,1036,1129,223,0,219,500,599,442,500,0.37542087542087543,0.37542087542087543,-0.0,0.0,0.3686868686868687,0.3686868686868687,-100.0,100.0,0.7441077441077442,0.7441077441077442,-100.0,100.0,-118.8,118.8,0,0,1,4,14.911859390044683,14.006714009825943
2022-01-17 08:00:00,26245,26500,26456,26237,26240,25850,26490,26800,26406,91723,1,1,211,-8,250,950,34,300,5,387,219,39,687,0.16113744075829384,0.16113744075829384,-37.5,37.5,0.023696682464454975,0.023696682464454975,-48.375,48.375,0.1848341232227488,0.1848341232227488,-85.875,85.875,-26.375,26.375,0,0,1,4,9.603007257819083,6.489929410976426
2022-01-18 10:00:00,25788,25833,25816,25779,25342,25650,26065,25873,137571,23320,1,1,28,-9,723,223,249,40,446,129,37,695,169,8.892857142857142,8.892857142857142,-4.444444444444445,4.444444444444445,15.928571428571429,15.928571428571429,-14.333333333333334,14.333333333333334,24.821428571428573,24.821428571428573,-18.77777777777778,18.77777777777778,-3.111111111111111,3.111111111111111,0,0,1,4,8.461496697590217,5.997229840556035
2022-01-21 08:00:00,25563,25801,25668,25562,25432,25233,25863,25801,53592,94316,1,1,105,-1,431,568,195,0,131,329,106,326,329,1.8571428571428572,1.8571428571428572,-0.0,0.0,1.2476190476190476,1.2476190476190476,-329.0,329.0,3.104761904761905,3.104761904761905,-329.0,329.0,-105.0,105.0,0,0,1,4,12.718811886950538,12.364823330809545
2022-01-21 19:00:00,25090,25230,25147,25085,24985,24952,25323,25283,33970,70288,1,1,57,-5,338,331,176,53,105,133,62,281,186,3.087719298245614,3.087719298245614,-10.6,10.6,1.8421052631578947,1.8421052631578947,-26.6,26.6,4.9298245614035086,4.9298245614035086,-37.2,37.2,-11.4,11.4,0,0,1,4,5.33462121621259,2.2653052665852305
2022-01-27 19:00:00,25480,25665,25640,25478,25480,25366,25808,25828,43114,65264,1,1,160,-2,328,462,168,163,0,112,162,168,275,1.05,1.05,-81.5,81.5,0.0,0.0,-56.0,56.0,1.05,1.05,-137.5,137.5,-80.0,80.0,0,0,1,4,7.954508633411288,5.563320964164332
2022-01-28 23:00:00,25990,26092,26041,25987,25970,25958,26090,26110,9924,14117,1,1,51,-3,120,152,49,18,20,29,54,69,47,0.9607843137254902,0.9607843137254902,-6.0,6.0,0.39215686274509803,0.39215686274509803,-9.666666666666666,9.666666666666666,1.3529411764705883,1.3529411764705883,-15.666666666666666,15.666666666666666,-17.0,17.0,0,0,1,0,2.09406023679073,-2.1335851296953092
2022-02-01 16:00:00,26539,26895,26703,26538,26538,26538,26770,26903,31705,46476,1,1,164,-1,232,365,67,8,1,0,165,68,8,0.40853658536585363,0.40853658536585363,-8.0,8.0,0.006097560975609756,0.006097560975609756,-0.0,0.0,0.4146341463414634,0.4146341463414634,-8.0,8.0,-164.0,164.0,0,0,1,0,3.806385572407845,-0.12066822414849858
2022-02-01 21:00:00,26479,26565,26485,26478,26433,26311,26566,26573,9317,32336,1,1,6,-1,133,262,81,8,46,167,7,127,175,13.5,13.5,-8.0,8.0,7.666666666666667,7.666666666666667,-167.0,167.0,21.166666666666668,21.166666666666668,-175.0,175.0,-6.0,6.0,0,0,1,4,6.183039510828563,3.8825003143808376
2022-02-03 11:00:00,25552,25800,25590,25551,25440,25420,25800,25812,68804,97805,1,1,38,-1,360,392,210,12,112,131,39,322,143,5.526315789473684,5.526315789473684,-12.0,12.0,2.9473684210526314,2.9473684210526314,-131.0,131.0,8.473684210526315,8.473684210526315,-143.0,143.0,-38.0,38.0,0,0,1,4,7.368196553141013,5.632088697421994
2022-02-04 17:00:00,25645,25916,25706,25638,25522,25575,25800,25943,53554,60006,1,1,61,-7,278,368,94,27,123,63,68,217,90,1.540983606557377,1.540983606557377,-3.857142857142857,3.857142857142857,2.0163934426229506,2.0163934426229506,-9.0,9.0,3.557377049180328,3.557377049180328,-12.857142857142858,12.857142857142858,-8.714285714285714,8.714285714285714,0,0,1,0,3.8899009212082953,0.37498162043960553
2022-02-07 13:00:00,25722,25943,25838,25717,25607,25589,25872,25973,37749,63246,1,1,116,-5,265,384,34,30,115,128,121,149,158,0.29310344827586204,0.29310344827586204,-6.0,6.0,0.9913793103448276,0.9913793103448276,-25.6,25.6,1.2844827586206897,1.2844827586206897,-31.6,31.6,-23.2,23.2,0,0,1,0,4.44147984892217,0.9633381329579648
2022-02-07 17:00:00,25884,25969,25935,25880,25845,25863,25977,26010,26702,22742,1,1,51,-4,132,147,42,41,39,17,55,81,58,0.8235294117647058,0.8235294117647058,-10.25,10.25,0.7647058823529411,0.7647058823529411,-4.25,4.25,1.588235294117647,1.588235294117647,-14.5,14.5,-12.75,12.75,0,0,1,0,2.1804524176840756,-1.8362014008910914
2022-02-07 20:00:00,25921,25955,25925,25920,25896,25892,25945,25999,4762,8740,1,1,4,-1,49,107,20,44,25,28,5,45,72,5.0,5.0,-44.0,44.0,6.25,6.25,-28.0,28.0,11.25,11.25,-72.0,72.0,-4.0,4.0,0,0,1,0,2.5937652200839043,-0.8522145349683171
2022-02-10 09:00:00,27774,27909,27882,27773,27720,27671,28000,27949,41004,32151,1,1,108,-1,280,278,118,40,54,102,109,172,142,1.0925925925925926,1.0925925925925926,-40.0,40.0,0.5,0.5,-102.0,102.0,1.5925925925925926,1.5925925925925926,-142.0,142.0,-108.0,108.0,0,0,1,4,7.255926742469868,3.8574917260994366
2022-02-11 10:00:00,27346,27647,27404,27339,27273,27336,27576,27654,89176,47425,1,1,58,-7,303,318,172,7,73,3,65,245,10,2.9655172413793105,2.9655172413793105,-1.0,1.0,1.2586206896551724,1.2586206896551724,-0.42857142857142855,0.42857142857142855,4.224137931034483,4.224137931034483,-1.4285714285714286,1.4285714285714286,-8.285714285714286,8.285714285714286,0,0,1,0,3.7886257304188127,-0.36540974280818195
2022-02-14 08:00:00,25508,26270,25802,25498,25351,24800,25875,26270,67463,175249,1,1,294,-10,524,1470,73,0,157,698,304,230,698,0.24829931972789115,0.24829931972789115,-0.0,0.0,0.5340136054421769,0.5340136054421769,-69.8,69.8,0.782312925170068,0.782312925170068,-69.8,69.8,-29.4,29.4,0,0,1,4,11.9793985024183,9.919604002605395
2022-02-18 14:00:00,26040,26184,26092,26036,25964,26002,26146,26196,29795,28209,1,1,52,-4,182,194,54,12,76,34,56,130,46,1.0384615384615385,1.0384615384615385,-3.0,3.0,1.4615384615384615,1.4615384615384615,-8.5,8.5,2.5,2.5,-11.5,11.5,-13.0,13.0,0,0,1,0,2.5924737046531456,-1.440222507204454
2022-02-23 13:00:00,19990,20292,20038,19979,19900,19920,20170,20340,46357,39428,1,1,48,-11,270,420,132,48,90,59,59,222,107,2.75,2.75,-4.363636363636363,4.363636363636363,1.875,1.875,-5.363636363636363,5.363636363636363,4.625,4.625,-9.727272727272727,9.727272727272727,-4.363636363636363,4.363636363636363,0,0,1,0,2.6790963659078915,1.291907265659301
2022-02-23 14:00:00,20029,19990,19015,20038,19008,19900,20050,20170,100900,46357,1,1,-1014,9,1042,270,21,132,7,90,-1023,28,222,-0.020710059171597635,0.020710059171597635,14.666666666666666,14.666666666666666,-0.006903353057199211,0.006903353057199211,10.0,10.0,-0.027613412228796843,0.027613412228796843,24.666666666666668,24.666666666666668,-112.66666666666667,112.66666666666667,0,0,1,3,-0.721263340568689,-0.45388842178166955
2022-02-23 15:00:00,19023,20029,19406,19015,19007,19008,19589,20050,92978,100900,1,1,383,-8,582,1042,183,21,16,7,391,199,28,0.47780678851174935,0.47780678851174935,-2.625,2.625,0.04177545691906005,0.04177545691906005,-0.875,0.875,0.5195822454308094,0.5195822454308094,-3.5,3.5,-47.875,47.875,0,0,1,4,4.875118470436421,4.195532621557381
2022-02-23 19:00:00,18419,19075,18850,18402,17558,18323,18961,19128,148711,135257,1,1,431,-17,1403,805,111,53,861,79,448,972,132,0.25754060324825984,0.25754060324825984,-3.1176470588235294,3.1176470588235294,1.9976798143851509,1.9976798143851509,-4.647058823529412,4.647058823529412,2.2552204176334105,2.2552204176334105,-7.764705882352941,7.764705882352941,-25.352941176470587,25.352941176470587,0,0,1,4,11.758252400431918,11.75166792849896
2022-02-24 15:00:00,10512,10887,10834,10500,10132,10055,10878,11165,68837,132603,1,1,322,-12,746,1110,44,278,380,445,334,424,723,0.13664596273291926,0.13664596273291926,-23.166666666666668,23.166666666666668,1.1801242236024845,1.1801242236024845,-37.083333333333336,37.083333333333336,1.3167701863354038,1.3167701863354038,-60.25,60.25,-26.833333333333332,26.833333333333332,0,0,1,4,9.678374925535909,13.42090616987891
2022-02-24 16:00:00,10853,10512,10341,10834,10012,10132,11499,10878,82311,68837,1,1,-512,-19,1487,746,646,44,329,380,-493,975,424,-1.26171875,1.26171875,-2.3157894736842106,2.3157894736842106,-0.642578125,0.642578125,-20.0,20.0,-1.904296875,1.904296875,-22.31578947368421,22.31578947368421,26.94736842105263,26.94736842105263,0,0,1,4,8.543387881925831,11.599522553760806
2022-02-24 17:00:00,10369,10853,10832,10341,10110,10012,11070,11499,100892,82311,1,1,463,-28,960,1487,238,646,259,329,491,497,975,0.5140388768898488,0.5140388768898488,-23.071428571428573,23.071428571428573,0.5593952483801296,0.5593952483801296,-11.75,11.75,1.0734341252699784,1.0734341252699784,-34.82142857142857,34.82142857142857,-16.535714285714285,16.535714285714285,0,0,1,4,13.474188799863928,16.45551816557371
2022-03-29 13:00:00,13555,14343,13803,13554,13427,13416,13910,14346,23481,41053,1,1,248,-1,483,930,107,3,128,138,249,235,141,0.4314516129032258,0.4314516129032258,-3.0,3.0,0.5161290322580645,0.5161290322580645,-138.0,138.0,0.9475806451612904,0.9475806451612904,-141.0,141.0,-248.0,248.0,0,0,1,4,7.073837334771391,9.691058052391819
2022-03-31 16:00:00,14820,15246,14976,14817,14708,14810,15020,15260,24749,36648,1,1,156,-3,312,450,44,14,112,7,159,156,21,0.28205128205128205,0.28205128205128205,-4.666666666666667,4.666666666666667,0.717948717948718,0.717948717948718,-2.3333333333333335,2.3333333333333335,1.0,1.0,-7.0,7.0,-52.0,52.0,0,0,1,0,1.0680747869649818,1.6549257835216589
2022-04-01 16:00:00,15843,15941,15939,15842,15782,15775,15985,15942,19702,18277,1,1,96,-1,203,167,46,1,61,67,97,107,68,0.4791666666666667,0.4791666666666667,-1.0,1.0,0.6354166666666666,0.6354166666666666,-67.0,67.0,1.1145833333333333,1.1145833333333333,-68.0,68.0,-96.0,96.0,0,0,1,4,1.6501681265777075,2.441321617654494
2022-04-07 15:00:00,15137,15219,15168,15129,15124,15122,15286,15369,23360,36501,1,1,31,-8,162,247,118,150,13,7,39,131,157,3.806451612903226,3.806451612903226,-18.75,18.75,0.41935483870967744,0.41935483870967744,-0.875,0.875,4.225806451612903,4.225806451612903,-19.625,19.625,-3.875,3.875,0,0,1,0,0.827171589333272,1.4449486070137683
2022-04-08 12:00:00,15120,15251,15190,15119,15040,15035,15240,15388,46055,60335,1,1,70,-1,200,353,50,137,80,84,71,130,221,0.7142857142857143,0.7142857142857143,-137.0,137.0,1.1428571428571428,1.1428571428571428,-84.0,84.0,1.8571428571428572,1.8571428571428572,-221.0,221.0,-70.0,70.0,0,0,1,4,5.128309651766761,7.891930605451813
2022-04-11 13:00:00,14809,14957,14833,14806,14765,14805,14884,14985,22421,28679,1,1,24,-3,119,180,51,28,44,1,27,95,29,2.125,2.125,-9.333333333333334,9.333333333333334,1.8333333333333333,1.8333333333333333,-0.3333333333333333,0.3333333333333333,3.9583333333333335,3.9583333333333335,-9.666666666666666,9.666666666666666,-8.0,8.0,0,0,1,2,-0.8536677292588049,-0.13903926986272114
2022-04-11 14:00:00,14829,14809,14656,14833,14641,14765,14829,14884,21094,22421,1,1,-173,4,188,119,0,51,15,44,-177,15,95,-0.0,0.0,12.75,12.75,-0.08670520231213873,0.08670520231213873,11.0,11.0,-0.08670520231213873,0.08670520231213873,23.75,23.75,-43.25,43.25,0,0,1,2,-1.7884904851706844,-0.9324632482420859
2022-04-11 15:00:00,14660,14829,14675,14656,14652,14641,14849,14829,28647,21094,1,1,15,-4,197,188,174,0,8,15,19,182,15,11.6,11.6,-0.0,0.0,0.5333333333333333,0.5333333333333333,-3.75,3.75,12.133333333333333,12.133333333333333,-3.75,3.75,-3.75,3.75,0,0,1,2,-0.2160495300924662,0.7127488525201271
2022-04-13 12:00:00,13821,14003,13842,13820,13710,13780,13931,14016,55675,55124,1,1,21,-1,221,236,89,13,111,40,22,200,53,4.238095238095238,4.238095238095238,-13.0,13.0,5.285714285714286,5.285714285714286,-40.0,40.0,9.523809523809524,9.523809523809524,-53.0,53.0,-21.0,21.0,0,0,1,2,0.8279844033730382,2.988500031390722
2022-04-18 13:00:00,12980,13062,13005,12975,12919,12936,13073,13139,57828,80674,1,1,25,-5,154,203,68,77,61,39,30,129,116,2.72,2.72,-15.4,15.4,2.44,2.44,-7.8,7.8,5.16,5.16,-23.2,23.2,-5.0,5.0,0,0,1,2,-0.22003892621445628,2.0467338545252147
2022-04-18 16:00:00,12899,12920,12918,12893,12892,12876,13039,12989,38637,39536,1,1,19,-6,147,113,121,69,7,17,25,128,86,6.368421052631579,6.368421052631579,-11.5,11.5,0.3684210526315789,0.3684210526315789,-2.8333333333333335,2.8333333333333335,6.7368421052631575,6.7368421052631575,-14.333333333333334,14.333333333333334,-3.1666666666666665,3.1666666666666665,0,0,1,2,-0.6624517955417105,1.1518575362719357
2022-04-20 18:00:00,12366,12522,12374,12365,12320,12314,12485,12550,35087,84928,1,1,8,-1,165,236,111,28,46,51,9,157,79,13.875,13.875,-28.0,28.0,5.75,5.75,-51.0,51.0,19.625,19.625,-79.0,79.0,-8.0,8.0,0,0,1,2,0.6644528007071154,3.988718883310907
2022-04-21 10:00:00,12437,12366,12171,12374,12068,12320,12588,12485,210129,35087,1,1,-266,-63,520,165,151,111,103,46,-203,254,157,-0.5676691729323309,0.5676691729323309,-1.7619047619047619,1.7619047619047619,-0.38721804511278196,0.38721804511278196,-0.7301587301587301,0.7301587301587301,-0.9548872180451128,0.9548872180451128,-2.492063492063492,2.492063492063492,4.222222222222222,4.222222222222222,0,0,1,2,0.30353945661401815,2.6887863054905985
2022-04-21 11:00:00,12175,12437,12246,12171,12081,12068,12343,12588,95146,210129,1,1,71,-4,262,520,97,151,94,103,75,191,254,1.3661971830985915,1.3661971830985915,-37.75,37.75,1.323943661971831,1.323943661971831,-25.75,25.75,2.6901408450704225,2.6901408450704225,-63.5,63.5,-17.75,17.75,0,0,1,4,2.433166300392538,6.435384376316826
2022-04-25 14:00:00,11466,11593,11510,11465,11381,11440,11520,11625,46663,43952,1,1,44,-1,139,185,10,32,85,25,45,95,57,0.22727272727272727,0.22727272727272727,-32.0,32.0,1.9318181818181819,1.9318181818181819,-25.0,25.0,2.159090909090909,2.159090909090909,-57.0,57.0,-44.0,44.0,0,0,1,2,-0.48635439393812635,2.3985286877492955
2022-04-27 12:00:00,12784,13190,12875,12783,12770,12751,13094,13191,117672,141517,1,1,91,-1,324,440,219,1,14,32,92,233,33,2.4065934065934065,2.4065934065934065,-1.0,1.0,0.15384615384615385,0.15384615384615385,-32.0,32.0,2.5604395604395602,2.5604395604395602,-33.0,33.0,-91.0,91.0,0,0,1,4,1.526757364881547,4.8640121057149095
2022-05-04 12:00:00,12593,12911,12755,12592,12558,12561,12880,12980,91466,147317,1,1,162,-1,322,419,125,69,35,31,163,160,100,0.7716049382716049,0.7716049382716049,-69.0,69.0,0.21604938271604937,0.21604938271604937,-31.0,31.0,0.9876543209876543,0.9876543209876543,-100.0,100.0,-162.0,162.0,0,0,1,4,3.2056713631215263,7.075547075734991
2022-05-05 12:00:00,12522,12574,12561,12521,12460,12451,12593,12646,46164,80645,1,1,39,-1,133,195,32,72,62,70,40,94,142,0.8205128205128205,0.8205128205128205,-72.0,72.0,1.5897435897435896,1.5897435897435896,-70.0,70.0,2.41025641025641,2.41025641025641,-142.0,142.0,-39.0,39.0,0,0,1,4,1.6673125588807778,5.043117908401699
2022-05-12 13:00:00,12422,12466,12430,12418,12404,12391,12500,12476,22852,19454,1,1,8,-4,96,85,70,10,18,27,12,88,37,8.75,8.75,-2.5,2.5,2.25,2.25,-6.75,6.75,11.0,11.0,-9.25,9.25,-2.0,2.0,0,0,1,2,-1.6629936655087134,0.25185930334247436
2022-05-23 13:00:00,12191,12367,12233,12190,12150,12180,12249,12392,28243,46392,1,1,42,-1,99,212,16,25,41,10,43,57,35,0.38095238095238093,0.38095238095238093,-25.0,25.0,0.9761904761904762,0.9761904761904762,-10.0,10.0,1.3571428571428572,1.3571428571428572,-35.0,35.0,-42.0,42.0,0,0,1,2,-1.0966699898557841,1.1272308885200197
2022-05-24 11:00:00,11871,12050,11945,11867,11823,11863,11978,12110,56381,96531,1,1,74,-4,155,247,33,60,48,4,78,81,64,0.44594594594594594,0.44594594594594594,-15.0,15.0,0.6486486486486487,0.6486486486486487,-1.0,1.0,1.0945945945945945,1.0945945945945945,-16.0,16.0,-18.5,18.5,0,0,1,2,-0.9987045339209363,1.623518714584948
2022-05-25 13:00:00,12253,12341,12284,12252,12225,12207,12380,12344,48521,63648,1,1,31,-1,155,137,96,3,28,45,32,124,48,3.096774193548387,3.096774193548387,-3.0,3.0,0.9032258064516129,0.9032258064516129,-45.0,45.0,4.0,4.0,-48.0,48.0,-31.0,31.0,0,0,1,2,-0.4240498951888584,2.2348491435711275
2022-05-27 13:00:00,12180,12287,12258,12179,12179,12179,12292,12303,32723,35662,1,1,78,-1,113,124,34,16,1,0,79,35,16,0.4358974358974359,0.4358974358974359,-16.0,16.0,0.01282051282051282,0.01282051282051282,-0.0,0.0,0.44871794871794873,0.44871794871794873,-16.0,16.0,-78.0,78.0,0,0,1,2,-1.4007411837373869,0.68469027349708
2022-05-31 12:00:00,11910,11928,11911,11908,11883,11833,11937,11967,17856,57757,1,1,1,-2,54,134,26,39,27,75,3,53,114,26.0,26.0,-19.5,19.5,27.0,27.0,-37.5,37.5,53.0,53.0,-57.0,57.0,-0.5,0.5,0,0,1,1,-0.3543163549623818,3.8390055219489194
2022-06-01 18:00:00,12286,12338,12289,12281,12245,12229,12314,12348,19828,37134,1,1,3,-5,69,119,25,10,41,52,8,66,62,8.333333333333334,8.333333333333334,-2.0,2.0,13.666666666666666,13.666666666666666,-10.4,10.4,22.0,22.0,-12.4,12.4,-0.6,0.6,0,0,1,2,-1.558066381374819,0.9153654057491453
2022-06-03 14:00:00,11834,11890,11869,11833,11834,11792,11881,11920,17181,26295,1,1,35,-1,47,128,12,30,0,41,36,12,71,0.34285714285714286,0.34285714285714286,-30.0,30.0,0.0,0.0,-41.0,41.0,0.34285714285714286,0.34285714285714286,-71.0,71.0,-35.0,35.0,0,0,1,2,-0.9677108506408686,1.4790469531588701
2022-06-07 12:00:00,11785,11830,11828,11784,11782,11772,11840,11830,28478,39642,1,1,43,-1,58,58,12,0,3,12,44,15,12,0.27906976744186046,0.27906976744186046,-0.0,0.0,0.06976744186046512,0.06976744186046512,-12.0,12.0,0.3488372093023256,0.3488372093023256,-12.0,12.0,-43.0,43.0,0,0,1,2,-2.3439454943877855,-0.15803821424859077
2022-06-27 17:00:00,14428,14464,14437,14427,14352,14387,14480,14485,26998,14995,1,1,9,-1,128,98,43,21,76,40,10,119,61,4.777777777777778,4.777777777777778,-21.0,21.0,8.444444444444445,8.444444444444445,-40.0,40.0,13.222222222222221,13.222222222222221,-61.0,61.0,-9.0,9.0,0,0,1,2,0.1578762820960887,1.7824106462151428
2022-06-28 16:00:00,14307,14316,14311,14304,14284,14279,14349,14362,10955,16687,1,1,4,-3,65,83,38,46,23,25,7,61,71,9.5,9.5,-15.333333333333334,15.333333333333334,5.75,5.75,-8.333333333333334,8.333333333333334,15.25,15.25,-23.666666666666668,23.666666666666668,-1.3333333333333333,1.3333333333333333,0,0,1,2,-0.9512971246726188,0.33786245039344265
2022-07-01 15:00:00,13333,13368,13355,13329,13285,13302,13381,13425,10677,21432,1,1,22,-4,96,123,26,57,48,27,26,74,84,1.1818181818181819,1.1818181818181819,-14.25,14.25,2.1818181818181817,2.1818181818181817,-6.75,6.75,3.3636363636363638,3.3636363636363638,-21.0,21.0,-5.5,5.5,0,0,1,2,-0.9722259777091673,0.3221525086485429
2022-07-04 12:00:00,13223,13348,13243,13218,13171,13161,13284,13356,15718,37917,1,1,20,-5,113,195,41,8,52,57,25,93,65,2.05,2.05,-1.6,1.6,2.6,2.6,-11.4,11.4,4.65,4.65,-13.0,13.0,-4.0,4.0,0,0,1,2,-1.0037051956970395,0.4441886976923565
2022-07-08 16:00:00,13469,13501,13472,13468,13439,13435,13513,13545,6621,17058,1,1,3,-1,74,110,41,44,30,33,4,71,77,13.666666666666666,13.666666666666666,-44.0,44.0,10.0,10.0,-33.0,33.0,23.666666666666668,23.666666666666668,-77.0,77.0,-3.0,3.0,0,0,1,2,-0.03608751277389137,2.2971476635062342
2022-07-13 13:00:00,12841,12976,12898,12840,12834,12833,12910,12995,12985,16176,1,1,57,-1,76,162,12,19,7,7,58,19,26,0.21052631578947367,0.21052631578947367,-19.0,19.0,0.12280701754385964,0.12280701754385964,-7.0,7.0,0.3333333333333333,0.3333333333333333,-26.0,26.0,-57.0,57.0,0,0,1,2,-1.3333466333517323,0.22568731207460985
2022-07-18 13:00:00,12945,13019,12998,12943,12911,12907,13028,13049,12797,24965,1,1,53,-2,117,142,30,30,34,36,55,64,66,0.5660377358490566,0.5660377358490566,-15.0,15.0,0.6415094339622641,0.6415094339622641,-18.0,18.0,1.2075471698113207,1.2075471698113207,-33.0,33.0,-26.5,26.5,0,0,1,2,-0.7775603982014662,0.8020067210231475
2022-07-18 14:00:00,13004,12945,12975,12998,12948,12911,13039,13028,17641,12797,1,1,-29,-6,91,117,35,30,27,34,-23,62,64,-1.206896551724138,1.206896551724138,-5.0,5.0,-0.9310344827586207,0.9310344827586207,-5.666666666666667,5.666666666666667,-2.1379310344827585,2.1379310344827585,-10.666666666666666,10.666666666666666,4.833333333333333,4.833333333333333,0,0,1,2,-1.7328254890116086,-0.4802439292491796
2022-07-18 15:00:00,12977,13004,12985,12975,12963,12948,13048,13039,11339,17641,1,1,8,-2,85,91,63,35,14,27,10,77,62,7.875,7.875,-17.5,17.5,1.75,1.75,-13.5,13.5,9.625,9.625,-31.0,31.0,-4.0,4.0,0,0,1,2,-1.093754985837844,0.6446828469729641
2022-07-19 14:00:00,12759,12792,12780,12755,12725,12755,12795,12845,14517,16066,1,1,21,-4,70,90,15,53,34,0,25,49,53,0.7142857142857143,0.7142857142857143,-13.25,13.25,1.619047619047619,1.619047619047619,-0.0,0.0,2.3333333333333335,2.3333333333333335,-13.25,13.25,-5.25,5.25,0,0,1,2,-1.7389983382281868,-0.305981719377835
2022-07-26 14:00:00,13515,13549,13516,13510,13495,13482,13540,13555,6941,12892,1,1,1,-5,45,73,24,6,20,28,6,44,34,24.0,24.0,-1.2,1.2,20.0,20.0,-5.6,5.6,44.0,44.0,-6.8,6.8,-0.2,0.2,0,0,1,1,-1.5181871593880358,0.8340558575542557
2022-07-27 15:00:00,13378,13508,13394,13377,13323,13374,13431,13524,25164,22754,1,1,16,-1,108,150,37,16,55,3,17,92,19,2.3125,2.3125,-16.0,16.0,3.4375,3.4375,-3.0,3.0,5.75,5.75,-19.0,19.0,-16.0,16.0,0,0,1,2,-1.2135342266607339,0.2921176194023377
2022-08-01 14:00:00,13097,13132,13102,13092,13094,13086,13135,13142,9168,7820,1,1,5,-5,41,56,33,10,3,6,10,36,16,6.6,6.6,-2.0,2.0,0.6,0.6,-1.2,1.2,7.2,7.2,-3.2,3.2,-1.0,1.0,0,0,1,2,-2.285366349471638,-1.0262636882696259
2022-08-15 15:00:00,12430,12493,12446,12429,12417,12410,12460,12493,9307,14641,1,1,16,-1,43,83,14,0,13,19,17,27,19,0.875,0.875,-0.0,0.0,0.8125,0.8125,-19.0,19.0,1.6875,1.6875,-19.0,19.0,-16.0,16.0,0,0,1,2,-2.1677113095826024,-0.5308414702471488
2022-08-30 16:00:00,13089,13206,13130,13088,13017,13032,13130,13253,25632,39201,1,1,41,-1,113,221,0,47,72,56,42,72,103,0.0,0.0,-47.0,47.0,1.7560975609756098,1.7560975609756098,-56.0,56.0,1.7560975609756098,1.7560975609756098,-103.0,103.0,-41.0,41.0,0,0,1,2,0.8104302044161298,3.1703155412690096
2022-09-06 11:00:00,14024,14079,14037,14022,13855,13972,14085,14163,58066,38006,1,1,13,-2,230,191,48,84,169,50,15,217,134,3.6923076923076925,3.6923076923076925,-42.0,42.0,13.0,13.0,-25.0,25.0,16.692307692307693,16.692307692307693,-67.0,67.0,-6.5,6.5,0,0,1,4,1.6601715643447186,3.9818655577066955
2022-09-13 11:00:00,13804,13893,13809,13803,13755,13775,13830,13957,20851,57169,1,1,5,-1,75,182,21,64,49,28,6,70,92,4.2,4.2,-64.0,64.0,9.8,9.8,-28.0,28.0,14.0,14.0,-92.0,92.0,-5.0,5.0,0,0,1,2,0.36518919723769083,2.736717483040062
2022-09-14 13:00:00,13917,13940,13939,13916,13873,13908,13942,13985,14686,8287,1,1,22,-1,69,77,3,45,44,8,23,47,53,0.13636363636363635,0.13636363636363635,-45.0,45.0,2.0,2.0,-8.0,8.0,2.1363636363636362,2.1363636363636362,-53.0,53.0,-22.0,22.0,0,0,1,2,-0.7726308929562479,0.5205516515128388
2022-09-19 13:00:00,14011,14119,14052,14010,14005,13990,14121,14137,15041,18590,1,1,41,-1,116,147,69,18,6,20,42,75,38,1.6829268292682926,1.6829268292682926,-18.0,18.0,0.14634146341463414,0.14634146341463414,-20.0,20.0,1.829268292682927,1.829268292682927,-38.0,38.0,-41.0,41.0,0,0,1,2,-0.4570058206158818,0.7390934977659814
2022-09-19 21:00:00,14061,14065,14063,14060,14050,14054,14063,14069,727,877,1,1,2,-1,13,15,0,4,11,6,3,11,10,0.0,0.0,-4.0,4.0,5.5,5.5,-6.0,6.0,5.5,5.5,-10.0,10.0,-2.0,2.0,0,0,1,2,-2.3343023336698323,-1.5077593809845662
2022-09-20 11:00:00,13913,14076,13975,13912,13873,13888,13980,14119,19051,43328,1,1,62,-1,107,231,5,43,40,24,63,45,67,0.08064516129032258,0.08064516129032258,-43.0,43.0,0.6451612903225806,0.6451612903225806,-24.0,24.0,0.7258064516129032,0.7258064516129032,-67.0,67.0,-62.0,62.0,0,0,1,2,0.2487939478568022,1.9226611947840175
2022-09-21 14:00:00,12053,12314,12207,12051,12050,12000,12287,12317,29159,38818,1,1,154,-2,237,317,80,3,3,51,156,83,54,0.5194805194805194,0.5194805194805194,-1.5,1.5,0.01948051948051948,0.01948051948051948,-25.5,25.5,0.538961038961039,0.538961038961039,-27.0,27.0,-77.0,77.0,0,0,1,2,0.22698614066670889,2.3406220630749393
2022-09-22 13:00:00,12475,12570,12498,12474,12469,12468,12571,12587,14065,19370,1,1,23,-1,102,119,73,17,6,6,24,79,23,3.1739130434782608,3.1739130434782608,-17.0,17.0,0.2608695652173913,0.2608695652173913,-6.0,6.0,3.4347826086956523,3.4347826086956523,-23.0,23.0,-23.0,23.0,0,0,1,2,-1.4025584458465237,0.33657651614159445
2022-09-22 19:00:00,12648,12810,12658,12622,12605,12621,12728,12810,8708,17520,1,1,10,-26,123,189,70,0,43,1,36,113,1,7.0,7.0,-0.0,0.0,4.3,4.3,-0.038461538461538464,0.038461538461538464,11.3,11.3,-0.038461538461538464,0.038461538461538464,-0.38461538461538464,0.38461538461538464,0,0,1,2,-1.3539421835078171,-0.14377455422223784
2022-09-26 13:00:00,11140,11364,11145,11136,10700,11104,11287,11476,86519,64641,1,1,5,-4,587,372,142,112,440,32,9,582,144,28.4,28.4,-28.0,28.0,88.0,88.0,-8.0,8.0,116.4,116.4,-36.0,36.0,-1.25,1.25,0,0,1,1,5.121994362282958,11.917810329895719
2022-09-26 19:00:00,11191,11224,11213,11170,11149,11142,11266,11324,4594,12113,1,1,22,-21,117,182,53,100,42,28,43,95,128,2.409090909090909,2.409090909090909,-4.761904761904762,4.761904761904762,1.9090909090909092,1.9090909090909092,-1.3333333333333333,1.3333333333333333,4.318181818181818,4.318181818181818,-6.095238095238095,6.095238095238095,-1.0476190476190477,1.0476190476190477,0,0,1,2,-0.9702963197659794,0.7372917034897828
2022-09-28 19:00:00,11235,11283,11258,11232,11211,11201,11299,11300,5048,12208,1,1,23,-3,88,99,41,17,24,31,26,65,48,1.7826086956521738,1.7826086956521738,-5.666666666666667,5.666666666666667,1.0434782608695652,1.0434782608695652,-10.333333333333334,10.333333333333334,2.8260869565217392,2.8260869565217392,-16.0,16.0,-7.666666666666667,7.666666666666667,0,0,1,2,-1.9197182934451527,0.11673245314876461
2022-09-30 11:00:00,11051,11307,11104,11048,11032,10500,11339,11348,60644,115206,1,1,53,-3,307,848,235,41,19,548,56,254,589,4.433962264150943,4.433962264150943,-13.666666666666666,13.666666666666666,0.3584905660377358,0.3584905660377358,-182.66666666666666,182.66666666666666,4.7924528301886795,4.7924528301886795,-196.33333333333334,196.33333333333334,-17.666666666666668,17.666666666666668,0,0,1,4,7.575293297140639,12.553289008251966
2022-10-03 11:00:00,11131,11239,11146,11130,11102,11055,11216,11300,22265,41503,1,1,15,-1,114,245,70,61,29,75,16,99,136,4.666666666666667,4.666666666666667,-61.0,61.0,1.9333333333333333,1.9333333333333333,-75.0,75.0,6.6,6.6,-136.0,136.0,-15.0,15.0,0,0,1,4,1.1342959586102996,4.672541479129648
2022-10-03 19:00:00,11560,11595,11585,11553,11536,11526,11594,11615,4492,17605,1,1,25,-7,58,89,9,20,24,27,32,33,47,0.36,0.36,-2.857142857142857,2.857142857142857,0.96,0.96,-3.857142857142857,3.857142857142857,1.32,1.32,-6.714285714285714,6.714285714285714,-3.5714285714285716,3.5714285714285716,0,0,1,2,-2.3064922022992334,-0.5574526448863503
2022-10-04 17:00:00,11227,11289,11230,11224,11189,11171,11259,11305,10564,20739,1,1,3,-3,70,134,29,16,38,53,6,67,69,9.666666666666666,9.666666666666666,-5.333333333333333,5.333333333333333,12.666666666666666,12.666666666666666,-17.666666666666668,17.666666666666668,22.333333333333332,22.333333333333332,-23.0,23.0,-1.0,1.0,0,0,1,2,-1.5573934347435192,1.3014356419763327
2022-10-06 13:00:00,10979,11111,10983,10978,10912,10926,10994,11146,18915,35859,1,1,4,-1,82,220,11,35,67,52,5,78,87,2.75,2.75,-35.0,35.0,16.75,16.75,-52.0,52.0,19.5,19.5,-87.0,87.0,-4.0,4.0,0,0,1,2,-0.2677215323779551,3.3021817411020473
2022-10-06 18:00:00,10985,11032,11020,10984,10960,10975,11025,11118,8670,18176,1,1,35,-1,65,143,5,86,25,9,36,30,95,0.14285714285714285,0.14285714285714285,-86.0,86.0,0.7142857142857143,0.7142857142857143,-9.0,9.0,0.8571428571428571,0.8571428571428571,-95.0,95.0,-35.0,35.0,0,0,1,2,-0.41598601340410146,2.435599580222986
2022-10-07 10:00:00,10890,10982,10920,10886,10833,10864,10998,10982,38164,7703,1,1,30,-4,165,118,78,0,57,22,34,135,22,2.6,2.6,-0.0,0.0,1.9,1.9,-5.5,5.5,4.5,4.5,-5.5,5.5,-7.5,7.5,0,0,1,2,-1.6558844471074003,0.6865663519478965
2022-10-07 14:00:00,10822,10853,10835,10815,10813,10799,10866,10860,8706,17545,1,1,13,-7,53,61,31,7,9,16,20,40,23,2.3846153846153846,2.3846153846153846,-1.0,1.0,0.6923076923076923,0.6923076923076923,-2.2857142857142856,2.2857142857142856,3.076923076923077,3.076923076923077,-3.2857142857142856,3.2857142857142856,-1.8571428571428572,1.8571428571428572,0,0,1,2,-2.745344829807536,-0.6264723240738572
2022-10-07 20:00:00,10306,10543,10439,10304,10295,10272,10500,10571,17529,25350,1,1,133,-2,205,299,61,28,11,32,135,72,60,0.45864661654135336,0.45864661654135336,-14.0,14.0,0.08270676691729323,0.08270676691729323,-16.0,16.0,0.5413533834586466,0.5413533834586466,-30.0,30.0,-66.5,66.5,0,0,1,2,-0.4238994905435784,2.2557430993586363
2022-10-13 13:00:00,10779,10845,10804,10777,10764,10776,10830,10859,17400,20894,1,1,25,-2,66,83,26,14,15,1,27,41,15,1.04,1.04,-7.0,7.0,0.6,0.6,-0.5,0.5,1.64,1.64,-7.5,7.5,-12.5,12.5,0,0,1,2,-2.628119886294816,-0.3279943147055008
2022-10-13 23:00:00,10769,10787,10778,10768,10767,10764,10799,10787,1152,1452,1,1,9,-1,32,23,21,0,2,4,10,23,4,2.3333333333333335,2.3333333333333335,-0.0,0.0,0.2222222222222222,0.2222222222222222,-4.0,4.0,2.5555555555555554,2.5555555555555554,-4.0,4.0,-9.0,9.0,0,0,1,2,-3.1129664142532305,-1.0332813973051562
2022-10-19 13:00:00,11123,11166,11146,11122,11100,11075,11174,11217,18500,28360,1,1,23,-1,74,142,28,51,23,47,24,51,98,1.2173913043478262,1.2173913043478262,-51.0,51.0,1.0,1.0,-47.0,47.0,2.217391304347826,2.217391304347826,-98.0,98.0,-23.0,23.0,0,0,1,2,-0.2872148779702804,2.7268771465158554
2022-10-28 20:00:00,12788,12818,12806,12785,12784,12784,12811,12820,1845,3689,1,1,18,-3,27,36,5,2,4,1,21,9,3,0.2777777777777778,0.2777777777777778,-0.6666666666666666,0.6666666666666666,0.2222222222222222,0.2222222222222222,-0.3333333333333333,0.3333333333333333,0.5,0.5,-1.0,1.0,-6.0,6.0,0,0,1,2,-2.744248840427782,-1.6335813507571109
2022-11-01 18:00:00,12805,12852,12849,12804,12804,12804,12850,12852,9027,8913,1,1,44,-1,46,48,1,0,1,0,45,2,0,0.022727272727272728,0.022727272727272728,-0.0,0.0,0.022727272727272728,0.022727272727272728,-0.0,0.0,0.045454545454545456,0.045454545454545456,-0.0,0.0,-44.0,44.0,0,0,1,2,-2.4453779178124124,-1.1649336421456693
2022-11-03 15:00:00,12602,12629,12611,12599,12598,12584,12653,12659,14131,16222,1,1,9,-3,55,75,42,30,4,15,12,46,45,4.666666666666667,4.666666666666667,-10.0,10.0,0.4444444444444444,0.4444444444444444,-5.0,5.0,5.111111111111111,5.111111111111111,-15.0,15.0,-3.0,3.0,0,0,1,2,-1.9124420409192342,-0.2849016914344683
2022-11-07 20:00:00,13252,13290,13270,13250,13250,13232,13276,13310,5400,9001,1,1,18,-2,26,78,6,20,2,18,20,8,38,0.3333333333333333,0.3333333333333333,-10.0,10.0,0.1111111111111111,0.1111111111111111,-9.0,9.0,0.4444444444444444,0.4444444444444444,-19.0,19.0,-9.0,9.0,0,0,1,2,-2.038789053085853,-0.885494075598738
2022-11-14 19:00:00,14065,14096,14081,14063,14065,14052,14162,14123,10773,16414,1,1,16,-2,97,71,81,27,0,11,18,81,38,5.0625,5.0625,-13.5,13.5,0.0,0.0,-5.5,5.5,5.0625,5.0625,-19.0,19.0,-8.0,8.0,0,0,1,2,-1.1327692852397506,-0.1270287309485268
2022-11-15 19:00:00,13866,13910,13874,13856,13795,13765,13879,13939,4347,14106,1,1,8,-10,84,174,5,29,71,91,18,76,120,0.625,0.625,-2.9,2.9,8.875,8.875,-9.1,9.1,9.5,9.5,-12.0,12.0,-0.8,0.8,0,0,1,2,-0.6610950923680871,0.39355566384544066
2022-11-15 22:00:00,13529,13856,13742,13523,13170,13406,13765,13866,94550,52716,1,1,213,-6,595,460,23,10,359,117,219,382,127,0.107981220657277,0.107981220657277,-1.6666666666666667,1.6666666666666667,1.6854460093896713,1.6854460093896713,-19.5,19.5,1.7934272300469483,1.7934272300469483,-21.166666666666668,21.166666666666668,-35.5,35.5,0,0,1,4,3.7487515107390563,5.613907277304721
2022-11-18 17:00:00,13675,13707,13700,13673,13652,13651,13774,13730,20870,13446,1,1,25,-2,122,79,74,23,23,22,27,97,45,2.96,2.96,-11.5,11.5,0.92,0.92,-11.0,11.0,3.88,3.88,-22.5,22.5,-12.5,12.5,0,0,1,2,-0.9241391536060519,0.3122460693728346
2022-11-18 18:00:00,13700,13675,13673,13700,13670,13652,13724,13774,8572,20870,1,1,-27,0,54,122,24,74,3,23,-27,27,97,-0.8888888888888888,0.8888888888888888,100.0,100.0,-0.1111111111111111,0.1111111111111111,100.0,100.0,-1.0,1.0,100.0,100.0,0.0,0.0,0,1,1,3,-1.9968532740216631,-1.3389020191826495
2022-11-18 19:00:00,13687,13700,13689,13673,13667,13670,13707,13724,2843,8572,1,1,2,-14,40,54,18,24,20,3,16,38,27,9.0,9.0,-1.7142857142857142,1.7142857142857142,10.0,10.0,-0.21428571428571427,0.21428571428571427,19.0,19.0,-1.9285714285714286,1.9285714285714286,-0.14285714285714285,0.14285714285714285,0,0,1,2,-1.858538175179838,-0.6579434655126036
2022-11-22 22:00:00,13619,13642,13629,13618,13608,13609,13636,13645,2277,3425,1,1,10,-1,28,36,7,3,11,9,11,18,12,0.7,0.7,-3.0,3.0,1.1,1.1,-9.0,9.0,1.8,1.8,-12.0,12.0,-10.0,10.0,0,0,1,2,-2.248473399646342,-1.3055302573939707
2022-11-24 23:00:00,13716,13732,13729,13712,13707,13685,13739,13735,1727,4843,1,1,13,-4,32,50,10,3,9,27,17,19,30,0.7692307692307693,0.7692307692307693,-0.75,0.75,0.6923076923076923,0.6923076923076923,-6.75,6.75,1.4615384615384615,1.4615384615384615,-7.5,7.5,-3.25,3.25,0,0,1,2,-2.1505938233532,-1.3452227120836733
2022-12-05 21:00:00,14234,14247,14238,14231,14228,14220,14266,14254,3795,9568,1,1,4,-3,38,34,28,7,6,11,7,34,18,7.0,7.0,-2.3333333333333335,2.3333333333333335,1.5,1.5,-3.6666666666666665,3.6666666666666665,8.5,8.5,-6.0,6.0,-1.3333333333333333,1.3333333333333333,0,0,1,2,-2.0067617955510797,-1.156132828206754
2022-12-06 19:00:00,14172,14202,14179,14166,14158,14158,14192,14219,4686,10647,1,1,7,-6,34,61,13,17,14,8,13,27,25,1.8571428571428572,1.8571428571428572,-2.8333333333333335,2.8333333333333335,2.0,2.0,-1.3333333333333333,1.3333333333333333,3.857142857142857,3.857142857142857,-4.166666666666667,4.166666666666667,-1.1666666666666667,1.1666666666666667,0,0,1,2,-2.032843041067648,-1.3562417262626856
2022-12-08 18:00:00,14009,14034,14032,14008,14006,13999,14078,14070,13941,15686,1,1,23,-1,72,71,46,36,3,9,24,49,45,2.0,2.0,-36.0,36.0,0.13043478260869565,0.13043478260869565,-9.0,9.0,2.130434782608696,2.130434782608696,-45.0,45.0,-23.0,23.0,0,0,1,2,-0.8833121033406955,0.34041030680889145
2022-12-09 15:00:00,13995,14041,13998,13991,13944,13978,14009,14072,19018,15482,1,1,3,-4,65,94,11,31,51,13,7,62,44,3.6666666666666665,3.6666666666666665,-7.75,7.75,17.0,17.0,-3.25,3.25,20.666666666666668,20.666666666666668,-11.0,11.0,-0.75,0.75,0,0,1,2,-1.342831881352484,0.20133117438695994
2022-12-09 19:00:00,14034,14050,14035,14031,14027,14013,14052,14051,2504,6660,1,1,1,-3,25,38,17,1,7,18,4,24,19,17.0,17.0,-0.3333333333333333,0.3333333333333333,7.0,7.0,-6.0,6.0,24.0,24.0,-6.333333333333333,6.333333333333333,-0.3333333333333333,0.3333333333333333,0,0,1,2,-1.9804192342536515,-0.5541864903757445
2022-12-14 11:00:00,14033,14095,14065,14030,14003,13989,14112,14114,15999,20018,1,1,32,-3,109,125,47,19,30,41,35,77,60,1.46875,1.46875,-6.333333333333333,6.333333333333333,0.9375,0.9375,-13.666666666666666,13.666666666666666,2.40625,2.40625,-20.0,20.0,-10.666666666666666,10.666666666666666,0,0,1,2,-0.8755248098396344,0.13764400443629177
2022-12-14 23:00:00,14013,14069,14028,14009,14003,14001,14049,14080,2156,4421,1,1,15,-4,46,79,21,11,10,8,19,31,19,1.4,1.4,-2.75,2.75,0.6666666666666666,0.6666666666666666,-2.0,2.0,2.066666666666667,2.066666666666667,-4.75,4.75,-3.75,3.75,0,0,1,2,-2.002613829594109,-1.3526580158472368
2022-12-16 12:00:00,13758,13855,13817,13757,13756,13756,13849,13865,13881,25362,1,1,59,-1,93,109,32,10,2,1,60,34,11,0.5423728813559322,0.5423728813559322,-10.0,10.0,0.03389830508474576,0.03389830508474576,-1.0,1.0,0.576271186440678,0.576271186440678,-11.0,11.0,-59.0,59.0,0,0,1,2,-1.370107268125229,-0.2448830696441026
2022-12-16 13:00:00,13816,13758,13750,13817,13742,13756,13833,13849,16763,13881,1,1,-66,1,91,93,17,32,8,2,-67,25,34,-0.25757575757575757,0.25757575757575757,32.0,32.0,-0.12121212121212122,0.12121212121212122,2.0,2.0,-0.3787878787878788,0.3787878787878788,34.0,34.0,-66.0,66.0,0,0,1,2,-1.9700006781217052,-0.8787950210992334
2022-12-16 14:00:00,13751,13816,13793,13750,13733,13742,13817,13833,10217,16763,1,1,42,-1,84,91,24,17,18,8,43,42,25,0.5714285714285714,0.5714285714285714,-17.0,17.0,0.42857142857142855,0.42857142857142855,-8.0,8.0,1.0,1.0,-25.0,25.0,-42.0,42.0,0,0,1,2,-1.2219529491999206,-0.07544993985277566
2022-12-16 19:00:00,13817,13850,13818,13811,13800,13792,13830,13850,2035,7835,1,1,1,-6,30,58,12,0,17,19,7,29,19,12.0,12.0,-0.0,0.0,17.0,17.0,-3.1666666666666665,3.1666666666666665,29.0,29.0,-3.1666666666666665,3.1666666666666665,-0.16666666666666666,0.16666666666666666,0,0,1,2,-1.9138610111926546,-0.29747297862576627
2022-12-22 15:00:00,14038,14112,14062,14035,14025,14035,14088,14112,12861,12728,1,1,24,-3,63,77,26,0,13,0,27,39,0,1.0833333333333333,1.0833333333333333,-0.0,0.0,0.5416666666666666,0.5416666666666666,-0.0,0.0,1.625,1.625,-0.0,0.0,-8.0,8.0,0,0,1,2,-2.082070378974354,-1.3422595143096232
2022-12-22 20:00:00,13996,14020,14013,13993,13996,13977,14029,14027,2482,2758,1,1,17,-3,33,50,16,7,0,16,20,16,23,0.9411764705882353,0.9411764705882353,-2.3333333333333335,2.3333333333333335,0.0,0.0,-5.333333333333333,5.333333333333333,0.9411764705882353,0.9411764705882353,-7.666666666666667,7.666666666666667,-5.666666666666667,5.666666666666667,0,0,1,2,-2.11518482057847,-1.4430437802079445
2022-12-26 17:00:00,14285,14331,14318,14280,14280,14280,14330,14358,11066,12724,1,1,33,-5,50,78,12,27,5,0,38,17,27,0.36363636363636365,0.36363636363636365,-5.4,5.4,0.15151515151515152,0.15151515151515152,-0.0,0.0,0.5151515151515151,0.5151515151515151,-5.4,5.4,-6.6,6.6,0,0,1,2,-1.8858206472365293,-1.287564215923329
2022-12-26 21:00:00,14334,14365,14337,14333,14331,14332,14346,14369,2787,2929,1,1,3,-1,15,37,9,4,3,1,4,12,5,3.0,3.0,-4.0,4.0,1.0,1.0,-1.0,1.0,4.0,4.0,-5.0,5.0,-3.0,3.0,0,0,1,2,-2.342062331384687,-1.7015242429137827
2023-01-03 14:00:00,14394,14430,14400,14392,14350,14389,14421,14451,12311,12630,1,1,6,-2,71,62,21,21,44,3,8,65,24,3.5,3.5,-10.5,10.5,7.333333333333333,7.333333333333333,-1.5,1.5,10.833333333333334,10.833333333333334,-12.0,12.0,-3.0,3.0,0,0,1,2,-1.4813539539197778,-0.47788878494139586
2023-01-03 17:00:00,14390,14422,14400,14389,14387,14387,14400,14424,4658,6704,1,1,10,-1,13,37,0,2,3,2,11,3,4,0.0,0.0,-2.0,2.0,0.3,0.3,-2.0,2.0,0.3,0.3,-4.0,4.0,-10.0,10.0,0,0,1,2,-2.3933915192672566,-1.8470283348868404
2023-01-03 18:00:00,14400,14390,14369,14400,14361,14387,14415,14400,7204,4658,1,1,-31,0,54,13,15,0,8,3,-31,23,3,-0.4838709677419355,0.4838709677419355,0.0,0.0,-0.25806451612903225,0.25806451612903225,100.0,100.0,-0.7419354838709677,0.7419354838709677,100.0,100.0,0.0,0.0,0,1,1,3,-2.6661139850524953,-2.3740266523196745
2023-01-03 19:00:00,14377,14400,14393,14369,14377,14361,14399,14415,1699,7204,1,1,16,-8,22,54,6,15,0,8,24,6,23,0.375,0.375,-1.875,1.875,0.0,0.0,-1.0,1.0,0.375,0.375,-2.875,2.875,-2.0,2.0,0,0,1,2,-2.1679191019856194,-1.7797314056834495
2023-01-11 19:00:00,15099,15131,15112,15082,15073,15065,15165,15175,5649,24525,1,1,13,-17,92,110,53,44,26,17,30,79,61,4.076923076923077,4.076923076923077,-2.588235294117647,2.588235294117647,2.0,2.0,-1.0,1.0,6.076923076923077,6.076923076923077,-3.588235294117647,3.588235294117647,-0.7647058823529411,0.7647058823529411,0,0,1,2,-0.8429498063851225,-0.5971744694549175
2023-01-17 17:00:00,15326,15414,15334,15325,15265,15313,15362,15425,15455,15937,1,1,8,-1,97,112,28,11,61,12,9,89,23,3.5,3.5,-11.0,11.0,7.625,7.625,-12.0,12.0,11.125,11.125,-23.0,23.0,-8.0,8.0,0,0,1,2,-0.7551269638041479,0.011534003416770081
2023-01-24 14:00:00,15480,15561,15505,15479,15400,15450,15507,15601,33270,56703,1,1,25,-1,107,151,2,40,80,29,26,82,69,0.08,0.08,-40.0,40.0,3.2,3.2,-29.0,29.0,3.28,3.28,-69.0,69.0,-25.0,25.0,0,0,1,2,0.3964627550920578,1.6657713681602748
2023-01-26 19:00:00,15343,15403,15377,15340,15331,15327,15410,15405,7865,25631,1,1,34,-3,79,78,33,2,12,13,37,45,15,0.9705882352941176,0.9705882352941176,-0.6666666666666666,0.6666666666666666,0.35294117647058826,0.35294117647058826,-4.333333333333333,4.333333333333333,1.3235294117647058,1.3235294117647058,-5.0,5.0,-11.333333333333334,11.333333333333334,0,0,1,2,-1.4422094612423793,-1.1776897352188147
2023-01-30 11:00:00,15436,15514,15437,15435,15422,15410,15480,15544,14595,38490,1,1,1,-1,58,134,43,30,14,25,2,57,55,43.0,43.0,-30.0,30.0,14.0,14.0,-25.0,25.0,57.0,57.0,-55.0,55.0,-1.0,1.0,0,0,1,1,0.1919370014446208,2.80057081550954
2023-02-07 14:00:00,16639,16657,16648,16635,16592,16529,16697,16675,21660,56914,1,1,9,-4,105,146,49,18,47,106,13,96,124,5.444444444444445,5.444444444444445,-4.5,4.5,5.222222222222222,5.222222222222222,-26.5,26.5,10.666666666666666,10.666666666666666,-31.0,31.0,-2.25,2.25,0,0,1,0,0.4346123886962392,1.0244132668397576
2023-02-08 10:00:00,16663,16675,16674,16662,16608,16640,16745,16730,42057,7430,1,1,11,-1,137,90,71,55,55,22,12,126,77,6.454545454545454,6.454545454545454,-55.0,55.0,5.0,5.0,-22.0,22.0,11.454545454545455,11.454545454545455,-77.0,77.0,-11.0,11.0,0,0,1,0,1.1537471576471114,1.958973817034113
2023-02-09 18:00:00,16655,16721,16664,16654,16636,16624,16765,16788,19226,34509,1,1,9,-1,129,164,101,67,19,30,10,120,97,11.222222222222221,11.222222222222221,-67.0,67.0,2.111111111111111,2.111111111111111,-30.0,30.0,13.333333333333334,13.333333333333334,-97.0,97.0,-9.0,9.0,0,0,1,0,1.7090124089739047,2.6972665498194295
2023-02-13 12:00:00,16709,16757,16710,16708,16671,16678,16733,16769,13320,26159,1,1,1,-1,62,91,23,12,38,30,2,61,42,23.0,23.0,-12.0,12.0,38.0,38.0,-30.0,30.0,61.0,61.0,-42.0,42.0,-1.0,1.0,0,0,1,1,0.2493425065013649,2.292576490580584
2023-02-15 21:00:00,15587,15835,15694,15586,15556,15497,15749,15843,26957,46865,1,1,107,-1,193,346,55,8,31,89,108,86,97,0.514018691588785,0.514018691588785,-8.0,8.0,0.2897196261682243,0.2897196261682243,-89.0,89.0,0.8037383177570093,0.8037383177570093,-97.0,97.0,-107.0,107.0,0,0,1,4,2.48342986456346,3.859822578413903
2023-02-16 13:00:00,15920,15998,15983,15919,15890,15874,15995,16013,14424,27609,1,1,63,-1,105,139,12,15,30,45,64,42,60,0.19047619047619047,0.19047619047619047,-15.0,15.0,0.47619047619047616,0.47619047619047616,-45.0,45.0,0.6666666666666666,0.6666666666666666,-60.0,60.0,-63.0,63.0,0,0,1,2,0.4351406733118042,1.0949483165139275
2023-02-21 19:00:00,16489,16513,16492,16487,16466,16468,16492,16513,3292,9861,1,1,3,-2,26,45,0,0,23,19,5,23,19,0.0,0.0,-0.0,0.0,7.666666666666667,7.666666666666667,-9.5,9.5,7.666666666666667,7.666666666666667,-9.5,9.5,-1.5,1.5,0,0,1,2,-1.4979627007366156,-1.5670702748514336
2023-02-22 17:00:00,16438,16482,16465,16437,16435,16415,16484,16487,9816,17882,1,1,27,-1,49,72,19,5,3,22,28,22,27,0.7037037037037037,0.7037037037037037,-5.0,5.0,0.1111111111111111,0.1111111111111111,-22.0,22.0,0.8148148148148148,0.8148148148148148,-27.0,27.0,-27.0,27.0,0,0,1,2,-0.9118011619185481,-0.8904429469731127
2023-02-27 19:00:00,17015,17050,17023,17013,17000,16985,17036,17050,6462,15298,1,1,8,-2,36,65,13,0,15,28,10,28,28,1.625,1.625,-0.0,0.0,1.875,1.875,-14.0,14.0,3.5,3.5,-14.0,14.0,-4.0,4.0,0,0,1,2,-1.1646223708532106,-1.4973139062621132
2023-02-28 14:00:00,16978,17047,17002,16977,16905,16943,17043,17090,42167,32086,1,1,24,-1,138,147,41,43,73,34,25,114,77,1.7083333333333333,1.7083333333333333,-43.0,43.0,3.0416666666666665,3.0416666666666665,-34.0,34.0,4.75,4.75,-77.0,77.0,-24.0,24.0,0,0,1,0,1.2646820888602857,1.9104097688224417
2023-02-28 22:00:00,17032,17052,17040,17031,17024,17027,17044,17054,1628,1561,1,1,8,-1,20,27,4,2,8,4,9,12,6,0.5,0.5,-2.0,2.0,1.0,1.0,-4.0,4.0,1.5,1.5,-6.0,6.0,-8.0,8.0,0,0,1,2,-1.6284309787030375,-2.2094489394584094
2023-03-02 10:00:00,17061,17117,17080,17060,16989,17054,17098,17151,42794,9695,1,1,19,-1,109,97,18,34,72,6,20,90,40,0.9473684210526315,0.9473684210526315,-34.0,34.0,3.789473684210526,3.789473684210526,-6.0,6.0,4.7368421052631575,4.7368421052631575,-40.0,40.0,-19.0,19.0,0,0,1,2,0.08444519610388986,0.2533715294733181
2023-03-02 17:00:00,16888,16940,16911,16883,16885,16878,16944,16965,13104,18406,1,1,23,-5,59,87,33,25,3,5,28,36,30,1.434782608695652,1.434782608695652,-5.0,5.0,0.13043478260869565,0.13043478260869565,-1.0,1.0,1.565217391304348,1.565217391304348,-6.0,6.0,-4.6,4.6,0,0,1,2,-1.0819391304248456,-1.4977956291810688
2023-03-02 21:00:00,16935,16971,16944,16934,16930,16934,16953,16975,1390,2363,1,1,9,-1,23,41,9,4,5,0,10,14,4,1.0,1.0,-4.0,4.0,0.5555555555555556,0.5555555555555556,-0.0,0.0,1.5555555555555556,1.5555555555555556,-4.0,4.0,-9.0,9.0,0,0,1,2,-1.639986972942361,-2.1974600489997003
2023-03-09 13:00:00,17300,17365,17346,17299,17293,17256,17370,17385,24210,51468,1,1,46,-1,77,129,24,20,7,43,47,31,63,0.5217391304347826,0.5217391304347826,-20.0,20.0,0.15217391304347827,0.15217391304347827,-43.0,43.0,0.6739130434782609,0.6739130434782609,-63.0,63.0,-46.0,46.0,0,0,1,0,0.5049527716442446,0.8181391144937215
2023-03-10 10:00:00,17137,17276,17151,17132,17075,17065,17241,17284,77539,37515,1,1,14,-5,166,219,90,8,62,67,19,152,75,6.428571428571429,6.428571428571429,-1.6,1.6,4.428571428571429,4.428571428571429,-13.4,13.4,10.857142857142858,10.857142857142858,-15.0,15.0,-2.8,2.8,0,0,1,0,0.6094998535268695,1.12721631883416
2023-03-10 22:00:00,17246,17280,17250,17245,17228,17245,17258,17280,3408,2726,1,1,4,-1,30,35,8,0,18,0,5,26,0,2.0,2.0,-0.0,0.0,4.5,4.5,-0.0,0.0,6.5,6.5,-0.0,0.0,-4.0,4.0,0,0,1,2,-1.5691720310883523,-2.116975965972872
2023-03-13 23:00:00,17204,17243,17222,17203,17181,17198,17229,17247,2948,3412,1,1,18,-1,48,49,7,4,23,5,19,30,9,0.3888888888888889,0.3888888888888889,-4.0,4.0,1.2777777777777777,1.2777777777777777,-5.0,5.0,1.6666666666666667,1.6666666666666667,-9.0,9.0,-18.0,18.0,0,0,1,2,-1.196519089140329,-1.7918035347114285
2023-03-21 11:00:00,18528,18678,18544,18527,18451,18375,18647,18834,36402,122785,1,1,16,-1,196,459,103,156,77,152,17,180,308,6.4375,6.4375,-156.0,156.0,4.8125,4.8125,-152.0,152.0,11.25,11.25,-308.0,308.0,-16.0,16.0,0,0,1,4,8.001272932888094,10.562850934952333
2023-03-21 20:00:00,18653,18744,18674,18652,18615,18531,18728,18815,9566,30067,1,1,21,-1,113,284,54,71,38,121,22,92,192,2.5714285714285716,2.5714285714285716,-71.0,71.0,1.8095238095238095,1.8095238095238095,-121.0,121.0,4.380952380952381,4.380952380952381,-192.0,192.0,-21.0,21.0,0,0,1,4,4.355237381905707,4.940892275431402
2023-03-23 16:00:00,18551,18609,18575,18550,18530,18506,18604,18612,14942,24788,1,1,24,-1,74,106,29,3,21,44,25,50,47,1.2083333333333333,1.2083333333333333,-3.0,3.0,0.875,0.875,-44.0,44.0,2.0833333333333335,2.0833333333333335,-47.0,47.0,-24.0,24.0,0,0,1,0,0.33938234315845917,-0.24922813719489628
2023-03-24 12:00:00,18500,18582,18566,18497,18485,18450,18667,18639,33327,47386,1,1,66,-3,182,189,101,57,15,47,69,116,104,1.5303030303030303,1.5303030303030303,-19.0,19.0,0.22727272727272727,0.22727272727272727,-15.666666666666666,15.666666666666666,1.7575757575757576,1.7575757575757576,-34.666666666666664,34.666666666666664,-22.0,22.0,0,0,1,0,1.5073852101219323,1.022123263724158
2023-03-27 17:00:00,19282,19295,19294,19281,19250,19220,19344,19337,21694,36345,1,1,12,-1,94,117,50,42,32,61,13,82,103,4.166666666666667,4.166666666666667,-42.0,42.0,2.6666666666666665,2.6666666666666665,-61.0,61.0,6.833333333333333,6.833333333333333,-103.0,103.0,-12.0,12.0,0,0,1,0,2.006341485382643,1.8175190963748509
2023-03-29 18:00:00,19980,20039,19991,19977,19929,19900,20036,20076,19577,34146,1,1,11,-3,107,176,45,37,51,77,14,96,114,4.090909090909091,4.090909090909091,-12.333333333333334,12.333333333333334,4.636363636363637,4.636363636363637,-25.666666666666668,25.666666666666668,8.727272727272727,8.727272727272727,-38.0,38.0,-3.6666666666666665,3.6666666666666665,0,0,1,0,1.3872717237487329,0.37650497974297065
2023-03-31 11:00:00,19691,19953,19726,19686,19668,19646,19780,19953,32968,85491,1,1,35,-5,112,307,54,0,23,40,40,77,40,1.542857142857143,1.542857142857143,-0.0,0.0,0.6571428571428571,0.6571428571428571,-8.0,8.0,2.2,2.2,-8.0,8.0,-7.0,7.0,0,0,1,0,0.4577605994831782,-0.537298828487047
2023-04-04 18:00:00,19606,19779,19680,19601,19601,19600,19697,19810,20648,45916,1,1,74,-5,96,210,17,31,5,1,79,22,32,0.22972972972972974,0.22972972972972974,-6.2,6.2,0.06756756756756757,0.06756756756756757,-0.2,0.2,0.2972972972972973,0.2972972972972973,-6.4,6.4,-14.8,14.8,0,0,1,0,0.03012385718218313,-1.3684055586770163
2023-04-04 22:00:00,19677,19695,19683,19675,19672,19645,19700,19716,1372,5228,1,1,6,-2,28,71,17,21,5,30,8,22,51,2.8333333333333335,2.8333333333333335,-10.5,10.5,0.8333333333333334,0.8333333333333334,-15.0,15.0,3.6666666666666665,3.6666666666666665,-25.5,25.5,-3.0,3.0,0,0,1,0,-0.1970353080972727,-1.6680126328182854
2023-04-10 16:00:00,20531,20583,20567,20530,20511,20530,20622,20639,25131,22349,1,1,36,-1,111,109,55,56,20,0,37,75,56,1.5277777777777777,1.5277777777777777,-56.0,56.0,0.5555555555555556,0.5555555555555556,-0.0,0.0,2.0833333333333335,2.0833333333333335,-56.0,56.0,-36.0,36.0,0,0,1,0,1.4457678188322836,0.1274708731605676
2023-04-11 11:00:00,20507,20809,20612,20505,20493,20410,20666,20868,44912,172292,1,1,105,-2,173,458,54,59,14,95,107,68,154,0.5142857142857142,0.5142857142857142,-29.5,29.5,0.13333333333333333,0.13333333333333333,-47.5,47.5,0.6476190476190476,0.6476190476190476,-77.0,77.0,-52.5,52.5,0,0,1,4,3.3314274501939622,3.283088703820194
2023-04-12 17:00:00,20258,20340,20298,20257,20245,20255,20351,20365,16059,16644,1,1,40,-1,106,110,53,25,13,2,41,66,27,1.325,1.325,-25.0,25.0,0.325,0.325,-2.0,2.0,1.65,1.65,-27.0,27.0,-40.0,40.0,0,0,1,0,0.6894333393781996,-0.8609433304615333
2023-04-12 18:00:00,20295,20258,20269,20298,20202,20245,20303,20351,14427,16059,1,1,-26,3,101,106,8,53,67,13,-29,75,66,-0.3076923076923077,0.3076923076923077,17.666666666666668,17.666666666666668,-2.576923076923077,2.576923076923077,4.333333333333333,4.333333333333333,-2.8846153846153846,2.8846153846153846,22.0,22.0,-8.666666666666666,8.666666666666666,0,0,1,0,-0.009775483344416205,-1.8006829263003292
2023-04-12 19:00:00,20270,20295,20274,20269,20241,20202,20300,20303,4397,14427,1,1,4,-1,59,101,26,8,29,67,5,55,75,6.5,6.5,-8.0,8.0,7.25,7.25,-67.0,67.0,13.75,13.75,-75.0,75.0,-4.0,4.0,0,0,1,0,1.3409007955101222,0.458395363873863
2023-04-14 12:00:00,20105,20165,20158,20103,20084,20053,20192,20165,20752,28973,1,1,53,-2,108,112,34,0,21,50,55,55,50,0.6415094339622641,0.6415094339622641,-0.0,0.0,0.39622641509433965,0.39622641509433965,-25.0,25.0,1.0377358490566038,1.0377358490566038,-25.0,25.0,-26.5,26.5,0,0,1,0,0.6234711525439708,-0.787657018563281
2023-04-19 12:00:00,21486,21509,21503,21483,21379,21471,21514,21585,38171,38903,1,1,17,-3,135,114,11,76,107,12,20,118,88,0.6470588235294118,0.6470588235294118,-25.333333333333332,25.333333333333332,6.294117647058823,6.294117647058823,-4.0,4.0,6.9411764705882355,6.9411764705882355,-29.333333333333332,29.333333333333332,-5.666666666666667,5.666666666666667,0,0,1,0,1.5448915238797525,-0.07775892681566197
2023-04-24 19:00:00,21439,21469,21455,21426,21439,21412,21477,21469,2387,11149,1,1,16,-13,38,57,22,0,0,14,29,22,14,1.375,1.375,-0.0,0.0,0.0,0.0,-1.0769230769230769,1.0769230769230769,1.375,1.375,-1.0769230769230769,1.0769230769230769,-1.2307692307692308,1.2307692307692308,0,0,1,0,-0.29182711403709777,-2.935412274553651
2023-04-25 18:00:00,21398,21441,21408,21397,21382,21391,21425,21487,7093,15422,1,1,10,-1,43,96,17,46,16,6,11,33,52,1.7,1.7,-46.0,46.0,1.6,1.6,-6.0,6.0,3.3,3.3,-52.0,52.0,-10.0,10.0,0,0,1,0,0.8617135049455932,-1.0270346290826544
2023-04-26 18:00:00,21354,21418,21377,21353,21340,21351,21397,21425,9025,9520,1,1,23,-1,57,74,20,7,14,2,24,34,9,0.8695652173913043,0.8695652173913043,-7.0,7.0,0.6086956521739131,0.6086956521739131,-2.0,2.0,1.4782608695652173,1.4782608695652173,-9.0,9.0,-23.0,23.0,0,0,1,0,-0.021736690520087806,-2.2930143481396064
2023-04-27 15:00:00,21752,21877,21785,21742,21716,21742,21847,21895,25321,29339,1,1,33,-10,131,153,62,18,36,0,43,98,18,1.878787878787879,1.878787878787879,-1.8,1.8,1.0909090909090908,1.0909090909090908,-0.0,0.0,2.9696969696969697,2.9696969696969697,-1.8,1.8,-3.3,3.3,0,0,1,0,0.7472801655475687,-1.67752867513937
2023-04-28 13:00:00,21742,21823,21775,21741,21731,21728,21811,21837,14487,16841,1,1,33,-1,80,109,36,14,11,13,34,47,27,1.0909090909090908,1.0909090909090908,-14.0,14.0,0.3333333333333333,0.3333333333333333,-13.0,13.0,1.4242424242424243,1.4242424242424243,-27.0,27.0,-33.0,33.0,0,0,1,0,0.7859499927602885,-1.4036710732023006
2023-05-02 18:00:00,21734,22157,21849,21732,21708,21600,21945,22175,60628,86734,1,1,115,-2,237,575,96,18,26,132,117,122,150,0.8347826086956521,0.8347826086956521,-9.0,9.0,0.22608695652173913,0.22608695652173913,-66.0,66.0,1.0608695652173914,1.0608695652173914,-75.0,75.0,-57.5,57.5,0,0,1,4,4.387386587902163,3.3778948639041158
2023-05-04 14:00:00,21560,21567,21565,21556,21542,21509,21620,21639,15838,21422,1,1,5,-4,78,130,55,72,18,47,9,73,119,11.0,11.0,-18.0,18.0,3.6,3.6,-11.75,11.75,14.6,14.6,-29.75,29.75,-1.25,1.25,0,0,1,0,1.472522140219258,-0.2206035895513532
2023-05-05 13:00:00,21671,21696,21693,21668,21639,21622,21703,21704,10230,18637,1,1,22,-3,64,82,10,8,32,46,25,42,54,0.45454545454545453,0.45454545454545453,-2.6666666666666665,2.6666666666666665,1.4545454545454546,1.4545454545454546,-15.333333333333334,15.333333333333334,1.9090909090909092,1.9090909090909092,-18.0,18.0,-7.333333333333333,7.333333333333333,0,0,1,0,0.47067431588210684,-1.8103538442587532
2023-05-08 20:00:00,21531,21560,21547,21530,21520,21509,21553,21599,4166,6479,1,1,16,-1,33,90,6,39,11,21,17,17,60,0.375,0.375,-39.0,39.0,0.6875,0.6875,-21.0,21.0,1.0625,1.0625,-60.0,60.0,-16.0,16.0,0,0,1,0,0.9776155671103913,-1.0295071001123453
2023-05-08 21:00:00,21547,21531,21515,21547,21515,21520,21566,21553,5239,4166,1,1,-32,0,51,33,19,6,0,11,-32,19,17,-0.59375,0.59375,100.0,100.0,-0.0,0.0,100.0,100.0,-0.59375,0.59375,100.0,100.0,0.0,0.0,0,1,1,3,-0.806322338993434,-3.6176587352985763
2023-05-08 22:00:00,21518,21547,21530,21515,21503,21515,21540,21566,4851,5239,1,1,12,-3,37,51,10,19,15,0,15,25,19,0.8333333333333334,0.8333333333333334,-6.333333333333333,6.333333333333333,1.25,1.25,-0.0,0.0,2.0833333333333335,2.0833333333333335,-6.333333333333333,6.333333333333333,-4.0,4.0,0,0,1,0,-0.23418983335094848,-2.6983841416249663
2023-05-11 22:00:00,22909,23148,22924,22906,22732,22520,23099,23150,56686,135113,1,1,15,-3,367,630,175,2,177,386,18,352,388,11.666666666666666,11.666666666666666,-0.6666666666666666,0.6666666666666666,11.8,11.8,-128.66666666666666,128.66666666666666,23.466666666666665,23.466666666666665,-129.33333333333334,129.33333333333334,-5.0,5.0,0,0,1,4,8.462758824873637,8.467714749424115
2023-05-12 12:00:00,22867,23088,22900,22866,22772,22825,22970,23121,45622,53971,1,1,33,-1,198,296,70,33,95,41,34,165,74,2.121212121212121,2.121212121212121,-33.0,33.0,2.878787878787879,2.878787878787879,-41.0,41.0,5.0,5.0,-74.0,74.0,-33.0,33.0,0,0,1,0,3.470116743635625,1.74617862689342
2023-05-23 09:00:00,23235,23245,23239,23234,23226,23233,23290,23254,5372,1052,1,1,4,-1,64,21,51,9,9,1,5,60,10,12.75,12.75,-9.0,9.0,2.25,2.25,-1.0,1.0,15.0,15.0,-10.0,10.0,-4.0,4.0,0,0,1,0,0.5507374353895973,-2.194197267465158
2023-05-30 10:00:00,24944,25282,25139,24936,24875,24520,25239,25283,95038,92626,1,1,195,-8,364,763,100,1,69,416,203,169,417,0.5128205128205128,0.5128205128205128,-0.125,0.125,0.35384615384615387,0.35384615384615387,-52.0,52.0,0.8666666666666667,0.8666666666666667,-52.125,52.125,-24.375,24.375,0,0,1,4,7.479332781619022,5.217729960851185
2023-06-01 13:00:00,24495,24586,24503,24494,24385,24444,24577,24608,40528,53167,1,1,8,-1,192,164,74,22,110,50,9,184,72,9.25,9.25,-22.0,22.0,13.75,13.75,-50.0,50.0,23.0,23.0,-72.0,72.0,-8.0,8.0,0,0,1,0,3.675335748759256,1.7747097816591983
2023-06-05 21:00:00,23765,23913,23819,23759,23607,23724,23830,23954,44186,32913,1,1,54,-6,223,230,11,41,158,35,60,169,76,0.2037037037037037,0.2037037037037037,-6.833333333333333,6.833333333333333,2.925925925925926,2.925925925925926,-5.833333333333333,5.833333333333333,3.1296296296296298,3.1296296296296298,-12.666666666666666,12.666666666666666,-9.0,9.0,0,0,1,0,2.6000023656826374,-0.3292642124873354
2023-06-07 21:00:00,24192,24212,24203,24191,24186,24139,24219,24214,2071,4233,1,1,11,-1,33,75,16,2,6,52,12,22,54,1.4545454545454546,1.4545454545454546,-2.0,2.0,0.5454545454545454,0.5454545454545454,-52.0,52.0,2.0,2.0,-54.0,54.0,-11.0,11.0,0,0,1,0,1.4667838382182603,-1.7000741559112598
2023-06-19 20:00:00,24752,24769,24768,24751,24747,24712,24777,24782,1876,4327,1,1,16,-1,30,70,9,13,5,39,17,14,52,0.5625,0.5625,-13.0,13.0,0.3125,0.3125,-39.0,39.0,0.875,0.875,-52.0,52.0,-16.0,16.0,0,0,1,0,1.5346308670479263,-1.9209976985504829
2023-06-21 11:00:00,24607,24775,24745,24603,24567,24590,24749,24781,20684,34293,1,1,138,-4,182,191,4,6,40,13,142,44,19,0.028985507246376812,0.028985507246376812,-1.5,1.5,0.2898550724637681,0.2898550724637681,-3.25,3.25,0.3188405797101449,0.3188405797101449,-4.75,4.75,-34.5,34.5,0,0,1,0,1.818853842310255,-1.7746939530249015
2023-06-22 23:00:00,24539,24733,24602,24535,24520,24521,24650,24733,6856,10906,1,1,63,-4,130,212,48,0,19,14,67,67,14,0.7619047619047619,0.7619047619047619,-0.0,0.0,0.30158730158730157,0.30158730158730157,-3.5,3.5,1.0634920634920635,1.0634920634920635,-3.5,3.5,-15.75,15.75,0,0,1,0,1.472549355734925,-2.350381843339603
2023-06-23 13:00:00,24519,24579,24537,24518,24484,24508,24547,24582,8274,9015,1,1,18,-1,63,74,10,3,35,10,19,45,13,0.5555555555555556,0.5555555555555556,-3.0,3.0,1.9444444444444444,1.9444444444444444,-10.0,10.0,2.5,2.5,-13.0,13.0,-18.0,18.0,0,0,1,0,0.8931594247968623,-2.6653882323241493
2023-06-23 20:00:00,24525,24527,24526,24521,24504,24518,24539,24570,1695,5741,1,1,1,-4,35,52,13,43,21,3,5,34,46,13.0,13.0,-10.75,10.75,21.0,21.0,-0.75,0.75,34.0,34.0,-11.5,11.5,-0.25,0.25,0,0,1,0,1.1744552388571627,-1.505510545677372
2023-06-26 22:00:00,23902,24153,24152,23900,23806,23878,24361,24180,59398,23865,1,1,250,-2,555,302,209,27,96,22,252,305,49,0.836,0.836,-13.5,13.5,0.384,0.384,-11.0,11.0,1.22,1.22,-24.5,24.5,-125.0,125.0,0,0,1,4,6.003986858173044,3.1701743273941
2023-06-27 11:00:00,24137,24340,24332,24136,24118,24124,24361,24374,37057,35338,1,1,195,-1,243,250,29,34,19,12,196,48,46,0.14871794871794872,0.14871794871794872,-34.0,34.0,0.09743589743589744,0.09743589743589744,-12.0,12.0,0.24615384615384617,0.24615384615384617,-46.0,46.0,-195.0,195.0,0,0,1,4,4.080366945478064,1.5361578704311591
2023-07-03 11:00:00,24428,24490,24443,24425,24351,24402,24464,24549,18816,30625,1,1,15,-3,113,147,21,59,77,23,18,98,82,1.4,1.4,-19.666666666666668,19.666666666666668,5.133333333333334,5.133333333333334,-7.666666666666667,7.666666666666667,6.533333333333333,6.533333333333333,-27.333333333333332,27.333333333333332,-5.0,5.0,0,0,1,0,2.0973256834438105,-1.017729864350951
2023-07-06 17:00:00,24551,24570,24552,24550,24505,24539,24561,24585,12859,6785,1,1,1,-1,56,46,9,15,46,11,2,55,26,9.0,9.0,-15.0,15.0,46.0,46.0,-11.0,11.0,55.0,55.0,-26.0,26.0,-1.0,1.0,0,0,1,1,1.6709610783402866,-0.05419256946242933
2023-07-06 18:00:00,24553,24551,24520,24552,24516,24505,24569,24561,5218,12859,1,1,-33,-1,53,56,16,9,4,46,-32,20,55,-0.48484848484848486,0.48484848484848486,-9.0,9.0,-0.12121212121212122,0.12121212121212122,-46.0,46.0,-0.6060606060606061,0.6060606060606061,-55.0,55.0,33.0,33.0,0,0,1,0,1.2950271153386688,-1.9975823628065088
2023-07-06 19:00:00,24531,24553,24536,24520,24531,24516,24558,24569,2071,5218,1,1,5,-11,27,53,22,16,0,4,16,22,20,4.4,4.4,-1.4545454545454546,1.4545454545454546,0.0,0.0,-0.36363636363636365,0.36363636363636365,4.4,4.4,-1.8181818181818181,1.8181818181818181,-0.45454545454545453,0.45454545454545453,0,0,1,0,0.4798913288096115,-3.3755902100908455
2023-07-07 15:00:00,24592,24624,24617,24588,24580,24560,24624,24637,5514,11590,1,1,25,-4,44,77,7,13,12,28,29,19,41,0.28,0.28,-3.25,3.25,0.48,0.48,-7.0,7.0,0.76,0.76,-10.25,10.25,-6.25,6.25,0,0,1,0,0.8058253856889953,-2.925777237438739
2023-07-07 22:00:00,24738,24802,24791,24736,24736,24732,24803,24841,2711,11078,1,1,53,-2,67,109,12,39,2,4,55,14,43,0.22641509433962265,0.22641509433962265,-19.5,19.5,0.03773584905660377,0.03773584905660377,-2.0,2.0,0.2641509433962264,0.2641509433962264,-21.5,21.5,-26.5,26.5,0,0,1,0,1.3535078597120294,-2.3627638230200723
2023-07-11 17:00:00,25229,25352,25283,25228,25186,25219,25308,25360,10995,15215,1,1,54,-1,122,141,25,8,43,9,55,68,17,0.46296296296296297,0.46296296296296297,-8.0,8.0,0.7962962962962963,0.7962962962962963,-9.0,9.0,1.2592592592592593,1.2592592592592593,-17.0,17.0,-54.0,54.0,0,0,1,0,1.921941257922898,-1.850536967073321
2023-07-12 20:00:00,25157,25250,25180,25155,25073,25050,25183,25267,10525,24727,1,1,23,-2,110,217,3,17,84,105,25,87,122,0.13043478260869565,0.13043478260869565,-8.5,8.5,3.652173913043478,3.652173913043478,-52.5,52.5,3.782608695652174,3.782608695652174,-61.0,61.0,-11.5,11.5,0,0,1,0,3.1242963300106967,-0.14891507704468435
2023-07-14 11:00:00,24907,25063,24952,24902,24878,24866,24989,25069,13182,42894,1,1,45,-5,111,203,37,6,29,36,50,66,42,0.8222222222222222,0.8222222222222222,-1.2,1.2,0.6444444444444445,0.6444444444444445,-7.2,7.2,1.4666666666666666,1.4666666666666666,-8.4,8.4,-9.0,9.0,0,0,1,0,1.6214692543432057,-2.0327031932265642
2023-07-17 14:00:00,24910,24961,24956,24894,24910,24892,24975,24968,7995,13891,1,1,46,-16,65,76,19,7,0,2,62,19,9,0.41304347826086957,0.41304347826086957,-0.4375,0.4375,0.0,0.0,-0.125,0.125,0.41304347826086957,0.41304347826086957,-0.5625,0.5625,-2.875,2.875,0,0,1,0,0.7507197659818745,-3.4148462190447333
2023-07-19 12:00:00,25095,25150,25112,25094,25036,24981,25144,25159,12270,36871,1,1,17,-1,108,178,32,9,59,113,18,91,122,1.8823529411764706,1.8823529411764706,-9.0,9.0,3.4705882352941178,3.4705882352941178,-113.0,113.0,5.352941176470588,5.352941176470588,-122.0,122.0,-17.0,17.0,0,0,1,4,4.097029605365097,1.5127847188063683
2023-07-19 20:00:00,24958,25018,24980,24957,24953,24879,24996,25027,2705,13405,1,1,22,-1,43,148,16,9,5,78,23,21,87,0.7272727272727273,0.7272727272727273,-9.0,9.0,0.22727272727272727,0.22727272727272727,-78.0,78.0,0.9545454545454546,0.9545454545454546,-87.0,87.0,-22.0,22.0,0,0,1,0,2.6451685558737763,-0.527505468706687
2023-07-21 18:00:00,24828,24833,24829,24827,24810,24801,24834,24849,6120,13747,1,1,1,-1,24,48,5,16,18,26,2,23,42,5.0,5.0,-16.0,16.0,18.0,18.0,-26.0,26.0,23.0,23.0,-42.0,42.0,-1.0,1.0,0,0,1,0,1.4342744773949905,-1.333910086314631
2023-07-27 20:00:00,25242,25263,25250,25241,25231,25232,25254,25274,1731,2764,1,1,8,-1,23,42,4,11,11,9,9,15,20,0.5,0.5,-11.0,11.0,1.375,1.375,-9.0,9.0,1.875,1.875,-20.0,20.0,-8.0,8.0,0,0,1,0,0.7984935018890347,-3.128306331843806
2023-08-02 11:00:00,27113,27235,27149,27112,27053,26964,27249,27348,27721,91549,1,1,36,-1,196,384,100,113,60,148,37,160,261,2.7777777777777777,2.7777777777777777,-113.0,113.0,1.6666666666666667,1.6666666666666667,-148.0,148.0,4.444444444444445,4.444444444444445,-261.0,261.0,-36.0,36.0,0,0,1,4,8.969734754389865,7.070571097381226
2023-08-02 19:00:00,27135,27174,27168,27122,27124,27089,27240,27179,7250,18832,1,1,33,-13,116,90,72,5,11,33,46,83,38,2.1818181818181817,2.1818181818181817,-0.38461538461538464,0.38461538461538464,0.3333333333333333,0.3333333333333333,-2.5384615384615383,2.5384615384615383,2.515151515151515,2.515151515151515,-2.923076923076923,2.923076923076923,-2.5384615384615383,2.5384615384615383,0,0,1,0,2.051019296010176,-2.894117311990023
2023-08-03 22:00:00,27264,27282,27266,27257,27256,27255,27283,27283,1633,1767,1,1,2,-7,27,28,17,1,8,2,9,25,3,8.5,8.5,-0.14285714285714285,0.14285714285714285,4.0,4.0,-0.2857142857142857,0.2857142857142857,12.5,12.5,-0.42857142857142855,0.42857142857142855,-0.2857142857142857,0.2857142857142857,0,0,1,0,1.0392213007142996,-3.679182838467306
2023-08-07 16:00:00,26763,26896,26863,26761,26747,26720,26893,26898,15639,29096,1,1,100,-2,146,178,30,2,16,41,102,46,43,0.3,0.3,-1.0,1.0,0.16,0.16,-20.5,20.5,0.46,0.46,-21.5,21.5,-50.0,50.0,0,0,1,0,2.6600180377480758,-1.6620238819909616
2023-08-08 13:00:00,26271,26316,26315,26270,26234,26165,26324,26316,22042,18198,1,1,44,-1,90,151,9,0,37,105,45,46,105,0.20454545454545456,0.20454545454545456,-0.0,0.0,0.8409090909090909,0.8409090909090909,-105.0,105.0,1.0454545454545454,1.0454545454545454,-105.0,105.0,-44.0,44.0,0,0,1,0,3.846455270269848,0.5128860116712352
2023-08-08 21:00:00,26702,26819,26706,26701,26652,26662,26711,26837,2304,7510,1,1,4,-1,59,175,5,18,50,39,5,55,57,1.25,1.25,-18.0,18.0,12.5,12.5,-39.0,39.0,13.75,13.75,-57.0,57.0,-4.0,4.0,0,0,1,0,2.6637232521652336,-1.177012619153801
2023-08-15 16:00:00,26665,26731,26676,26663,26640,26570,26714,26742,10203,18484,1,1,11,-2,74,172,38,11,25,93,13,63,104,3.4545454545454546,3.4545454545454546,-5.5,5.5,2.272727272727273,2.272727272727273,-46.5,46.5,5.7272727272727275,5.7272727272727275,-52.0,52.0,-5.5,5.5,0,0,1,0,2.89950100921069,-1.0722912689768214
2023-08-15 23:00:00,26357,26447,26386,26356,26324,26356,26389,26450,4015,5179,1,1,29,-1,65,94,3,3,33,0,30,36,3,0.10344827586206896,0.10344827586206896,-3.0,3.0,1.1379310344827587,1.1379310344827587,-0.0,0.0,1.2413793103448276,1.2413793103448276,-3.0,3.0,-29.0,29.0,0,0,1,0,1.2085758025551532,-3.3011911992926883
2023-08-17 13:00:00,25892,26091,25945,25889,25832,25840,26000,26107,22746,36363,1,1,53,-3,168,267,55,16,60,49,56,115,65,1.0377358490566038,1.0377358490566038,-5.333333333333333,5.333333333333333,1.1320754716981132,1.1320754716981132,-16.333333333333332,16.333333333333332,2.169811320754717,2.169811320754717,-21.666666666666668,21.666666666666668,-17.666666666666668,17.666666666666668,0,0,1,0,2.8643315578504636,-1.0120942630284406
2023-08-22 15:00:00,26347,26374,26355,26346,26297,26306,26387,26397,6307,7923,1,1,8,-1,90,91,32,23,50,40,9,82,63,4.0,4.0,-23.0,23.0,6.25,6.25,-40.0,40.0,10.25,10.25,-63.0,63.0,-8.0,8.0,0,0,1,0,2.8250414838562765,-0.8929010776992075
2023-08-22 16:00:00,26359,26347,26325,26355,26314,26297,26427,26387,14562,6307,1,1,-34,-4,113,90,68,32,11,50,-30,79,82,-2.0,2.0,-8.0,8.0,-0.3235294117647059,0.3235294117647059,-12.5,12.5,-2.323529411764706,2.323529411764706,-20.5,20.5,8.5,8.5,0,0,1,0,1.9918427513060544,-2.373589945749261
2023-08-22 17:00:00,26326,26359,26349,26325,26314,26314,26370,26427,6708,14562,1,1,23,-1,56,113,21,68,12,11,24,33,79,0.9130434782608695,0.9130434782608695,-68.0,68.0,0.5217391304347826,0.5217391304347826,-11.0,11.0,1.434782608695652,1.434782608695652,-79.0,79.0,-23.0,23.0,0,0,1,0,2.8925014415626227,-0.9201003790992843
2023-08-28 14:00:00,26669,26733,26707,26668,26611,26644,26709,26760,10673,16186,1,1,38,-1,98,116,2,27,58,24,39,60,51,0.05263157894736842,0.05263157894736842,-27.0,27.0,1.5263157894736843,1.5263157894736843,-24.0,24.0,1.5789473684210527,1.5789473684210527,-51.0,51.0,-38.0,38.0,0,0,1,0,2.7310052929117186,-1.3681326338762636
2023-09-01 12:00:00,26667,26743,26712,26661,26656,26634,26739,26747,8504,17107,1,1,45,-6,83,113,27,4,11,27,51,38,31,0.6,0.6,-0.6666666666666666,0.6666666666666666,0.24444444444444444,0.24444444444444444,-4.5,4.5,0.8444444444444444,0.8444444444444444,-5.166666666666667,5.166666666666667,-7.5,7.5,0,0,1,0,1.5564494982986592,-3.0976309656361742
2023-09-01 21:00:00,26705,26715,26709,26703,26699,26703,26732,26723,1637,879,1,1,4,-2,33,20,23,8,6,0,6,29,8,5.75,5.75,-4.0,4.0,1.5,1.5,-0.0,0.0,7.25,7.25,-4.0,4.0,-2.0,2.0,0,0,1,0,0.9316842028659523,-3.619548687368995
2023-09-05 13:00:00,26748,26905,26819,26745,26690,26702,26841,27002,24985,53107,1,1,71,-3,151,300,22,97,58,43,74,80,140,0.30985915492957744,0.30985915492957744,-32.333333333333336,32.333333333333336,0.8169014084507042,0.8169014084507042,-14.333333333333334,14.333333333333334,1.1267605633802817,1.1267605633802817,-46.666666666666664,46.666666666666664,-23.666666666666668,23.666666666666668,0,0,1,0,3.864305503794803,-0.06230121136757835
2023-09-05 21:00:00,26604,26659,26649,26602,26590,26572,26653,26693,4167,7649,1,1,45,-2,63,121,4,34,14,30,47,18,64,0.08888888888888889,0.08888888888888889,-17.0,17.0,0.3111111111111111,0.3111111111111111,-15.0,15.0,0.4,0.4,-32.0,32.0,-22.5,22.5,0,0,1,0,2.094331668467534,-2.3162958336061314
2023-09-06 15:00:00,26383,26469,26421,26381,26360,26365,26447,26534,10522,18825,1,1,38,-2,87,169,26,65,23,16,40,49,81,0.6842105263157895,0.6842105263157895,-32.5,32.5,0.6052631578947368,0.6052631578947368,-8.0,8.0,1.2894736842105263,1.2894736842105263,-40.5,40.5,-19.0,19.0,0,0,1,0,2.5970335068403902,-1.53144970801739
2023-09-08 11:00:00,25679,25929,25756,25677,25410,25612,25790,26005,65619,82678,1,1,77,-2,380,393,34,76,269,65,79,303,141,0.44155844155844154,0.44155844155844154,-38.0,38.0,3.4935064935064934,3.4935064935064934,-32.5,32.5,3.935064935064935,3.935064935064935,-70.5,70.5,-38.5,38.5,0,0,1,4,6.132375527892108,3.4477794463224547
2023-09-08 12:00:00,25755,25679,25671,25756,25658,25410,25811,25790,19728,65619,1,1,-84,1,153,380,56,34,13,269,-85,69,303,-0.6666666666666666,0.6666666666666666,34.0,34.0,-0.15476190476190477,0.15476190476190477,269.0,269.0,-0.8214285714285714,0.8214285714285714,303.0,303.0,-84.0,84.0,0,0,1,3,3.731888892874334,0.17973424868105908
2023-09-08 13:00:00,25672,25755,25743,25671,25655,25658,25778,25811,11068,19728,1,1,71,-1,123,153,35,56,17,13,72,52,69,0.49295774647887325,0.49295774647887325,-56.0,56.0,0.23943661971830985,0.23943661971830985,-13.0,13.0,0.7323943661971831,0.7323943661971831,-69.0,69.0,-71.0,71.0,0,0,1,0,3.335101241544066,-0.17018187999846385
2023-09-08 17:00:00,25761,25804,25794,25760,25746,25736,25808,25833,5766,10274,1,1,33,-1,62,97,14,29,15,24,34,29,53,0.42424242424242425,0.42424242424242425,-29.0,29.0,0.45454545454545453,0.45454545454545453,-24.0,24.0,0.8787878787878788,0.8787878787878788,-53.0,53.0,-33.0,33.0,0,0,1,0,2.2025773924258667,-1.5971874546826765
2023-09-13 14:00:00,26034,26283,26045,26031,26000,26002,26149,26283,23273,31531,1,1,11,-3,149,281,104,0,34,29,14,138,29,9.454545454545455,9.454545454545455,-0.0,0.0,3.090909090909091,3.090909090909091,-9.666666666666666,9.666666666666666,12.545454545454545,12.545454545454545,-9.666666666666666,9.666666666666666,-3.6666666666666665,3.6666666666666665,0,0,1,0,2.4985120839495885,-1.2608814762593827
2023-09-13 20:00:00,25920,26018,25950,25916,25915,25650,25962,26060,2133,13595,1,1,30,-4,47,410,12,42,5,266,34,17,308,0.4,0.4,-10.5,10.5,0.16666666666666666,0.16666666666666666,-66.5,66.5,0.5666666666666667,0.5666666666666667,-77.0,77.0,-7.5,7.5,0,0,1,4,4.509964912243621,0.8802356773853325
2023-09-13 23:00:00,25844,25964,25880,25836,25826,25830,25892,25974,2313,5373,1,1,36,-8,66,144,12,10,18,6,44,30,16,0.3333333333333333,0.3333333333333333,-1.25,1.25,0.5,0.5,-0.75,0.75,0.8333333333333334,0.8333333333333334,-2.0,2.0,-4.5,4.5,0,0,1,0,1.1397249331218589,-3.36958499666118
2023-09-18 18:00:00,25960,26081,25988,25959,25956,25952,26002,26087,6709,10507,1,1,28,-1,46,135,14,6,4,7,29,18,13,0.5,0.5,-6.0,6.0,0.14285714285714285,0.14285714285714285,-7.0,7.0,0.6428571428571429,0.6428571428571429,-13.0,13.0,-28.0,28.0,0,0,1,0,1.234956904551947,-2.9891402277807124
2023-09-18 23:00:00,25915,25981,25948,25913,25909,25901,25949,25981,1195,4388,1,1,33,-2,40,80,1,0,6,12,35,7,12,0.030303030303030304,0.030303030303030304,-0.0,0.0,0.18181818181818182,0.18181818181818182,-6.0,6.0,0.21212121212121213,0.21212121212121213,-6.0,6.0,-16.5,16.5,0,0,1,0,0.8732901469271012,-3.5165527056709873
2023-09-19 13:00:00,25617,25713,25624,25615,25513,25568,25667,25717,40181,32052,1,1,7,-2,154,149,43,4,104,47,9,147,51,6.142857142857143,6.142857142857143,-2.0,2.0,14.857142857142858,14.857142857142858,-23.5,23.5,21.0,21.0,-25.5,25.5,-3.5,3.5,0,0,1,0,2.653188384908389,-0.29851513179737776
2023-09-19 18:00:00,25242,25375,25327,25236,25228,25200,25366,25408,15400,22779,1,1,85,-6,138,208,39,33,14,36,91,53,69,0.4588235294117647,0.4588235294117647,-5.5,5.5,0.16470588235294117,0.16470588235294117,-6.0,6.0,0.6235294117647059,0.6235294117647059,-11.5,11.5,-14.166666666666666,14.166666666666666,0,0,1,0,2.136023169668844,-1.8058126946515294
2023-09-20 14:00:00,26299,26425,26409,26291,26278,26255,26456,26488,12904,15519,1,1,110,-8,178,233,47,63,21,36,118,68,99,0.42727272727272725,0.42727272727272725,-7.875,7.875,0.19090909090909092,0.19090909090909092,-4.5,4.5,0.6181818181818182,0.6181818181818182,-12.375,12.375,-13.75,13.75,0,0,1,0,2.981026677929545,-1.531404974525339
2023-09-21 23:00:00,25888,25938,25898,25881,25866,25874,25914,25945,2341,2526,1,1,10,-7,48,71,16,7,22,7,17,38,14,1.6,1.6,-1.0,1.0,2.2,2.2,-1.0,1.0,3.8,3.8,-2.0,2.0,-1.4285714285714286,1.4285714285714286,0,0,1,0,0.93338261111256,-3.4729858088749643
2023-10-04 20:00:00,26826,26892,26881,26823,26809,26818,26900,26900,2668,2449,1,1,55,-3,91,82,19,8,17,5,58,36,13,0.34545454545454546,0.34545454545454546,-2.6666666666666665,2.6666666666666665,0.3090909090909091,0.3090909090909091,-1.6666666666666667,1.6666666666666667,0.6545454545454545,0.6545454545454545,-4.333333333333333,4.333333333333333,-18.333333333333332,18.333333333333332,0,0,1,0,1.5140128734440879,-3.3115267217639905
2023-10-04 23:00:00,26870,26892,26883,26869,26865,26863,26904,26918,1098,1487,1,1,13,-1,39,55,21,26,5,6,14,26,32,1.6153846153846154,1.6153846153846154,-26.0,26.0,0.38461538461538464,0.38461538461538464,-6.0,6.0,2.0,2.0,-32.0,32.0,-13.0,13.0,0,0,1,0,1.6803108781423548,-2.856845049946854
2023-10-12 09:00:00,26853,27033,26916,26852,26605,26800,26968,27035,16508,18211,1,1,63,-1,363,235,52,2,248,52,64,300,54,0.8253968253968254,0.8253968253968254,-2.0,2.0,3.9365079365079363,3.9365079365079363,-52.0,52.0,4.761904761904762,4.761904761904762,-54.0,54.0,-63.0,63.0,0,0,1,4,5.471329755799027,1.4337114704401657
2023-10-17 19:00:00,27881,27933,27905,27866,27850,27861,27927,27948,2420,7704,1,1,24,-15,77,87,22,15,31,5,39,53,20,0.9166666666666666,0.9166666666666666,-1.0,1.0,1.2916666666666667,1.2916666666666667,-0.3333333333333333,0.3333333333333333,2.2083333333333335,2.2083333333333335,-1.3333333333333333,1.3333333333333333,-1.6,1.6,0,0,1,0,1.7700034266926052,-3.6542339502772583
2023-10-19 10:00:00,27478,27573,27489,27471,27477,27425,27562,27573,25698,8637,1,1,11,-7,85,148,73,0,1,46,18,74,46,6.636363636363637,6.636363636363637,-0.0,0.0,0.09090909090909091,0.09090909090909091,-6.571428571428571,6.571428571428571,6.7272727272727275,6.7272727272727275,-6.571428571428571,6.571428571428571,-1.5714285714285714,1.5714285714285714,0,0,1,0,2.091368847514748,-2.6231480353168806
2023-10-20 11:00:00,27495,27610,27500,27493,27425,27480,27537,27715,30855,39943,1,1,5,-2,112,235,37,105,70,13,7,107,118,7.4,7.4,-52.5,52.5,14.0,14.0,-6.5,6.5,21.4,21.4,-59.0,59.0,-2.5,2.5,0,0,1,0,3.9412452895500625,0.4225965010872493
2023-10-20 22:00:00,27686,27738,27737,27685,27686,27680,27737,27738,1869,5064,1,1,51,-1,51,58,0,0,0,5,52,0,5,0.0,0.0,-0.0,0.0,0.0,0.0,-5.0,5.0,0.0,0.0,-5.0,5.0,-51.0,51.0,0,0,1,0,1.4841435004619643,-3.574336418473067
2023-10-23 14:00:00,27839,27935,27854,27837,27782,27821,27860,27935,18381,21153,1,1,15,-2,78,114,6,0,57,16,17,63,16,0.4,0.4,-0.0,0.0,3.8,3.8,-8.0,8.0,4.2,4.2,-8.0,8.0,-7.5,7.5,0,0,1,0,1.7972022999113841,-3.0304679051091954
2023-10-23 17:00:00,27785,27851,27810,27783,27780,27753,27839,27855,6679,13972,1,1,25,-2,59,102,29,4,5,30,27,34,34,1.16,1.16,-2.0,2.0,0.2,0.2,-15.0,15.0,1.36,1.36,-17.0,17.0,-12.5,12.5,0,0,1,0,1.8775852555975707,-3.076323212608284
2023-10-23 23:00:00,27735,27838,27741,27734,27725,27708,27788,27846,3255,7836,1,1,6,-1,63,138,47,8,10,26,7,57,34,7.833333333333333,7.833333333333333,-8.0,8.0,1.6666666666666667,1.6666666666666667,-26.0,26.0,9.5,9.5,-34.0,34.0,-6.0,6.0,0,0,1,0,2.3472318960529157,-2.2621451176290766
2023-10-24 16:00:00,27802,27829,27813,27801,27758,27750,27816,27843,5993,14103,1,1,11,-1,58,93,3,14,44,51,12,47,65,0.2727272727272727,0.2727272727272727,-14.0,14.0,4.0,4.0,-51.0,51.0,4.2727272727272725,4.2727272727272725,-65.0,65.0,-11.0,11.0,0,0,1,0,2.8738864584716173,-1.570181641386202
2023-10-26 15:00:00,27900,28093,27952,27899,27884,27877,27975,28114,13092,71583,1,1,52,-1,91,237,23,21,16,22,53,39,43,0.4423076923076923,0.4423076923076923,-21.0,21.0,0.3076923076923077,0.3076923076923077,-22.0,22.0,0.75,0.75,-43.0,43.0,-52.0,52.0,0,0,1,0,3.0228878204038168,-1.3065733425759996
2023-10-27 09:00:00,27694,27777,27729,27669,27683,27650,27779,27777,7433,5791,1,1,35,-25,96,127,50,0,11,19,60,61,19,1.4285714285714286,1.4285714285714286,-0.0,0.0,0.3142857142857143,0.3142857142857143,-0.76,0.76,1.7428571428571429,1.7428571428571429,-0.76,0.76,-1.4,1.4,0,0,1,0,2.013400583278617,-3.4993833053987453
2023-10-27 15:00:00,27468,27527,27506,27467,27386,27411,27544,27580,25065,26689,1,1,38,-1,158,169,38,53,82,56,39,120,109,1.0,1.0,-53.0,53.0,2.1578947368421053,2.1578947368421053,-56.0,56.0,3.1578947368421053,3.1578947368421053,-109.0,109.0,-38.0,38.0,0,0,1,4,4.8851902493001145,1.1395258459403999
2023-11-02 11:00:00,27593,27672,27644,27588,27512,27565,27649,27700,20985,29195,1,1,51,-5,137,135,5,28,81,23,56,86,51,0.09803921568627451,0.09803921568627451,-5.6,5.6,1.588235294117647,1.588235294117647,-4.6,4.6,1.6862745098039216,1.6862745098039216,-10.2,10.2,-10.2,10.2,0,0,1,0,2.470707821450403,-2.3177422846605005
2023-11-06 22:00:00,27908,27947,27912,27907,27890,27890,27918,27958,1492,3685,1,1,4,-1,28,68,6,11,18,17,5,24,28,1.5,1.5,-11.0,11.0,4.5,4.5,-17.0,17.0,6.0,6.0,-28.0,28.0,-4.0,4.0,0,0,1,0,1.7669397553893444,-3.093345440765835
2023-11-08 14:00:00,28255,28307,28269,28242,28240,28214,28368,28312,16299,24055,1,1,14,-13,128,98,99,5,15,28,27,114,33,7.071428571428571,7.071428571428571,-0.38461538461538464,0.38461538461538464,1.0714285714285714,1.0714285714285714,-2.1538461538461537,2.1538461538461537,8.142857142857142,8.142857142857142,-2.5384615384615383,2.5384615384615383,-1.0769230769230769,1.0769230769230769,0,0,1,0,2.5169485934555658,-2.619452762429214
2023-11-09 11:00:00,28224,28377,28269,28221,28157,28210,28317,28440,34780,58086,1,1,45,-3,160,230,48,63,67,11,48,115,74,1.0666666666666667,1.0666666666666667,-21.0,21.0,1.488888888888889,1.488888888888889,-3.6666666666666665,3.6666666666666665,2.5555555555555554,2.5555555555555554,-24.666666666666668,24.666666666666668,-15.0,15.0,0,0,1,0,3.4246076654070743,-1.1748540259896658
2023-11-10 09:00:00,28251,28283,28259,28230,28198,28220,28297,28283,5894,3818,1,1,8,-21,99,63,38,0,53,10,29,91,10,4.75,4.75,-0.0,0.0,6.625,6.625,-0.47619047619047616,0.47619047619047616,11.375,11.375,-0.47619047619047616,0.47619047619047616,-0.38095238095238093,0.38095238095238093,0,0,1,0,2.1354798713538465,-3.241495225349032
2023-11-13 20:00:00,28886,28924,28911,28885,28866,28850,28930,28964,3352,8886,1,1,25,-1,64,114,19,40,20,35,26,39,75,0.76,0.76,-40.0,40.0,0.8,0.8,-35.0,35.0,1.56,1.56,-75.0,75.0,-25.0,25.0,0,0,1,0,3.5151427361594902,-1.453247168386644
2023-11-14 15:00:00,28587,28768,28652,28582,28515,28561,28670,28768,27889,37476,1,1,65,-5,155,207,18,0,72,21,70,90,21,0.27692307692307694,0.27692307692307694,-0.0,0.0,1.1076923076923078,1.1076923076923078,-4.2,4.2,1.3846153846153846,1.3846153846153846,-4.2,4.2,-13.0,13.0,0,0,1,0,2.6644990198942318,-2.5198549056026587
2023-11-15 12:00:00,28421,28476,28439,28418,28387,28325,28497,28491,20035,30314,1,1,18,-3,110,166,58,15,34,93,21,92,108,3.2222222222222223,3.2222222222222223,-5.0,5.0,1.8888888888888888,1.8888888888888888,-31.0,31.0,5.111111111111111,5.111111111111111,-36.0,36.0,-6.0,6.0,0,0,1,0,3.388105378407993,-1.3447953668659665
2023-11-15 20:00:00,28759,28802,28763,28758,28754,28740,28797,28810,3017,6937,1,1,4,-1,43,70,34,8,5,18,5,39,26,8.5,8.5,-8.0,8.0,1.25,1.25,-18.0,18.0,9.75,9.75,-26.0,26.0,-4.0,4.0,0,0,1,0,2.1203123611721884,-2.974667341576734
2023-11-16 10:00:00,28712,28792,28730,28711,28672,28711,28860,28792,34763,5018,1,1,18,-1,188,81,130,0,40,0,19,170,0,7.222222222222222,7.222222222222222,-0.0,0.0,2.2222222222222223,2.2222222222222223,-0.0,0.0,9.444444444444445,9.444444444444445,-0.0,0.0,-18.0,18.0,0,0,1,0,2.8777533906073893,-2.21191086451857
2023-11-17 12:00:00,28349,28609,28471,28348,28329,28271,28512,28642,17157,52510,1,1,122,-1,183,371,41,33,20,77,123,61,110,0.3360655737704918,0.3360655737704918,-33.0,33.0,0.16393442622950818,0.16393442622950818,-77.0,77.0,0.5,0.5,-110.0,110.0,-122.0,122.0,0,0,1,4,5.989361448896729,2.024448943053949
2023-11-20 20:00:00,28722,28760,28747,28721,28716,28556,28757,28790,2164,14644,1,1,25,-1,41,234,10,30,6,165,26,16,195,0.4,0.4,-30.0,30.0,0.24,0.24,-165.0,165.0,0.64,0.64,-195.0,195.0,-25.0,25.0,0,0,1,4,6.17693789264467,2.3235329198319308
2023-11-28 09:00:00,28463,28493,28471,28439,28438,28437,28505,28493,4338,3389,1,1,8,-24,67,56,34,0,25,2,32,59,2,4.25,4.25,-0.0,0.0,3.125,3.125,-0.08333333333333333,0.08333333333333333,7.375,7.375,-0.08333333333333333,0.08333333333333333,-0.3333333333333333,0.3333333333333333,0,0,1,0,1.8265235025811712,-3.8348796953274413
2023-11-28 23:00:00,28245,28280,28274,28244,28244,28200,28285,28280,1827,8446,1,1,29,-1,41,80,11,0,1,44,30,12,44,0.3793103448275862,0.3793103448275862,-0.0,0.0,0.034482758620689655,0.034482758620689655,-44.0,44.0,0.41379310344827586,0.41379310344827586,-44.0,44.0,-29.0,29.0,0,0,1,0,2.379234995973348,-2.5848393297220107
2023-11-29 21:00:00,27964,28031,27987,27960,27956,27940,28016,28031,2313,4881,1,1,23,-4,60,91,29,0,8,20,27,37,20,1.2608695652173914,1.2608695652173914,-0.0,0.0,0.34782608695652173,0.34782608695652173,-5.0,5.0,1.608695652173913,1.608695652173913,-5.0,5.0,-5.75,5.75,0,0,1,0,1.6196925697614386,-3.6491136477547643
2023-11-30 11:00:00,27753,27933,27808,27752,27629,27705,27828,27933,41346,58129,1,1,55,-1,199,228,20,0,124,47,56,144,47,0.36363636363636365,0.36363636363636365,-0.0,0.0,2.2545454545454544,2.2545454545454544,-47.0,47.0,2.618181818181818,2.618181818181818,-47.0,47.0,-55.0,55.0,0,0,1,0,3.981504979205584,-0.042147373249666054
2023-11-30 15:00:00,27833,27895,27869,27830,27826,27807,27946,27899,18554,7605,1,1,36,-3,120,92,77,4,7,23,39,84,27,2.138888888888889,2.138888888888889,-1.3333333333333333,1.3333333333333333,0.19444444444444445,0.19444444444444445,-7.666666666666667,7.666666666666667,2.3333333333333335,2.3333333333333335,-9.0,9.0,-12.0,12.0,0,0,1,0,2.2429982039205734,-2.76126206676097
2023-12-01 11:00:00,27787,27965,27944,27786,27745,27745,27987,28023,23726,36769,1,1,157,-1,242,278,43,58,42,41,158,85,99,0.27388535031847133,0.27388535031847133,-58.0,58.0,0.267515923566879,0.267515923566879,-41.0,41.0,0.5414012738853503,0.5414012738853503,-99.0,99.0,-157.0,157.0,0,0,1,4,6.112968757792035,2.2879066796417065
2023-12-04 14:00:00,27480,27684,27540,27479,27480,27430,27586,27747,6723,40985,1,1,60,-1,106,317,46,63,0,49,61,46,112,0.7666666666666667,0.7666666666666667,-63.0,63.0,0.0,0.0,-49.0,49.0,0.7666666666666667,0.7666666666666667,-112.0,112.0,-60.0,60.0,0,0,1,4,4.847847209837552,1.0010701402238682
2023-12-07 15:00:00,26509,26768,26655,26508,26502,26507,26718,26777,24880,22359,1,1,146,-1,216,270,63,9,7,1,147,70,10,0.4315068493150685,0.4315068493150685,-9.0,9.0,0.04794520547945205,0.04794520547945205,-1.0,1.0,0.4794520547945205,0.4794520547945205,-10.0,10.0,-146.0,146.0,0,0,1,0,3.495404236923119,-0.6273140195614408
2023-12-07 20:00:00,26711,26739,26718,26709,26658,26641,26734,26778,3507,9085,1,1,7,-2,76,137,16,39,53,68,9,69,107,2.2857142857142856,2.2857142857142856,-19.5,19.5,7.571428571428571,7.571428571428571,-34.0,34.0,9.857142857142858,9.857142857142858,-53.5,53.5,-3.5,3.5,0,0,1,0,2.9754001793402645,-0.9952668298292713
2023-12-12 18:00:00,25966,26176,26020,25965,25921,25926,26079,26224,21457,47420,1,1,54,-1,158,298,59,48,45,39,55,104,87,1.0925925925925926,1.0925925925925926,-48.0,48.0,0.8333333333333334,0.8333333333333334,-39.0,39.0,1.9259259259259258,1.9259259259259258,-87.0,87.0,-54.0,54.0,0,0,1,4,4.284784372694298,1.0519601983314966
2023-12-15 19:00:00,26823,26870,26851,26822,26794,26772,26892,26920,7509,17779,1,1,28,-1,98,148,41,50,29,50,29,70,100,1.4642857142857142,1.4642857142857142,-50.0,50.0,1.0357142857142858,1.0357142857142858,-50.0,50.0,2.5,2.5,-100.0,100.0,-28.0,28.0,0,0,1,0,3.9506555022663026,0.17401954494273333
2023-12-20 20:00:00,27861,27941,27882,27860,27830,27816,27900,27975,3665,7440,1,1,21,-1,70,159,18,34,31,44,22,49,78,0.8571428571428571,0.8571428571428571,-34.0,34.0,1.4761904761904763,1.4761904761904763,-44.0,44.0,2.3333333333333335,2.3333333333333335,-78.0,78.0,-21.0,21.0,0,0,1,0,3.4427149021773844,-1.0588132149492417
2023-12-21 09:00:00,27875,27911,27894,27874,27870,27870,27913,27921,5261,1459,1,1,19,-1,43,51,19,10,5,4,20,24,14,1.0,1.0,-10.0,10.0,0.2631578947368421,0.2631578947368421,-4.0,4.0,1.263157894736842,1.263157894736842,-14.0,14.0,-19.0,19.0,0,0,1,0,1.5536151054833174,-3.529872936366728
2023-12-21 10:00:00,27888,27875,27767,27894,27746,27870,27927,27913,46611,5261,1,1,-121,6,181,43,39,19,21,5,-127,60,24,-0.32231404958677684,0.32231404958677684,3.1666666666666665,3.1666666666666665,-0.17355371900826447,0.17355371900826447,0.8333333333333334,0.8333333333333334,-0.49586776859504134,0.49586776859504134,4.0,4.0,-20.166666666666668,20.166666666666668,0,0,1,0,1.2087435763627825,-3.455290761235791
2023-12-21 11:00:00,27770,27888,27798,27767,27701,27746,27869,27927,26278,46611,1,1,28,-3,168,181,71,39,69,21,31,140,60,2.5357142857142856,2.5357142857142856,-13.0,13.0,2.4642857142857144,2.4642857142857144,-7.0,7.0,5.0,5.0,-20.0,20.0,-9.333333333333334,9.333333333333334,0,0,1,0,3.1876407945874314,-1.3233371074286469
2023-12-27 10:00:00,28343,28410,28386,28340,28277,28285,28433,28428,18727,6086,1,1,43,-3,156,143,47,18,66,55,46,113,73,1.0930232558139534,1.0930232558139534,-6.0,6.0,1.5348837209302326,1.5348837209302326,-18.333333333333332,18.333333333333332,2.627906976744186,2.627906976744186,-24.333333333333332,24.333333333333332,-14.333333333333334,14.333333333333334,0,0,1,0,3.2891319426159096,-1.7894142533256343
2024-01-04 13:00:00,28424,28529,28433,28419,28408,28414,28463,28531,7642,12546,1,1,9,-5,55,117,30,2,16,5,14,46,7,3.3333333333333335,3.3333333333333335,-0.4,0.4,1.7777777777777777,1.7777777777777777,-1.0,1.0,5.111111111111111,5.111111111111111,-1.4,1.4,-1.8,1.8,0,0,1,0,1.643058020911004,-3.6725841210144328
2024-01-08 21:00:00,28636,28663,28651,28632,28622,28613,28657,28666,2214,2018,1,1,15,-4,35,53,6,3,14,19,19,20,22,0.4,0.4,-0.75,0.75,0.9333333333333333,0.9333333333333333,-4.75,4.75,1.3333333333333333,1.3333333333333333,-5.5,5.5,-3.75,3.75,0,0,1,0,1.5189870109490227,-4.0382328224178226
2024-01-09 14:00:00,28503,28528,28520,28502,28440,28500,28548,28530,14446,4809,1,1,17,-1,108,30,28,2,63,2,18,91,4,1.6470588235294117,1.6470588235294117,-2.0,2.0,3.7058823529411766,3.7058823529411766,-2.0,2.0,5.352941176470588,5.352941176470588,-4.0,4.0,-17.0,17.0,0,0,1,0,2.0355309833223996,-3.182329346460186
2024-01-10 09:00:00,28510,28570,28540,28501,28479,28500,28553,28579,3814,3052,1,1,30,-9,74,79,13,9,31,1,39,44,10,0.43333333333333335,0.43333333333333335,-1.0,1.0,1.0333333333333334,1.0333333333333334,-0.1111111111111111,0.1111111111111111,1.4666666666666666,1.4666666666666666,-1.1111111111111112,1.1111111111111112,-3.3333333333333335,3.3333333333333335,0,0,1,0,1.7380084980717414,-3.9003186445358176
2024-01-10 14:00:00,28469,28532,28519,28468,28461,28450,28525,28536,5409,7939,1,1,50,-1,64,86,6,4,8,18,51,14,22,0.12,0.12,-4.0,4.0,0.16,0.16,-18.0,18.0,0.28,0.28,-22.0,22.0,-50.0,50.0,0,0,1,0,2.223150828551993,-2.9758277385029115
2024-01-10 19:00:00,28506,28524,28507,28496,28501,28469,28516,28546,1116,6558,1,1,1,-10,15,77,9,22,5,27,11,14,49,9.0,9.0,-2.2,2.2,5.0,5.0,-2.7,2.7,14.0,14.0,-4.9,4.9,-0.1,0.1,0,0,1,0,1.746344084903721,-3.409730361505133
2024-01-12 11:00:00,28451,28523,28499,28449,28401,28401,28539,28624,15180,35692,1,1,48,-2,138,223,40,101,50,48,50,90,149,0.8333333333333334,0.8333333333333334,-50.5,50.5,1.0416666666666667,1.0416666666666667,-24.0,24.0,1.875,1.875,-74.5,74.5,-24.0,24.0,0,0,1,0,4.657321369341002,0.10011582824601466
2024-01-16 12:00:00,28345,28376,28348,28343,28300,28327,28380,28376,13226,12403,1,1,3,-2,80,49,32,0,45,16,5,77,16,10.666666666666666,10.666666666666666,-0.0,0.0,15.0,15.0,-8.0,8.0,25.666666666666668,25.666666666666668,-8.0,8.0,-1.5,1.5,0,0,1,0,2.1116382337139976,-2.328768363428103
2024-01-18 21:00:00,28580,28594,28583,28579,28548,28554,28594,28594,2527,1872,1,1,3,-1,46,40,11,0,32,25,4,43,25,3.6666666666666665,3.6666666666666665,-0.0,0.0,10.666666666666666,10.666666666666666,-25.0,25.0,14.333333333333334,14.333333333333334,-25.0,25.0,-3.0,3.0,0,0,1,0,2.070988556322068,-2.821948826623132
2024-01-18 22:00:00,28583,28580,28560,28583,28560,28548,28600,28594,1391,2527,1,1,-23,0,40,46,17,11,0,32,-23,17,43,-0.7391304347826086,0.7391304347826086,100.0,100.0,-0.0,0.0,100.0,100.0,-0.7391304347826086,0.7391304347826086,100.0,100.0,0.0,0.0,0,1,1,3,1.1471907833234176,-4.67734840157756
2024-01-18 23:00:00,28562,28583,28573,28560,28553,28560,28585,28600,1106,1391,1,1,11,-2,32,40,12,17,9,0,13,21,17,1.0909090909090908,1.0909090909090908,-8.5,8.5,0.8181818181818182,0.8181818181818182,-0.0,0.0,1.9090909090909092,1.9090909090909092,-8.5,8.5,-5.5,5.5,0,0,1,0,1.4936529625671906,-3.9785721257779048
2024-01-22 20:00:00,28268,28303,28274,28267,28265,28264,28284,28320,1186,2141,1,1,6,-1,19,56,10,17,3,3,7,13,20,1.6666666666666667,1.6666666666666667,-17.0,17.0,0.5,0.5,-3.0,3.0,2.1666666666666665,2.1666666666666665,-20.0,20.0,-6.0,6.0,0,0,1,0,1.545803053055497,-3.6747243744739366
2024-01-23 10:00:00,28219,28290,28242,28217,28180,28033,28305,28310,19847,14768,1,1,23,-2,125,277,63,20,39,184,25,102,204,2.739130434782609,2.739130434782609,-10.0,10.0,1.6956521739130435,1.6956521739130435,-92.0,92.0,4.434782608695652,4.434782608695652,-102.0,102.0,-11.5,11.5,0,0,1,4,5.361493540285911,1.1916437958023696
2024-01-25 11:00:00,27890,28125,27924,27889,27885,27828,27940,28133,19206,72942,1,1,34,-1,55,305,16,8,5,61,35,21,69,0.47058823529411764,0.47058823529411764,-8.0,8.0,0.14705882352941177,0.14705882352941177,-61.0,61.0,0.6176470588235294,0.6176470588235294,-69.0,69.0,-34.0,34.0,0,0,1,0,3.3183098181637134,-0.7434412997116208
2024-01-26 20:00:00,27927,27949,27932,27925,27907,27906,27939,27983,2267,5890,1,1,5,-2,32,77,7,34,20,19,7,27,53,1.4,1.4,-17.0,17.0,4.0,4.0,-9.5,9.5,5.4,5.4,-26.5,26.5,-2.5,2.5,0,0,1,0,1.957639135057427,-2.938372486407475
2024-01-30 16:00:00,28185,28268,28233,28184,28183,28177,28234,28276,4896,17721,1,1,48,-1,51,99,1,8,2,7,49,3,15,0.020833333333333332,0.020833333333333332,-8.0,8.0,0.041666666666666664,0.041666666666666664,-7.0,7.0,0.0625,0.0625,-15.0,15.0,-48.0,48.0,0,0,1,0,1.8840507182469481,-3.207944524145745
2024-01-31 11:00:00,28205,28237,28211,28202,28154,28159,28249,28297,11100,29001,1,1,6,-3,95,138,38,60,51,43,9,89,103,6.333333333333333,6.333333333333333,-20.0,20.0,8.5,8.5,-14.333333333333334,14.333333333333334,14.833333333333334,14.833333333333334,-34.333333333333336,34.333333333333336,-2.0,2.0,0,0,1,0,3.2440569360283846,-1.2011962968123953
2024-02-01 09:00:00,28257,28272,28260,28254,28234,28254,28285,28274,5937,1504,1,1,3,-3,51,20,25,2,23,0,6,48,2,8.333333333333334,8.333333333333334,-0.6666666666666666,0.6666666666666666,7.666666666666667,7.666666666666667,-0.0,0.0,16.0,16.0,-0.6666666666666666,0.6666666666666666,-1.0,1.0,0,0,1,0,1.485413365134567,-3.4443026998868502
2024-02-02 11:00:00,28285,28358,28306,28284,28251,28220,28327,28367,15818,31555,1,1,21,-1,76,147,21,9,34,64,22,55,73,1.0,1.0,-9.0,9.0,1.619047619047619,1.619047619047619,-64.0,64.0,2.619047619047619,2.619047619047619,-73.0,73.0,-21.0,21.0,0,0,1,0,3.4303304758326822,-1.0018461031075452
2024-02-05 19:00:00,28396,28445,28405,28393,28371,28385,28435,28457,2308,7855,1,1,9,-3,64,72,30,12,25,8,12,55,20,3.3333333333333335,3.3333333333333335,-4.0,4.0,2.7777777777777777,2.7777777777777777,-2.6666666666666665,2.6666666666666665,6.111111111111111,6.111111111111111,-6.666666666666667,6.666666666666667,-3.0,3.0,0,0,1,0,1.822478865976656,-3.4386397526256585
2024-02-07 19:00:00,28840,28897,28895,28834,28824,28820,28915,28901,6263,13126,1,1,55,-6,91,81,20,4,16,14,61,36,18,0.36363636363636365,0.36363636363636365,-0.6666666666666666,0.6666666666666666,0.2909090909090909,0.2909090909090909,-2.3333333333333335,2.3333333333333335,0.6545454545454545,0.6545454545454545,-3.0,3.0,-9.166666666666666,9.166666666666666,0,0,1,0,1.9813183664250553,-3.6707277785213988
2024-02-08 14:00:00,28892,28911,28908,28891,28889,28844,28963,29035,11931,32285,1,1,16,-1,74,191,55,124,3,47,17,58,171,3.4375,3.4375,-124.0,124.0,0.1875,0.1875,-47.0,47.0,3.625,3.625,-171.0,171.0,-16.0,16.0,0,0,1,4,5.936436229848774,1.9841447841292674
2024-02-09 17:00:00,28874,28889,28876,28871,28867,28826,28949,28892,6404,5969,1,1,2,-3,82,66,73,3,7,45,5,80,48,36.5,36.5,-1.0,1.0,3.5,3.5,-15.0,15.0,40.0,40.0,-16.0,16.0,-0.6666666666666666,0.6666666666666666,0,0,1,0,2.8150764602625173,-1.4376348893547073
2024-02-19 17:00:00,29382,29423,29391,29377,29370,29373,29419,29437,4632,3648,1,1,9,-5,49,64,28,14,12,4,14,40,18,3.111111111111111,3.111111111111111,-2.8,2.8,1.3333333333333333,1.3333333333333333,-0.8,0.8,4.444444444444445,4.444444444444445,-3.6,3.6,-1.8,1.8,0,0,1,0,1.8567000234637347,-3.9396659478740323
2024-02-20 09:00:00,29353,29387,29373,29351,29308,29351,29390,29392,4426,1601,1,1,20,-2,82,41,17,5,45,0,22,62,5,0.85,0.85,-2.5,2.5,2.25,2.25,-0.0,0.0,3.1,3.1,-2.5,2.5,-10.0,10.0,0,0,1,0,1.9619602616552922,-3.8368759122408704
2024-02-20 17:00:00,29139,29209,29207,29138,29102,29125,29218,29263,7195,14821,1,1,68,-1,116,138,11,54,37,13,69,48,67,0.16176470588235295,0.16176470588235295,-54.0,54.0,0.5441176470588235,0.5441176470588235,-13.0,13.0,0.7058823529411765,0.7058823529411765,-67.0,67.0,-68.0,68.0,0,0,1,0,4.043488365036152,-1.0076348606990528
2024-02-21 09:00:00,28800,28851,28802,28796,28715,28777,28865,28851,9478,3365,1,1,2,-4,150,74,63,0,85,19,6,148,19,31.5,31.5,-0.0,0.0,42.5,42.5,-4.75,4.75,74.0,74.0,-4.75,4.75,-0.5,0.5,0,0,1,1,3.4602715070629,0.23522746968916455
2024-02-21 15:00:00,28474,28667,28627,28471,28412,28412,28646,28690,24748,41321,1,1,153,-3,234,278,19,23,62,59,156,81,82,0.12418300653594772,0.12418300653594772,-7.666666666666667,7.666666666666667,0.40522875816993464,0.40522875816993464,-19.666666666666668,19.666666666666668,0.5294117647058824,0.5294117647058824,-27.333333333333332,27.333333333333332,-51.0,51.0,0,0,1,0,4.220248598225371,-0.6894137868610312
2024-02-26 14:00:00,29326,29366,29330,29325,29283,29282,29438,29395,18458,13775,1,1,4,-1,155,113,108,29,43,43,5,151,72,27.0,27.0,-29.0,29.0,10.75,10.75,-43.0,43.0,37.75,37.75,-72.0,72.0,-4.0,4.0,0,0,1,0,4.707967300402543,0.7886218443276635
2024-02-26 17:00:00,29320,29399,29366,29318,29315,29312,29394,29418,9302,13503,1,1,46,-2,79,106,28,19,5,6,48,33,25,0.6086956521739131,0.6086956521739131,-9.5,9.5,0.10869565217391304,0.10869565217391304,-3.0,3.0,0.717391304347826,0.717391304347826,-12.5,12.5,-23.0,23.0,0,0,1,0,2.3257861653094327,-3.3278982949676865
2024-02-28 14:00:00,29415,29624,29466,29392,29342,29305,29488,29691,24319,74741,1,1,51,-23,146,386,22,67,73,87,74,95,154,0.43137254901960786,0.43137254901960786,-2.9130434782608696,2.9130434782608696,1.4313725490196079,1.4313725490196079,-3.782608695652174,3.782608695652174,1.8627450980392157,1.8627450980392157,-6.695652173913044,6.695652173913044,-2.217391304347826,2.217391304347826,0,0,1,0,4.152064355308017,-1.39689651338281
2024-03-06 10:00:00,29986,30057,30014,29981,29910,29910,30047,30097,26862,10166,1,1,28,-5,137,187,33,40,76,71,33,109,111,1.1785714285714286,1.1785714285714286,-8.0,8.0,2.7142857142857144,2.7142857142857144,-14.2,14.2,3.892857142857143,3.892857142857143,-22.2,22.2,-5.6,5.6,0,0,1,0,3.8190618557006175,-1.8565586449052371
2024-03-06 17:00:00,30039,30070,30045,30036,30007,30031,30075,30095,7165,5728,1,1,6,-3,68,64,30,25,32,5,9,62,30,5.0,5.0,-8.333333333333334,8.333333333333334,5.333333333333333,5.333333333333333,-1.6666666666666667,1.6666666666666667,10.333333333333334,10.333333333333334,-10.0,10.0,-2.0,2.0,0,0,1,0,2.426597268704149,-3.3379190974643747
2024-03-12 10:00:00,30020,30105,30050,30016,29888,29940,30068,30127,48352,13846,1,1,30,-4,180,187,18,22,132,76,34,150,98,0.6,0.6,-5.5,5.5,4.4,4.4,-19.0,19.0,5.0,5.0,-24.5,24.5,-7.5,7.5,0,0,1,0,4.107329100311877,-1.3081861881369559
2024-03-12 17:00:00,30123,30162,30156,30118,30070,30091,30198,30164,10377,7654,1,1,33,-5,128,73,42,2,53,27,38,95,29,1.2727272727272727,1.2727272727272727,-0.4,0.4,1.606060606060606,1.606060606060606,-5.4,5.4,2.878787878787879,2.878787878787879,-5.8,5.8,-6.6,6.6,0,0,1,0,2.7876354708568645,-3.295385972737096
2024-03-13 11:00:00,30148,30259,30169,30147,30120,30147,30191,30277,11206,24231,1,1,21,-1,71,130,22,18,28,0,22,50,18,1.0476190476190477,1.0476190476190477,-18.0,18.0,1.3333333333333333,1.3333333333333333,-0.0,0.0,2.380952380952381,2.380952380952381,-18.0,18.0,-21.0,21.0,0,0,1,0,2.588042735178175,-3.214320183033935
2024-03-13 17:00:00,30074,30114,30113,30070,30040,30030,30130,30122,7451,10444,1,1,39,-4,90,92,17,8,34,40,43,51,48,0.4358974358974359,0.4358974358974359,-2.0,2.0,0.8717948717948718,0.8717948717948718,-10.0,10.0,1.3076923076923077,1.3076923076923077,-12.0,12.0,-9.75,9.75,0,0,1,0,2.6653233963318965,-3.3577826272694775
2024-03-14 11:00:00,29741,29917,29809,29738,29699,29738,29813,29961,29956,50780,1,1,68,-3,114,223,4,44,42,0,71,46,44,0.058823529411764705,0.058823529411764705,-14.666666666666666,14.666666666666666,0.6176470588235294,0.6176470588235294,-0.0,0.0,0.6764705882352942,0.6764705882352942,-14.666666666666666,14.666666666666666,-22.666666666666668,22.666666666666668,0,0,1,0,2.9796649790205807,-2.4722002399328757
2024-03-18 21:00:00,29923,29959,29932,29920,29917,29911,29946,29964,1764,903,1,1,9,-3,29,53,14,5,6,9,12,20,14,1.5555555555555556,1.5555555555555556,-1.6666666666666667,1.6666666666666667,0.6666666666666666,0.6666666666666666,-3.0,3.0,2.2222222222222223,2.2222222222222223,-4.666666666666667,4.666666666666667,-3.0,3.0,0,0,1,0,1.7436689301576642,-4.339019761019988
2024-03-19 10:00:00,29826,29902,29867,29823,29819,29800,29922,29915,17558,6210,1,1,41,-3,103,115,55,13,7,23,44,62,36,1.3414634146341464,1.3414634146341464,-4.333333333333333,4.333333333333333,0.17073170731707318,0.17073170731707318,-7.666666666666667,7.666666666666667,1.5121951219512195,1.5121951219512195,-12.0,12.0,-13.666666666666666,13.666666666666666,0,0,1,0,2.718175953796755,-3.1414078683774336
2024-03-19 23:00:00,29542,29559,29556,29536,29526,29526,29556,29589,1512,1502,1,1,14,-6,30,63,0,30,16,10,20,16,40,0.0,0.0,-5.0,5.0,1.1428571428571428,1.1428571428571428,-1.6666666666666667,1.6666666666666667,1.1428571428571428,1.1428571428571428,-6.666666666666667,6.666666666666667,-2.3333333333333335,2.3333333333333335,0,0,1,0,1.8783814002051602,-4.105008225377022
2024-03-22 18:00:00,30697,30777,30701,30696,30680,30639,30738,30782,4301,13608,1,1,4,-1,58,143,37,5,17,57,5,54,62,9.25,9.25,-5.0,5.0,4.25,4.25,-57.0,57.0,13.5,13.5,-62.0,62.0,-4.0,4.0,0,0,1,0,3.712712810384615,-1.725517271850348
2024-03-26 17:00:00,30503,30528,30525,30499,30463,30488,30547,30566,4220,4898,1,1,22,-4,84,78,22,38,40,11,26,62,49,1.0,1.0,-9.5,9.5,1.8181818181818181,1.8181818181818181,-2.75,2.75,2.8181818181818183,2.8181818181818183,-12.25,12.25,-5.5,5.5,0,0,1,0,2.77186856730613,-3.463470743994075
2024-03-26 23:00:00,30565,30585,30570,30564,30562,30561,30594,30587,485,472,1,1,5,-1,32,26,24,2,3,3,6,27,5,4.8,4.8,-2.0,2.0,0.6,0.6,-3.0,3.0,5.4,5.4,-5.0,5.0,-5.0,5.0,0,0,1,0,1.8791260164259778,-4.349333267183397
2024-03-27 21:00:00,30636,30648,30637,30633,30616,30616,30637,30649,416,952,1,1,1,-3,21,33,0,1,20,17,4,20,18,0.0,0.0,-0.3333333333333333,0.3333333333333333,20.0,20.0,-5.666666666666667,5.666666666666667,20.0,20.0,-6.0,6.0,-0.3333333333333333,0.3333333333333333,0,0,1,0,2.0840298769999785,-3.692926354822895
2024-03-28 14:00:00,30975,31028,31002,30972,30960,30904,31045,31036,12205,13608,1,1,27,-3,85,132,43,8,15,68,30,58,76,1.5925925925925926,1.5925925925925926,-2.6666666666666665,2.6666666666666665,0.5555555555555556,0.5555555555555556,-22.666666666666668,22.666666666666668,2.1481481481481484,2.1481481481481484,-25.333333333333332,25.333333333333332,-9.0,9.0,0,0,1,0,3.3469341104538515,-2.829236909269044
2024-03-29 19:00:00,31045,31063,31053,31034,30990,31000,31190,31065,5548,5227,1,1,8,-11,200,65,137,2,55,34,19,192,36,17.125,17.125,-0.18181818181818182,0.18181818181818182,6.875,6.875,-3.090909090909091,3.090909090909091,24.0,24.0,-3.272727272727273,3.272727272727273,-0.7272727272727273,0.7272727272727273,0,0,1,0,4.036046812826098,-1.961471142792203
2024-04-03 19:00:00,31765,31832,31782,31759,31746,31748,31809,31860,5422,26780,1,1,17,-6,63,112,27,28,19,11,23,46,39,1.588235294117647,1.588235294117647,-4.666666666666667,4.666666666666667,1.1176470588235294,1.1176470588235294,-1.8333333333333333,1.8333333333333333,2.7058823529411766,2.7058823529411766,-6.5,6.5,-2.8333333333333335,2.8333333333333335,0,0,1,0,2.8016174711731727,-3.9024946759838106
2024-04-10 16:00:00,31719,31739,31722,31717,31680,31710,31740,31770,5065,8588,1,1,3,-2,60,60,18,31,39,7,5,57,38,6.0,6.0,-15.5,15.5,13.0,13.0,-3.5,3.5,19.0,19.0,-19.0,19.0,-1.5,1.5,0,0,1,0,3.0633982471838284,-3.0289701800054316
2024-04-10 19:00:00,31698,31709,31702,31683,31677,31683,31729,31750,2218,7766,1,1,4,-15,52,67,27,41,21,0,19,48,41,6.75,6.75,-2.7333333333333334,2.7333333333333334,5.25,5.25,-0.0,0.0,12.0,12.0,-2.7333333333333334,2.7333333333333334,-0.26666666666666666,0.26666666666666666,0,0,1,0,2.8090517263565746,-3.88057260917682
2024-04-12 12:00:00,31674,31715,31704,31673,31664,31619,31759,31749,9188,13548,1,1,30,-1,95,130,55,34,10,54,31,65,88,1.8333333333333333,1.8333333333333333,-34.0,34.0,0.3333333333333333,0.3333333333333333,-54.0,54.0,2.1666666666666665,2.1666666666666665,-88.0,88.0,-30.0,30.0,0,0,1,0,4.844928888615867,-1.0975855383093647
2024-04-18 10:00:00,31470,31590,31582,31469,31433,31314,31586,31629,24805,20874,1,1,112,-1,153,315,4,39,37,155,113,41,194,0.03571428571428571,0.03571428571428571,-39.0,39.0,0.33035714285714285,0.33035714285714285,-155.0,155.0,0.36607142857142855,0.36607142857142855,-194.0,194.0,-112.0,112.0,0,0,1,4,8.265255931147776,3.5754300454812107
2024-04-19 11:00:00,31657,31729,31679,31650,31632,31611,31690,31753,6837,22652,1,1,22,-7,58,142,11,24,25,39,29,36,63,0.5,0.5,-3.4285714285714284,3.4285714285714284,1.1363636363636365,1.1363636363636365,-5.571428571428571,5.571428571428571,1.6363636363636365,1.6363636363636365,-9.0,9.0,-3.142857142857143,3.142857142857143,0,0,1,0,2.946047324603928,-3.734917657774756
2024-04-19 20:00:00,31670,31688,31684,31666,31663,31664,31699,31701,826,762,1,1,14,-4,36,37,15,13,7,2,18,22,15,1.0714285714285714,1.0714285714285714,-3.25,3.25,0.5,0.5,-0.5,0.5,1.5714285714285714,1.5714285714285714,-3.75,3.75,-3.5,3.5,0,0,1,0,2.2063784985457215,-4.676072985810681
2024-04-30 12:00:00,31536,31580,31555,31535,31526,31521,31572,31590,3816,13101,1,1,19,-1,46,69,17,10,10,14,20,27,24,0.8947368421052632,0.8947368421052632,-10.0,10.0,0.5263157894736842,0.5263157894736842,-14.0,14.0,1.4210526315789473,1.4210526315789473,-24.0,24.0,-19.0,19.0,0,0,1,0,2.744716102484769,-3.7374000695846066
2024-04-30 22:00:00,31552,31558,31555,31551,31550,31551,31565,31573,824,542,1,1,3,-1,15,22,10,15,2,0,4,12,15,3.3333333333333335,3.3333333333333335,-15.0,15.0,0.6666666666666666,0.6666666666666666,-0.0,0.0,4.0,4.0,-15.0,15.0,-3.0,3.0,0,0,1,0,2.170039015915443,-4.436028391089801
2024-05-02 11:00:00,31558,31613,31566,31556,31551,31556,31578,31639,3859,9050,1,1,8,-2,27,83,12,26,7,0,10,19,26,1.5,1.5,-13.0,13.0,0.875,0.875,-0.0,0.0,2.375,2.375,-13.0,13.0,-4.0,4.0,0,0,1,0,2.400585449193019,-4.223473488069404
2024-05-02 12:00:00,31564,31558,31516,31566,31516,31551,31577,31578,5179,3859,1,1,-48,2,61,27,13,12,0,7,-50,13,19,-0.2708333333333333,0.2708333333333333,6.0,6.0,-0.0,0.0,3.5,3.5,-0.2708333333333333,0.2708333333333333,9.5,9.5,-24.0,24.0,0,0,1,0,1.9122503768726826,-4.755070110154957
2024-05-02 13:00:00,31517,31564,31530,31516,31464,31516,31545,31577,15397,5179,1,1,13,-1,81,61,15,13,53,0,14,68,13,1.1538461538461537,1.1538461538461537,-13.0,13.0,4.076923076923077,4.076923076923077,-0.0,0.0,5.230769230769231,5.230769230769231,-13.0,13.0,-13.0,13.0,0,0,1,0,2.78813376300866,-3.631151792490143
2024-05-02 19:00:00,31398,31429,31420,31388,31389,31366,31440,31445,2273,10811,1,1,22,-10,51,79,20,16,9,22,32,29,38,0.9090909090909091,0.9090909090909091,-1.6,1.6,0.4090909090909091,0.4090909090909091,-2.2,2.2,1.3181818181818181,1.3181818181818181,-3.8,3.8,-2.2,2.2,0,0,1,0,2.5105831806622234,-4.285156175606572
2024-05-03 12:00:00,31092,31282,31182,31091,31075,31069,31194,31309,16673,59415,1,1,90,-1,119,240,12,27,17,22,91,29,49,0.13333333333333333,0.13333333333333333,-27.0,27.0,0.18888888888888888,0.18888888888888888,-22.0,22.0,0.32222222222222224,0.32222222222222224,-49.0,49.0,-90.0,90.0,0,0,1,0,4.354136789661162,-1.2764025385287363
2024-05-06 14:00:00,31277,31290,31286,31275,31254,31262,31337,31321,6658,5674,1,1,9,-2,83,59,51,31,23,13,11,74,44,5.666666666666667,5.666666666666667,-15.5,15.5,2.5555555555555554,2.5555555555555554,-6.5,6.5,8.222222222222221,8.222222222222221,-22.0,22.0,-4.5,4.5,0,0,1,0,3.133765845649278,-3.1179342062766913
2024-05-07 21:00:00,31481,31495,31493,31480,31481,31474,31503,31499,751,1213,1,1,12,-1,22,25,10,4,0,6,13,10,10,0.8333333333333334,0.8333333333333334,-4.0,4.0,0.0,0.0,-6.0,6.0,0.8333333333333334,0.8333333333333334,-10.0,10.0,-12.0,12.0,0,0,1,0,2.1010203666219427,-4.594341103924207
2024-05-08 13:00:00,31754,31792,31787,31753,31707,31744,31803,31830,31592,40101,1,1,33,-1,96,86,16,38,47,9,34,63,47,0.48484848484848486,0.48484848484848486,-38.0,38.0,1.4242424242424243,1.4242424242424243,-9.0,9.0,1.9090909090909092,1.9090909090909092,-47.0,47.0,-33.0,33.0,0,0,1,0,3.801780821824621,-2.155116589903575
2024-05-08 19:00:00,31753,31785,31759,31750,31741,31744,31767,31785,1914,6530,1,1,6,-3,26,41,8,0,12,6,9,20,6,1.3333333333333333,1.3333333333333333,-0.0,0.0,2.0,2.0,-2.0,2.0,3.3333333333333335,3.3333333333333335,-2.0,2.0,-2.0,2.0,0,0,1,0,2.063363086948007,-4.740233712641037
2024-05-13 14:00:00,32071,32145,32128,32066,32070,32065,32131,32162,6591,12519,1,1,57,-5,61,97,3,17,1,1,62,4,18,0.05263157894736842,0.05263157894736842,-3.4,3.4,0.017543859649122806,0.017543859649122806,-0.2,0.2,0.07017543859649122,0.07017543859649122,-3.6,3.6,-11.4,11.4,0,0,1,0,2.5560698307587173,-4.457650093911737
2024-05-14 12:00:00,32046,32054,32052,32044,32025,31992,32078,32068,7511,10870,1,1,6,-2,53,76,26,14,21,52,8,47,66,4.333333333333333,4.333333333333333,-7.0,7.0,3.5,3.5,-26.0,26.0,7.833333333333333,7.833333333333333,-33.0,33.0,-3.0,3.0,0,0,1,0,3.3741754734703715,-3.0430125822849132
2024-05-20 16:00:00,32567,32656,32629,32566,32536,32550,32635,32679,26759,29014,1,1,62,-1,99,129,6,23,31,16,63,37,39,0.0967741935483871,0.0967741935483871,-23.0,23.0,0.5,0.5,-16.0,16.0,0.5967741935483871,0.5967741935483871,-39.0,39.0,-62.0,62.0,0,0,1,0,4.025964615958069,-2.4403770957669026
2024-05-20 19:00:00,32573,32626,32584,32551,32403,32540,32619,32633,12132,6556,1,1,11,-22,216,93,35,7,170,11,33,205,18,3.1818181818181817,3.1818181818181817,-0.3181818181818182,0.3181818181818182,15.454545454545455,15.454545454545455,-0.5,0.5,18.636363636363637,18.636363636363637,-0.8181818181818182,0.8181818181818182,-0.5,0.5,0,0,1,0,4.408995895947727,-2.5412929127961887
2024-05-21 19:00:00,32414,32461,32449,32391,32364,32357,32456,32490,1819,10361,1,1,35,-23,92,133,7,29,50,34,58,57,63,0.2,0.2,-1.2608695652173914,1.2608695652173914,1.4285714285714286,1.4285714285714286,-1.4782608695652173,1.4782608695652173,1.6285714285714286,1.6285714285714286,-2.739130434782609,2.739130434782609,-1.5217391304347827,1.5217391304347827,0,0,1,0,3.444043203107649,-4.010829766491575
2024-05-22 14:00:00,32605,32675,32642,32600,32588,32587,32669,32689,7756,8462,1,1,37,-5,81,102,27,14,17,13,42,44,27,0.7297297297297297,0.7297297297297297,-2.8,2.8,0.4594594594594595,0.4594594594594595,-2.6,2.6,1.1891891891891893,1.1891891891891893,-5.4,5.4,-7.4,7.4,0,0,1,0,3.00926942352163,-4.1977620687283
2024-05-22 15:00:00,32642,32605,32622,32642,32609,32588,32666,32669,3980,7756,1,1,-20,0,57,81,24,27,13,17,-20,37,44,-1.2,1.2,100.0,100.0,-0.65,0.65,100.0,100.0,-1.85,1.85,100.0,100.0,0.0,0.0,0,1,1,3,2.4100692861070163,-5.097053113671129
2024-05-22 16:00:00,32628,32642,32640,32622,32605,32609,32648,32666,3481,3980,1,1,12,-6,43,57,8,24,23,13,18,31,37,0.6666666666666666,0.6666666666666666,-4.0,4.0,1.9166666666666667,1.9166666666666667,-2.1666666666666665,2.1666666666666665,2.5833333333333335,2.5833333333333335,-6.166666666666667,6.166666666666667,-2.0,2.0,0,0,1,0,2.7414858763923315,-4.476120378075594
2024-05-23 10:00:00,32645,32709,32667,32644,32540,32605,32703,32719,21007,4969,1,1,22,-1,163,114,36,10,105,39,23,141,49,1.6363636363636365,1.6363636363636365,-10.0,10.0,4.7727272727272725,4.7727272727272725,-39.0,39.0,6.409090909090909,6.409090909090909,-49.0,49.0,-22.0,22.0,0,0,1,0,4.737677189110012,-1.7809701344344262
2024-05-23 21:00:00,32752,32786,32777,32751,32744,32735,32796,32787,996,2141,1,1,25,-1,52,52,19,1,8,16,26,27,17,0.76,0.76,-1.0,1.0,0.32,0.32,-16.0,16.0,1.08,1.08,-17.0,17.0,-25.0,25.0,0,0,1,0,2.942723904923068,-4.202978586129383
2024-05-29 11:00:00,31960,32153,32061,31959,31955,31866,32108,32155,11613,28443,1,1,101,-1,153,289,47,2,5,93,102,52,95,0.46534653465346537,0.46534653465346537,-2.0,2.0,0.04950495049504951,0.04950495049504951,-93.0,93.0,0.5148514851485149,0.5148514851485149,-95.0,95.0,-101.0,101.0,0,0,1,4,6.084299285352567,0.26396854418709836
2024-05-29 22:00:00,32265,32293,32281,32264,32250,32254,32296,32299,1466,1794,1,1,16,-1,46,45,15,6,15,10,17,30,16,0.9375,0.9375,-6.0,6.0,0.9375,0.9375,-10.0,10.0,1.875,1.875,-16.0,16.0,-16.0,16.0,0,0,1,0,2.705069218449492,-4.232396170300428
2024-05-30 18:00:00,32013,32124,32020,32012,31953,32012,32057,32146,9433,5220,1,1,7,-1,104,134,37,22,60,0,8,97,22,5.285714285714286,5.285714285714286,-22.0,22.0,8.571428571428571,8.571428571428571,-0.0,0.0,13.857142857142858,13.857142857142858,-22.0,22.0,-7.0,7.0,0,0,1,0,3.5413864878198065,-2.8226993727753396
2024-05-31 14:00:00,31789,31972,31908,31777,31775,31773,31944,31972,14800,14725,1,1,119,-12,169,199,36,0,14,4,131,50,4,0.3025210084033613,0.3025210084033613,-0.0,0.0,0.11764705882352941,0.11764705882352941,-0.3333333333333333,0.3333333333333333,0.42016806722689076,0.42016806722689076,-0.3333333333333333,0.3333333333333333,-9.916666666666666,9.916666666666666,0,0,1,0,3.3586337898936818,-3.6805732823516837
2024-06-06 18:00:00,31398,31584,31438,31393,31398,31298,31475,31590,7922,32243,1,1,40,-5,77,292,37,6,0,95,45,37,101,0.925,0.925,-1.2,1.2,0.0,0.0,-19.0,19.0,0.925,0.925,-20.2,20.2,-8.0,8.0,0,0,1,0,3.677210047742443,-2.7167383622876207
2024-06-06 21:00:00,31468,31504,31500,31466,31453,31461,31506,31534,1324,4304,1,1,32,-2,53,73,6,30,15,5,34,21,35,0.1875,0.1875,-15.0,15.0,0.46875,0.46875,-2.5,2.5,0.65625,0.65625,-17.5,17.5,-16.0,16.0,0,0,1,0,2.7198853773499567,-3.9239272822314963
2024-06-07 20:00:00,32116,32208,32119,32115,32103,32075,32146,32210,1598,6292,1,1,3,-1,43,135,27,2,13,40,4,40,42,9.0,9.0,-2.0,2.0,4.333333333333333,4.333333333333333,-40.0,40.0,13.333333333333334,13.333333333333334,-42.0,42.0,-3.0,3.0,0,0,1,0,3.4637296161698115,-2.817690943008277
2024-06-11 09:00:00,31869,31878,31874,31859,31796,31856,31917,31904,4508,736,1,1,5,-10,121,48,43,26,73,3,15,116,29,8.6,8.6,-2.6,2.6,14.6,14.6,-0.3,0.3,23.2,23.2,-2.9,2.9,-0.5,0.5,0,0,1,0,3.4275448075660635,-2.932374764485084
2024-06-11 18:00:00,31872,31904,31887,31869,31860,31821,31921,31919,4549,6350,1,1,15,-3,61,98,34,15,12,48,18,46,63,2.2666666666666666,2.2666666666666666,-5.0,5.0,0.8,0.8,-16.0,16.0,3.066666666666667,3.066666666666667,-21.0,21.0,-5.0,5.0,0,0,1,0,3.1801550207757203,-3.4974081368282843
2024-06-13 17:00:00,31808,31864,31840,31802,31728,31745,31845,31892,5899,10418,1,1,32,-6,117,147,5,28,80,57,38,85,85,0.15625,0.15625,-4.666666666666667,4.666666666666667,2.5,2.5,-9.5,9.5,2.65625,2.65625,-14.166666666666666,14.166666666666666,-5.333333333333333,5.333333333333333,0,0,1,0,3.718109099307896,-3.026623134314123
2024-06-19 14:00:00,29270,29518,29438,29260,29122,29250,29599,29614,16237,13514,1,1,168,-10,477,364,161,96,148,10,178,309,106,0.9583333333333334,0.9583333333333334,-9.6,9.6,0.8809523809523809,0.8809523809523809,-1.0,1.0,1.8392857142857142,1.8392857142857142,-10.6,10.6,-16.8,16.8,0,0,1,4,6.546372295564513,0.5890201337658736
2024-06-21 11:00:00,29652,29849,29673,29651,29590,29651,29728,29877,13393,20669,1,1,21,-1,138,226,55,28,62,0,22,117,28,2.619047619047619,2.619047619047619,-28.0,28.0,2.9523809523809526,2.9523809523809526,-0.0,0.0,5.571428571428571,5.571428571428571,-28.0,28.0,-21.0,21.0,0,0,1,0,3.493509536002141,-1.96760403908599
2024-06-21 23:00:00,29707,29736,29728,29701,29699,29697,29733,29736,1188,570,1,1,21,-6,34,39,5,0,8,4,27,13,4,0.23809523809523808,0.23809523809523808,-0.0,0.0,0.38095238095238093,0.38095238095238093,-0.6666666666666666,0.6666666666666666,0.6190476190476191,0.6190476190476191,-0.6666666666666666,0.6666666666666666,-3.5,3.5,0,0,1,0,1.5573000044101273,-4.581086488708273
2024-06-25 20:00:00,30283,30296,30289,30277,30276,30260,30299,30324,969,3356,1,1,6,-6,23,64,10,28,7,17,12,17,45,1.6666666666666667,1.6666666666666667,-4.666666666666667,4.666666666666667,1.1666666666666667,1.1666666666666667,-2.8333333333333335,2.8333333333333335,2.8333333333333335,2.8333333333333335,-7.5,7.5,-1.0,1.0,0,0,1,0,2.0863147562772935,-4.135069205503782
2024-06-26 16:00:00,30702,30741,30735,30698,30695,30689,30760,30787,5594,12285,1,1,33,-4,65,98,25,46,7,9,37,32,55,0.7575757575757576,0.7575757575757576,-11.5,11.5,0.21212121212121213,0.21212121212121213,-2.25,2.25,0.9696969696969697,0.9696969696969697,-13.75,13.75,-8.25,8.25,0,0,1,0,2.726197138535735,-3.5803611784379394
2024-06-26 17:00:00,30736,30702,30718,30735,30660,30695,30737,30760,8146,5594,1,1,-18,-1,77,65,1,25,58,7,-17,59,32,-0.05555555555555555,0.05555555555555555,-25.0,25.0,-3.2222222222222223,3.2222222222222223,-7.0,7.0,-3.2777777777777777,3.2777777777777777,-32.0,32.0,18.0,18.0,0,0,1,0,2.6843222315512825,-3.4791873031918272
2024-06-26 18:00:00,30720,30736,30731,30718,30711,30660,30751,30737,8424,8146,1,1,11,-2,40,77,20,1,9,58,13,29,59,1.8181818181818181,1.8181818181818181,-0.5,0.5,0.8181818181818182,0.8181818181818182,-29.0,29.0,2.6363636363636362,2.6363636363636362,-29.5,29.5,-5.5,5.5,0,0,1,0,2.763137388199773,-3.2878105096794146
2024-06-27 20:00:00,31022,31089,31048,31021,31017,31014,31056,31096,1137,3792,1,1,26,-1,39,82,8,7,5,7,27,13,14,0.3076923076923077,0.3076923076923077,-7.0,7.0,0.19230769230769232,0.19230769230769232,-7.0,7.0,0.5,0.5,-14.0,14.0,-26.0,26.0,0,0,1,0,2.3705450244772464,-4.077151187589793
2024-06-28 15:00:00,30916,31143,30959,30915,30852,30915,30980,31153,14380,23126,1,1,43,-1,128,238,21,10,64,0,44,85,10,0.4883720930232558,0.4883720930232558,-10.0,10.0,1.4883720930232558,1.4883720930232558,-0.0,0.0,1.9767441860465116,1.9767441860465116,-10.0,10.0,-43.0,43.0,0,0,1,0,3.3454484374169815,-2.8349283736357385
2024-07-02 16:00:00,31001,31075,31052,31000,30986,31000,31071,31108,6900,10561,1,1,51,-1,85,108,19,33,15,0,52,34,33,0.37254901960784315,0.37254901960784315,-33.0,33.0,0.29411764705882354,0.29411764705882354,-0.0,0.0,0.6666666666666666,0.6666666666666666,-33.0,33.0,-51.0,51.0,0,0,1,0,3.3505742327875843,-2.819497078928427
2024-07-02 20:00:00,31074,31106,31086,31068,31065,31013,31089,31106,356,2835,1,1,12,-6,24,93,3,0,9,55,18,12,55,0.25,0.25,-0.0,0.0,0.75,0.75,-9.166666666666666,9.166666666666666,1.0,1.0,-9.166666666666666,9.166666666666666,-2.0,2.0,0,0,1,0,2.3768082787215654,-4.21107000475275
2024-07-03 11:00:00,31020,31112,31076,31019,30970,31001,31086,31145,22779,27971,1,1,56,-1,116,144,10,33,50,18,57,60,51,0.17857142857142858,0.17857142857142858,-33.0,33.0,0.8928571428571429,0.8928571428571429,-18.0,18.0,1.0714285714285714,1.0714285714285714,-51.0,51.0,-56.0,56.0,0,0,1,0,4.0754177524909085,-1.685838594373818
2024-07-05 10:00:00,30596,30639,30617,30586,30455,30571,30673,30641,29007,1480,1,1,21,-10,218,70,56,2,141,15,31,197,17,2.6666666666666665,2.6666666666666665,-0.2,0.2,6.714285714285714,6.714285714285714,-1.5,1.5,9.380952380952381,9.380952380952381,-1.7,1.7,-2.1,2.1,0,0,1,0,3.6487780631641473,-2.459746374031778
2024-07-08 19:00:00,30380,30502,30430,30378,30380,30354,30457,30516,2942,7204,1,1,50,-2,77,162,27,14,0,24,52,27,38,0.54,0.54,-7.0,7.0,0.0,0.0,-12.0,12.0,0.54,0.54,-19.0,19.0,-25.0,25.0,0,0,1,0,2.864673345175887,-3.279834337550284
2024-07-09 23:00:00,29916,29950,29947,29915,29904,29900,29992,29953,2827,2653,1,1,31,-1,88,53,45,3,12,15,32,57,18,1.4516129032258065,1.4516129032258065,-3.0,3.0,0.3870967741935484,0.3870967741935484,-15.0,15.0,1.8387096774193548,1.8387096774193548,-18.0,18.0,-31.0,31.0,0,0,1,0,2.6215796730201357,-3.2788636202010792
2024-07-10 19:00:00,29489,29511,29503,29487,29469,29381,29599,29548,7467,22193,1,1,14,-2,130,167,96,37,20,106,16,116,143,6.857142857142857,6.857142857142857,-18.5,18.5,1.4285714285714286,1.4285714285714286,-53.0,53.0,8.285714285714286,8.285714285714286,-71.5,71.5,-7.0,7.0,0,0,1,0,4.737774876198699,-0.20880207476224644
2024-07-11 22:00:00,30609,30648,30613,30608,30603,30582,30650,30659,1850,3279,1,1,4,-1,47,77,37,11,6,26,5,43,37,9.25,9.25,-11.0,11.0,1.5,1.5,-26.0,26.0,10.75,10.75,-37.0,37.0,-4.0,4.0,0,0,1,0,2.8972519177940157,-2.892308992325975
2024-07-15 11:00:00,29847,30204,29978,29843,29800,29752,29978,30317,28418,61063,1,1,131,-4,178,565,0,113,47,91,135,47,204,0.0,0.0,-28.25,28.25,0.35877862595419846,0.35877862595419846,-22.75,22.75,0.35877862595419846,0.35877862595419846,-51.0,51.0,-32.75,32.75,0,0,1,4,5.684637930996866,0.5044562408470155
2024-07-15 19:00:00,29310,29600,29411,29301,29237,29283,29438,29613,14442,57847,1,1,101,-9,201,330,27,13,73,18,110,100,31,0.26732673267326734,0.26732673267326734,-1.4444444444444444,1.4444444444444444,0.7227722772277227,0.7227722772277227,-2.0,2.0,0.9900990099009901,0.9900990099009901,-3.4444444444444446,3.4444444444444446,-11.222222222222221,11.222222222222221,0,0,1,0,3.450090725071018,-2.1733916537629816
2024-07-16 20:00:00,29146,29231,29224,29145,29144,29021,29253,29286,3338,12077,1,1,78,-1,109,265,29,55,2,124,79,31,179,0.3717948717948718,0.3717948717948718,-55.0,55.0,0.02564102564102564,0.02564102564102564,-124.0,124.0,0.3974358974358974,0.3974358974358974,-179.0,179.0,-78.0,78.0,0,0,1,4,6.8025369728292295,2.662026732293235
2024-07-17 21:00:00,29404,29455,29421,29402,29379,29377,29422,29479,2190,2030,1,1,17,-2,43,102,1,24,25,25,19,26,49,0.058823529411764705,0.058823529411764705,-12.0,12.0,1.4705882352941178,1.4705882352941178,-12.5,12.5,1.5294117647058822,1.5294117647058822,-24.5,24.5,-8.5,8.5,0,0,1,0,2.35955437269831,-3.326344756497599
2024-07-23 19:00:00,30255,30334,30306,30243,30235,30221,30324,30345,1741,8384,1,1,51,-12,89,124,18,11,20,22,63,38,33,0.35294117647058826,0.35294117647058826,-0.9166666666666666,0.9166666666666666,0.39215686274509803,0.39215686274509803,-1.8333333333333333,1.8333333333333333,0.7450980392156863,0.7450980392156863,-2.75,2.75,-4.25,4.25,0,0,1,0,2.5305206587114215,-3.8939383018733174
2024-07-26 19:00:00,30141,30268,30213,30131,30126,30120,30241,30285,7114,11623,1,1,72,-10,115,165,28,17,15,11,82,43,28,0.3888888888888889,0.3888888888888889,-1.7,1.7,0.20833333333333334,0.20833333333333334,-1.1,1.1,0.5972222222222222,0.5972222222222222,-2.8,2.8,-7.2,7.2,0,0,1,0,2.713519742951197,-3.599695012018071
2024-07-26 22:00:00,30114,30195,30116,30111,30055,30050,30128,30198,3049,9398,1,1,2,-3,73,148,12,3,59,61,5,71,64,6.0,6.0,-1.0,1.0,29.5,29.5,-20.333333333333332,20.333333333333332,35.5,35.5,-21.333333333333332,21.333333333333332,-0.6666666666666666,0.6666666666666666,0,0,1,0,3.317520533408107,-1.5295111746137913
2024-07-29 18:00:00,29496,29784,29512,29494,29461,29474,29554,29800,8088,19103,1,1,16,-2,93,326,42,16,35,20,18,77,36,2.625,2.625,-8.0,8.0,2.1875,2.1875,-10.0,10.0,4.8125,4.8125,-18.0,18.0,-8.0,8.0,0,0,1,0,3.042387546803157,-2.538592522332108
2024-07-30 23:00:00,29737,29810,29780,29736,29719,29714,29780,29835,1666,3584,1,1,43,-1,61,121,0,25,18,22,44,18,47,0.0,0.0,-25.0,25.0,0.4186046511627907,0.4186046511627907,-22.0,22.0,0.4186046511627907,0.4186046511627907,-47.0,47.0,-43.0,43.0,0,0,1,0,3.1233752225466995,-2.4854520175947843
2024-08-01 13:00:00,29698,29744,29718,29694,29692,29612,29750,29761,4117,12198,1,1,20,-4,58,149,32,17,6,82,24,38,99,1.6,1.6,-4.25,4.25,0.3,0.3,-20.5,20.5,1.9,1.9,-24.75,24.75,-5.0,5.0,0,0,1,0,2.965036172008818,-2.7605924205254264
2024-08-07 12:00:00,28443,28629,28550,28440,28326,28323,28589,28632,19444,27065,1,1,107,-3,263,309,39,3,117,117,110,156,120,0.3644859813084112,0.3644859813084112,-1.0,1.0,1.0934579439252337,1.0934579439252337,-39.0,39.0,1.4579439252336448,1.4579439252336448,-40.0,40.0,-35.666666666666664,35.666666666666664,0,0,1,0,4.9970797314818,0.10906897568517841
2024-08-07 22:00:00,28736,28844,28780,28735,28732,28720,28798,28872,2174,7139,1,1,44,-1,66,152,18,28,4,15,45,22,43,0.4090909090909091,0.4090909090909091,-28.0,28.0,0.09090909090909091,0.09090909090909091,-15.0,15.0,0.5,0.5,-43.0,43.0,-44.0,44.0,0,0,1,0,2.8960762457202,-2.306069056430548
2024-08-08 14:00:00,28945,29048,29006,28931,28859,28901,29030,29096,16518,16717,1,1,61,-14,171,195,24,48,86,30,75,110,78,0.39344262295081966,0.39344262295081966,-3.4285714285714284,3.4285714285714284,1.4098360655737705,1.4098360655737705,-2.142857142857143,2.142857142857143,1.8032786885245902,1.8032786885245902,-5.571428571428571,5.571428571428571,-4.357142857142857,4.357142857142857,0,0,1,0,3.3688717507843817,-2.3250233951846058
2024-08-08 21:00:00,28635,28718,28716,28630,28622,28607,28729,28743,4191,8415,1,1,81,-5,107,136,13,25,13,23,86,26,48,0.16049382716049382,0.16049382716049382,-5.0,5.0,0.16049382716049382,0.16049382716049382,-4.6,4.6,0.32098765432098764,0.32098765432098764,-9.6,9.6,-16.2,16.2,0,0,1,0,2.4396690731908253,-3.115650572789338
2024-08-12 12:00:00,28403,28471,28467,28401,28348,28361,28488,28521,13243,14404,1,1,64,-2,140,160,21,50,55,40,66,76,90,0.328125,0.328125,-25.0,25.0,0.859375,0.859375,-20.0,20.0,1.1875,1.1875,-45.0,45.0,-32.0,32.0,0,0,1,0,3.67839703587441,-1.2568970528009256
2024-08-12 17:00:00,28618,28665,28648,28617,28590,28599,28677,28682,7283,8118,1,1,30,-1,87,83,29,17,28,18,31,57,35,0.9666666666666667,0.9666666666666667,-17.0,17.0,0.9333333333333333,0.9333333333333333,-18.0,18.0,1.9,1.9,-35.0,35.0,-30.0,30.0,0,0,1,0,2.704393505173645,-2.435920182435737
2024-08-12 18:00:00,28651,28618,28611,28648,28601,28590,28674,28677,5314,7283,1,1,-40,-3,73,87,23,29,10,28,-37,33,57,-0.575,0.575,-9.666666666666666,9.666666666666666,-0.25,0.25,-9.333333333333334,9.333333333333334,-0.825,0.825,-19.0,19.0,13.333333333333334,13.333333333333334,0,0,1,0,1.9271057335980812,-3.465139731137073
2024-08-12 19:00:00,28613,28651,28615,28611,28584,28601,28653,28674,2348,5314,1,1,2,-2,69,73,38,23,29,10,4,67,33,19.0,19.0,-11.5,11.5,14.5,14.5,-5.0,5.0,33.5,33.5,-16.5,16.5,-1.0,1.0,0,0,1,0,2.4918806885513334,-1.887130739825975
2024-08-16 15:00:00,28306,28348,28323,28299,28275,28269,28346,28380,6093,7566,1,1,17,-7,71,111,23,32,31,30,24,54,62,1.3529411764705883,1.3529411764705883,-4.571428571428571,4.571428571428571,1.8235294117647058,1.8235294117647058,-4.285714285714286,4.285714285714286,3.176470588235294,3.176470588235294,-8.857142857142858,8.857142857142858,-2.4285714285714284,2.4285714285714284,0,0,1,0,2.2128568777290383,-3.110755548730042
2024-08-16 23:00:00,27916,28022,27930,27911,27900,27911,27972,28022,5830,7799,1,1,14,-5,72,111,42,0,16,0,19,58,0,3.0,3.0,-0.0,0.0,1.1428571428571428,1.1428571428571428,-0.0,0.0,4.142857142857143,4.142857142857143,-0.0,0.0,-2.8,2.8,0,0,1,0,1.5821751832271789,-3.6208464781339207
2024-08-20 16:00:00,27161,27263,27234,27160,27092,27158,27279,27331,16786,12176,1,1,73,-1,187,173,45,68,69,2,74,114,70,0.6164383561643836,0.6164383561643836,-68.0,68.0,0.9452054794520548,0.9452054794520548,-2.0,2.0,1.5616438356164384,1.5616438356164384,-70.0,70.0,-73.0,73.0,0,0,1,0,4.33940570002017,0.2052052603242679
2024-08-20 19:00:00,26937,27063,26959,26933,26930,26930,27047,27075,6143,13798,1,1,22,-4,117,145,88,12,7,3,26,95,15,4.0,4.0,-3.0,3.0,0.3181818181818182,0.3181818181818182,-0.75,0.75,4.318181818181818,4.318181818181818,-3.75,3.75,-5.5,5.5,0,0,1,0,1.9685235465447581,-2.7526824738991857
2024-08-23 11:00:00,26211,26584,26346,26209,26183,26022,26413,26598,40918,84837,1,1,135,-2,230,576,67,14,28,187,137,95,201,0.4962962962962963,0.4962962962962963,-7.0,7.0,0.2074074074074074,0.2074074074074074,-93.5,93.5,0.7037037037037037,0.7037037037037037,-100.5,100.5,-67.5,67.5,0,0,1,4,6.197619503370861,3.3693501937625716
2024-08-29 13:00:00,26276,26677,26326,26275,26257,26252,26412,26707,16968,31007,1,1,50,-1,155,455,86,30,19,23,51,105,53,1.72,1.72,-30.0,30.0,0.38,0.38,-23.0,23.0,2.1,2.1,-53.0,53.0,-50.0,50.0,0,0,1,0,3.8432171984742056,0.014427774984175943
2024-08-30 15:00:00,25811,25980,25896,25810,25650,25776,25938,26075,34120,28555,1,1,85,-1,288,299,42,95,161,34,86,203,129,0.49411764705882355,0.49411764705882355,-95.0,95.0,1.8941176470588235,1.8941176470588235,-34.0,34.0,2.388235294117647,2.388235294117647,-129.0,129.0,-85.0,85.0,0,0,1,4,6.450275864363151,3.6320135060686836
2024-09-05 23:00:00,25503,25540,25507,25502,25491,25499,25529,25540,1101,1235,1,1,4,-1,38,41,22,0,12,3,5,34,3,5.5,5.5,-0.0,0.0,3.0,3.0,-3.0,3.0,8.5,8.5,-3.0,3.0,-4.0,4.0,0,0,1,0,0.6751889024613351,-3.3178436599579335
2024-09-11 12:00:00,26148,26250,26152,26145,26047,26117,26190,26279,18608,15713,1,1,4,-3,143,162,38,29,101,28,7,139,57,9.5,9.5,-9.666666666666666,9.666666666666666,25.25,25.25,-9.333333333333334,9.333333333333334,34.75,34.75,-19.0,19.0,-1.3333333333333333,1.3333333333333333,0,0,1,0,2.8656601448766326,-0.22990079534409252
2024-09-17 15:00:00,26207,26361,26344,26205,26132,26111,26355,26368,24174,41993,1,1,137,-2,223,257,11,7,75,94,139,86,101,0.08029197080291971,0.08029197080291971,-3.5,3.5,0.5474452554744526,0.5474452554744526,-47.0,47.0,0.6277372262773723,0.6277372262773723,-50.5,50.5,-68.5,68.5,0,0,1,0,4.152603717512791,0.49543866475105514
2024-09-17 21:00:00,26665,26696,26687,26663,26659,26655,26714,26696,5494,2130,1,1,22,-2,55,41,27,0,6,8,24,33,8,1.2272727272727273,1.2272727272727273,-0.0,0.0,0.2727272727272727,0.2727272727272727,-4.0,4.0,1.5,1.5,-4.0,4.0,-11.0,11.0,0,0,1,0,1.0896529901719016,-3.5844909401230143
2024-09-17 22:00:00,26688,26665,26662,26687,26658,26659,26697,26714,3152,5494,1,1,-26,-1,39,55,9,27,4,6,-25,13,33,-0.34615384615384615,0.34615384615384615,-27.0,27.0,-0.15384615384615385,0.15384615384615385,-6.0,6.0,-0.5,0.5,-33.0,33.0,26.0,26.0,0,0,1,0,1.2876725025827462,-3.179134135717154
2024-09-17 23:00:00,26667,26688,26679,26662,26662,26658,26686,26697,2064,3152,1,1,12,-5,24,39,7,9,5,4,17,12,13,0.5833333333333334,0.5833333333333334,-1.8,1.8,0.4166666666666667,0.4166666666666667,-0.8,0.8,1.0,1.0,-2.6,2.6,-2.4,2.4,0,0,1,0,0.8145301829597612,-3.960608119623432
2024-09-19 10:00:00,27674,27752,27715,27634,27550,27630,27765,27758,41868,3914,1,1,41,-40,215,128,50,6,124,4,81,174,10,1.2195121951219512,1.2195121951219512,-0.15,0.15,3.024390243902439,3.024390243902439,-0.1,0.1,4.2439024390243905,4.2439024390243905,-0.25,0.25,-1.025,1.025,0,0,1,0,3.0912330762189053,-2.3463181834581808
2024-09-20 13:00:00,27825,27883,27877,27822,27755,27801,27904,27930,20618,16601,1,1,52,-3,149,129,27,47,70,21,55,97,68,0.5192307692307693,0.5192307692307693,-15.666666666666666,15.666666666666666,1.3461538461538463,1.3461538461538463,-7.0,7.0,1.8653846153846154,1.8653846153846154,-22.666666666666668,22.666666666666668,-17.333333333333332,17.333333333333332,0,0,1,0,2.9994284865857024,-1.8268004757816256
2024-09-23 19:00:00,28488,28627,28566,28476,28488,28473,28607,28643,5391,14086,1,1,78,-12,119,170,41,16,0,3,90,41,19,0.5256410256410257,0.5256410256410257,-1.3333333333333333,1.3333333333333333,0.0,0.0,-0.25,0.25,0.5256410256410257,0.5256410256410257,-1.5833333333333333,1.5833333333333333,-6.5,6.5,0,0,1,0,2.2786470028974346,-3.395438555784156
2024-09-24 11:00:00,28375,28594,28459,28374,28275,28350,28470,28624,25904,55653,1,1,84,-1,195,274,11,30,100,24,85,111,54,0.13095238095238096,0.13095238095238096,-30.0,30.0,1.1904761904761905,1.1904761904761905,-24.0,24.0,1.3214285714285714,1.3214285714285714,-54.0,54.0,-84.0,84.0,0,0,1,0,4.47127483860466,0.07768451944629158
2024-09-25 15:00:00,28428,28518,28450,28427,28400,28420,28514,28538,12804,14348,1,1,22,-1,114,118,64,20,28,7,23,92,27,2.909090909090909,2.909090909090909,-20.0,20.0,1.2727272727272727,1.2727272727272727,-7.0,7.0,4.181818181818182,4.181818181818182,-27.0,27.0,-22.0,22.0,0,0,1,0,2.7772510357560463,-2.2319725086067166
2024-09-26 17:00:00,27767,27888,27769,27766,27707,27683,27810,27940,10561,31652,1,1,2,-1,103,257,41,52,60,83,3,101,135,20.5,20.5,-52.0,52.0,30.0,30.0,-83.0,83.0,50.5,50.5,-135.0,135.0,-2.0,2.0,0,0,1,1,5.657291932656229,3.41342961300925
2024-10-01 19:00:00,27726,27805,27742,27720,27664,27688,27799,27857,5658,19291,1,1,16,-6,135,169,57,52,62,32,22,119,84,3.5625,3.5625,-8.666666666666666,8.666666666666666,3.875,3.875,-5.333333333333333,5.333333333333333,7.4375,7.4375,-14.0,14.0,-2.6666666666666665,2.6666666666666665,0,0,1,0,3.0136781611813275,-1.8288018856353758
2024-10-02 16:00:00,27481,27584,27485,27480,27377,27420,27507,27590,15022,20422,1,1,4,-1,130,170,22,6,104,60,5,126,66,5.5,5.5,-6.0,6.0,26.0,26.0,-60.0,60.0,31.5,31.5,-66.0,66.0,-4.0,4.0,0,0,1,0,3.8632674520252976,0.5363413844624192
2024-10-03 23:00:00,27455,27499,27497,27445,27414,27421,27497,27508,2320,3280,1,1,42,-10,83,87,0,9,41,24,52,41,33,0.0,0.0,-0.9,0.9,0.9761904761904762,0.9761904761904762,-2.4,2.4,0.9761904761904762,0.9761904761904762,-3.3,3.3,-4.2,4.2,0,0,1,0,1.7163512791804778,-3.486281620905451
2024-10-04 13:00:00,27460,27532,27468,27457,27372,27387,27504,27547,10344,12800,1,1,8,-3,132,160,36,15,88,70,11,124,85,4.5,4.5,-5.0,5.0,11.0,11.0,-23.333333333333332,23.333333333333332,15.5,15.5,-28.333333333333332,28.333333333333332,-2.6666666666666665,2.6666666666666665,0,0,1,0,3.1896961243550686,-1.0745284521541754
2024-10-07 13:00:00,27162,27386,27163,27160,27127,27121,27242,27441,11335,25505,1,1,1,-2,115,320,79,55,35,39,3,114,94,79.0,79.0,-27.5,27.5,35.0,35.0,-19.5,19.5,114.0,114.0,-47.0,47.0,-0.5,0.5,0,0,1,1,4.760546735368025,4.033312244225006
2024-10-07 18:00:00,27235,27303,27290,27232,27188,27205,27292,27318,6769,5416,1,1,55,-3,104,113,2,15,47,27,58,49,42,0.03636363636363636,0.03636363636363636,-5.0,5.0,0.8545454545454545,0.8545454545454545,-9.0,9.0,0.8909090909090909,0.8909090909090909,-14.0,14.0,-18.333333333333332,18.333333333333332,0,0,1,0,2.1047017841724056,-2.739849322837301
2024-10-07 23:00:00,27338,27358,27340,27337,27320,27317,27354,27369,1139,1580,1,1,2,-1,34,52,14,11,18,20,3,32,31,7.0,7.0,-11.0,11.0,9.0,9.0,-20.0,20.0,16.0,16.0,-31.0,31.0,-2.0,2.0,0,0,1,0,1.8349844055171405,-2.450843959226953
2024-10-08 23:00:00,27226,27262,27236,27222,27202,27219,27247,27262,1637,1716,1,1,10,-4,45,43,11,0,24,3,14,35,3,1.1,1.1,-0.0,0.0,2.4,2.4,-0.75,0.75,3.5,3.5,-0.75,0.75,-2.5,2.5,0,0,1,0,1.0712627751937935,-3.8798000580510372
2024-10-15 20:00:00,27141,27172,27142,27139,27125,27137,27154,27186,1013,2041,1,1,1,-2,29,49,12,14,16,2,3,28,16,12.0,12.0,-7.0,7.0,16.0,16.0,-1.0,1.0,28.0,28.0,-8.0,8.0,-0.5,0.5,0,0,1,0,1.413883483007115,-2.602977087706961
2024-10-16 13:00:00,26999,27391,27021,26998,26960,26923,27089,27420,17445,44666,1,1,22,-1,129,497,68,29,39,75,23,107,104,3.090909090909091,3.090909090909091,-29.0,29.0,1.7727272727272727,1.7727272727272727,-75.0,75.0,4.863636363636363,4.863636363636363,-104.0,104.0,-22.0,22.0,0,0,1,4,4.916246577983061,1.364193569081643
2024-10-16 21:00:00,26862,26889,26888,26861,26853,26860,26901,26919,1311,3683,1,1,26,-1,48,59,13,30,9,1,27,22,31,0.5,0.5,-30.0,30.0,0.34615384615384615,0.34615384615384615,-1.0,1.0,0.8461538461538461,0.8461538461538461,-31.0,31.0,-26.0,26.0,0,0,1,0,1.774470211132598,-2.7696429900015453
2024-10-17 20:00:00,26565,26608,26575,26558,26555,26537,26589,26617,2187,4112,1,1,10,-7,34,80,14,9,10,21,17,24,30,1.4,1.4,-1.2857142857142858,1.2857142857142858,1.0,1.0,-3.0,3.0,2.4,2.4,-4.285714285714286,4.285714285714286,-1.4285714285714286,1.4285714285714286,0,0,1,0,1.1174888498012416,-3.578121541576539
2024-10-18 14:00:00,26354,26582,26372,26352,26328,26311,26430,26607,12183,44140,1,1,18,-2,102,296,58,25,26,41,20,84,66,3.2222222222222223,3.2222222222222223,-12.5,12.5,1.4444444444444444,1.4444444444444444,-20.5,20.5,4.666666666666667,4.666666666666667,-33.0,33.0,-9.0,9.0,0,0,1,0,2.716190596986653,-1.2021189529113887
2024-10-22 11:00:00,26484,26664,26493,26483,26435,26417,26503,26664,11052,35157,1,1,9,-1,68,247,10,0,49,66,10,59,66,1.1111111111111112,1.1111111111111112,-0.0,0.0,5.444444444444445,5.444444444444445,-66.0,66.0,6.555555555555555,6.555555555555555,-66.0,66.0,-9.0,9.0,0,0,1,0,2.9072563191411516,-0.7384864293291841
2024-10-22 16:00:00,26469,26490,26489,26463,26454,26458,26511,26568,4913,8839,1,1,20,-6,57,110,22,78,15,5,26,37,83,1.1,1.1,-13.0,13.0,0.75,0.75,-0.8333333333333334,0.8333333333333334,1.85,1.85,-13.833333333333334,13.833333333333334,-3.3333333333333335,3.3333333333333335,0,0,1,0,1.851664391964459,-2.6918025508495136
2024-10-22 20:00:00,26363,26394,26364,26362,26345,26337,26389,26415,2133,3681,1,1,1,-1,44,78,25,21,18,25,2,43,46,25.0,25.0,-21.0,21.0,18.0,18.0,-25.0,25.0,43.0,43.0,-46.0,46.0,-1.0,1.0,0,0,1,1,2.3783341590993055,-0.47854711583703097
2024-10-23 11:00:00,26110,26384,26159,26108,26044,26090,26222,26420,21904,54705,1,1,49,-2,178,330,63,36,66,18,51,129,54,1.2857142857142858,1.2857142857142858,-18.0,18.0,1.346938775510204,1.346938775510204,-9.0,9.0,2.63265306122449,2.63265306122449,-27.0,27.0,-24.5,24.5,0,0,1,0,3.1844791056297654,-0.6227477176527458
2024-10-23 21:00:00,26021,26106,26030,26019,26000,26000,26042,26116,10763,11535,1,1,9,-2,42,116,12,10,21,19,11,33,29,1.3333333333333333,1.3333333333333333,-5.0,5.0,2.3333333333333335,2.3333333333333335,-9.5,9.5,3.6666666666666665,3.6666666666666665,-14.5,14.5,-4.5,4.5,0,0,1,0,1.2415246771188533,-2.9012292925026757
2024-10-28 20:00:00,24955,25049,25047,24954,24913,24900,25060,25071,5248,9907,1,1,92,-1,147,171,13,22,42,54,93,55,76,0.14130434782608695,0.14130434782608695,-22.0,22.0,0.45652173913043476,0.45652173913043476,-54.0,54.0,0.5978260869565217,0.5978260869565217,-76.0,76.0,-92.0,92.0,0,0,1,0,3.6164931672698986,0.42120594733078087
2024-10-29 17:00:00,24996,25031,25022,24994,24950,24955,25065,25131,10495,16190,1,1,26,-2,115,176,43,100,46,39,28,89,139,1.6538461538461537,1.6538461538461537,-50.0,50.0,1.7692307692307692,1.7692307692307692,-19.5,19.5,3.423076923076923,3.423076923076923,-69.5,69.5,-13.0,13.0,0,0,1,0,3.3938318301218136,0.13682499868843664
2024-10-30 15:00:00,25030,25176,25089,25028,25010,25012,25159,25189,15126,18899,1,1,59,-2,149,177,70,13,20,16,61,90,29,1.1864406779661016,1.1864406779661016,-6.5,6.5,0.3389830508474576,0.3389830508474576,-8.0,8.0,1.5254237288135593,1.5254237288135593,-14.5,14.5,-29.5,29.5,0,0,1,0,2.072181721415525,-1.6662300389486189
2024-10-31 10:00:00,24810,24924,24906,24802,24714,24800,25000,24964,66374,7918,1,1,96,-8,286,164,94,40,96,2,104,190,42,0.9791666666666666,0.9791666666666666,-5.0,5.0,1.0,1.0,-0.25,0.25,1.9791666666666667,1.9791666666666667,-5.25,5.25,-12.0,12.0,0,0,1,0,2.944604122903798,-0.6027203751409601
2024-11-01 21:00:00,24395,24484,24402,24394,24381,24394,24437,24504,2884,5751,1,1,7,-1,56,110,35,20,14,0,8,49,20,5.0,5.0,-20.0,20.0,2.0,2.0,-0.0,0.0,7.0,7.0,-20.0,20.0,-7.0,7.0,0,0,1,0,1.0626043373711664,-2.350091102753696
2024-11-02 12:00:00,24439,24496,24457,24436,24423,24412,24469,24511,2497,6331,1,1,18,-3,46,99,12,15,16,24,21,28,39,0.6666666666666666,0.6666666666666666,-5.0,5.0,0.8888888888888888,0.8888888888888888,-8.0,8.0,1.5555555555555556,1.5555555555555556,-13.0,13.0,-6.0,6.0,0,0,1,0,0.8807935571917962,-2.78867582348171
2024-11-06 23:00:00,24952,24972,24957,24951,24931,24951,24969,24995,1687,1619,1,1,5,-1,38,44,12,23,21,0,6,33,23,2.4,2.4,-23.0,23.0,4.2,4.2,-0.0,0.0,6.6,6.6,-23.0,23.0,-5.0,5.0,0,0,1,0,0.9824508314816349,-2.6708767144308694
2024-11-12 19:00:00,26149,26232,26166,26136,26093,26136,26190,26278,7847,9867,1,1,17,-13,97,142,24,46,56,0,30,80,46,1.411764705882353,1.411764705882353,-3.5384615384615383,3.5384615384615383,3.2941176470588234,3.2941176470588234,-0.0,0.0,4.705882352941177,4.705882352941177,-3.5384615384615383,3.5384615384615383,-1.3076923076923077,1.3076923076923077,0,0,1,0,1.8407022449071861,-2.6678656920619614
2024-11-13 20:00:00,26109,26420,26120,26106,26035,26100,26168,26420,12416,23487,1,1,11,-3,133,320,48,0,74,6,14,122,6,4.363636363636363,4.363636363636363,-0.0,0.0,6.7272727272727275,6.7272727272727275,-2.0,2.0,11.090909090909092,11.090909090909092,-2.0,2.0,-3.6666666666666665,3.6666666666666665,0,0,1,0,2.133174929044883,-1.9183863448912841
2024-11-18 11:00:00,25437,25627,25447,25436,25401,25210,25554,25627,22971,86534,1,1,10,-1,153,417,107,0,36,226,11,143,226,10.7,10.7,-0.0,0.0,3.6,3.6,-226.0,226.0,14.3,14.3,-226.0,226.0,-10.0,10.0,0,0,1,4,7.410789539361603,6.216885333905533
2024-11-19 13:00:00,25058,25081,25060,25056,24979,24910,25097,25083,22665,40261,1,1,2,-2,118,173,37,2,79,146,4,116,148,18.5,18.5,-1.0,1.0,39.5,39.5,-73.0,73.0,58.0,58.0,-74.0,74.0,-1.0,1.0,0,0,1,1,4.104791020935574,2.991663068653756
2024-11-20 18:00:00,24129,24351,24149,24119,24050,24115,24206,24398,27322,38697,1,1,20,-10,156,283,57,47,79,4,30,136,51,2.85,2.85,-4.7,4.7,3.95,3.95,-0.4,0.4,6.8,6.8,-5.1,5.1,-2.0,2.0,0,0,1,0,2.10841759774836,-1.1091479012360337
2024-11-21 18:00:00,23789,24020,23965,23787,23780,23776,24226,24035,56138,28666,1,1,176,-2,446,259,261,15,9,11,178,270,26,1.4829545454545454,1.4829545454545454,-7.5,7.5,0.05113636363636364,0.05113636363636364,-5.5,5.5,1.5340909090909092,1.5340909090909092,-13.0,13.0,-88.0,88.0,0,0,1,4,4.616806206282476,1.724912921867909
2024-11-25 11:00:00,23691,23969,23742,23688,23604,23633,23787,24068,41319,70720,1,1,51,-3,183,435,45,99,87,55,54,132,154,0.8823529411764706,0.8823529411764706,-33.0,33.0,1.7058823529411764,1.7058823529411764,-18.333333333333332,18.333333333333332,2.588235294117647,2.588235294117647,-51.333333333333336,51.333333333333336,-17.0,17.0,0,0,1,0,3.7735532088624644,1.44818059074829
2024-11-26 21:00:00,22536,22634,22581,22532,22488,22528,22592,22646,6009,6258,1,1,45,-4,104,118,11,12,48,4,49,59,16,0.24444444444444444,0.24444444444444444,-3.0,3.0,1.0666666666666667,1.0666666666666667,-1.0,1.0,1.3111111111111111,1.3111111111111111,-4.0,4.0,-11.25,11.25,0,0,1,0,0.6105305469661808,-2.361818528596658
2024-11-27 11:00:00,22317,22621,22412,22316,22265,22225,22489,22700,47571,91277,1,1,95,-1,224,475,77,79,52,91,96,129,170,0.8105263157894737,0.8105263157894737,-79.0,79.0,0.5473684210526316,0.5473684210526316,-91.0,91.0,1.3578947368421053,1.3578947368421053,-170.0,170.0,-95.0,95.0,0,0,1,4,6.25196002597686,5.779021404977695
2024-11-27 22:00:00,22812,22843,22814,22811,22728,22757,22830,22844,6349,4898,1,1,2,-1,102,87,16,1,84,54,3,100,55,8.0,8.0,-1.0,1.0,42.0,42.0,-54.0,54.0,50.0,50.0,-55.0,55.0,-2.0,2.0,0,0,1,1,2.3067140021158585,1.3266679745389163
2024-11-28 15:00:00,22594,22820,22726,22591,22586,22532,22903,22837,41594,42123,1,1,132,-3,317,305,177,17,8,59,135,185,76,1.3409090909090908,1.3409090909090908,-5.666666666666667,5.666666666666667,0.06060606060606061,0.06060606060606061,-19.666666666666668,19.666666666666668,1.4015151515151516,1.4015151515151516,-25.333333333333332,25.333333333333332,-44.0,44.0,0,0,1,0,3.5660767886933833,1.2342092168372347
2024-11-29 22:00:00,23855,23865,23864,23847,23839,23823,23910,23921,3587,3758,1,1,9,-8,71,98,46,56,16,24,17,62,80,5.111111111111111,5.111111111111111,-7.0,7.0,1.7777777777777777,1.7777777777777777,-3.0,3.0,6.888888888888889,6.888888888888889,-10.0,10.0,-1.125,1.125,0,0,1,0,1.316728869537659,-2.0560985314107536
2024-12-02 16:00:00,23768,23870,23835,23767,23707,23764,23839,23969,19431,22186,1,1,67,-1,132,205,4,99,61,3,68,65,102,0.05970149253731343,0.05970149253731343,-99.0,99.0,0.9104477611940298,0.9104477611940298,-3.0,3.0,0.9701492537313433,0.9701492537313433,-102.0,102.0,-67.0,67.0,0,0,1,4,3.737032924975188,1.3740406833095284
2024-12-04 22:00:00,22667,22707,22683,22664,22640,22640,22695,22725,4809,5512,1,1,16,-3,55,85,12,18,27,24,19,39,42,0.75,0.75,-6.0,6.0,1.6875,1.6875,-8.0,8.0,2.4375,2.4375,-14.0,14.0,-5.333333333333333,5.333333333333333,0,0,1,0,0.5379322214952102,-2.3294735838407012
2024-12-05 12:00:00,22687,22805,22793,22683,22612,22657,22827,22945,27289,41168,1,1,106,-4,215,288,34,140,75,26,110,109,166,0.32075471698113206,0.32075471698113206,-35.0,35.0,0.7075471698113207,0.7075471698113207,-6.5,6.5,1.028301886792453,1.028301886792453,-41.5,41.5,-26.5,26.5,0,0,1,0,3.4469672765802932,1.082147213961028
2024-12-09 19:00:00,23912,24044,23938,23910,23880,23854,23946,24076,7563,16522,1,1,26,-2,66,222,8,32,32,56,28,40,88,0.3076923076923077,0.3076923076923077,-16.0,16.0,1.2307692307692308,1.2307692307692308,-28.0,28.0,1.5384615384615385,1.5384615384615385,-44.0,44.0,-13.0,13.0,0,0,1,0,1.9513502671516914,-1.109442345161007
2024-12-10 15:00:00,23369,23452,23377,23368,23328,23321,23475,23483,17365,24909,1,1,8,-1,147,162,98,31,41,47,9,139,78,12.25,12.25,-31.0,31.0,5.125,5.125,-47.0,47.0,17.375,17.375,-78.0,78.0,-8.0,8.0,0,0,1,0,3.1400508927399473,1.1965183188224537
2024-12-11 14:00:00,23125,23294,23225,23122,23072,23095,23300,23296,23607,27637,1,1,100,-3,228,201,75,2,53,27,103,128,29,0.75,0.75,-0.6666666666666666,0.6666666666666666,0.53,0.53,-9.0,9.0,1.28,1.28,-9.666666666666666,9.666666666666666,-33.333333333333336,33.333333333333336,0,0,1,0,2.147305930139243,-0.7537416837338297
2024-12-18 13:00:00,23820,23837,23830,23819,23723,23775,23833,23874,5899,10377,1,1,10,-1,110,99,3,37,97,44,11,100,81,0.3,0.3,-37.0,37.0,9.7,9.7,-44.0,44.0,10.0,10.0,-81.0,81.0,-10.0,10.0,0,0,1,0,2.776456765855295,0.28440372970051353
2024-12-18 21:00:00,24324,24445,24414,24319,24324,24313,24430,24482,4054,7475,1,1,90,-5,106,169,16,37,0,6,95,16,43,0.17777777777777778,0.17777777777777778,-7.4,7.4,0.0,0.0,-1.2,1.2,0.17777777777777778,0.17777777777777778,-8.6,8.6,-18.0,18.0,0,0,1,0,1.3623238476961095,-2.4067405432881763
2024-12-19 19:00:00,24292,24448,24321,24281,24271,24225,24350,24448,7780,22691,1,1,29,-11,79,223,29,0,21,56,40,50,56,1.0,1.0,-0.0,0.0,0.7241379310344828,0.7241379310344828,-5.090909090909091,5.090909090909091,1.7241379310344827,1.7241379310344827,-5.090909090909091,5.090909090909091,-2.6363636363636362,2.6363636363636362,0,0,1,0,1.3305377570551553,-2.335465935955303
2024-12-20 11:00:00,24152,24297,24243,24148,24125,24135,24299,24335,20114,47358,1,1,91,-4,174,200,56,38,27,13,95,83,51,0.6153846153846154,0.6153846153846154,-9.5,9.5,0.2967032967032967,0.2967032967032967,-3.25,3.25,0.9120879120879121,0.9120879120879121,-12.75,12.75,-22.75,22.75,0,0,1,0,2.086075838893263,-1.1595314146573472
2024-12-27 14:00:00,28165,28378,28190,28164,28070,28140,28208,28380,25241,35922,1,1,25,-1,138,240,18,2,95,24,26,113,26,0.72,0.72,-2.0,2.0,3.8,3.8,-24.0,24.0,4.52,4.52,-26.0,26.0,-25.0,25.0,0,0,1,0,3.0369172056669287,-1.6068073157362945
2025-01-08 20:00:00,28758,28787,28765,28756,28757,28729,28787,28799,1623,4148,1,1,7,-2,30,70,22,12,1,27,9,23,39,3.142857142857143,3.142857142857143,-6.0,6.0,0.14285714285714285,0.14285714285714285,-13.5,13.5,3.2857142857142856,3.2857142857142856,-19.5,19.5,-3.5,3.5,0,0,1,0,1.9078583825045128,-3.480348032319448
2025-01-14 16:00:00,29108,29145,29131,29105,29025,29012,29170,29177,14519,19171,1,1,23,-3,145,165,39,32,83,93,26,122,125,1.6956521739130435,1.6956521739130435,-10.666666666666666,10.666666666666666,3.608695652173913,3.608695652173913,-31.0,31.0,5.304347826086956,5.304347826086956,-41.666666666666664,41.666666666666664,-7.666666666666667,7.666666666666667,0,0,1,0,4.068217598643187,-1.026957681169273
2025-01-16 13:00:00,29286,29332,29319,29284,29190,29253,29333,29443,15376,19168,1,1,33,-2,143,190,14,111,96,31,35,110,142,0.42424242424242425,0.42424242424242425,-55.5,55.5,2.909090909090909,2.909090909090909,-15.5,15.5,3.3333333333333335,3.3333333333333335,-71.0,71.0,-16.5,16.5,0,0,1,0,4.7502332542772585,-0.2591810743335463
2025-01-23 16:00:00,28820,28914,28879,28819,28761,28806,28898,28925,8252,7031,1,1,59,-1,137,119,19,11,59,13,60,78,24,0.3220338983050847,0.3220338983050847,-11.0,11.0,1.0,1.0,-13.0,13.0,1.3220338983050848,1.3220338983050848,-24.0,24.0,-59.0,59.0,0,0,1,0,3.096115344637029,-2.2039163104407336
2025-01-23 22:00:00,28815,28849,28825,28812,28795,28810,28839,28899,1466,3705,1,1,10,-3,44,89,14,50,20,2,13,34,52,1.4,1.4,-16.666666666666668,16.666666666666668,2.0,2.0,-0.6666666666666666,0.6666666666666666,3.4,3.4,-17.333333333333332,17.333333333333332,-3.3333333333333335,3.3333333333333335,0,0,1,0,2.1445489186971587,-3.323837032799287
2025-01-27 12:00:00,28578,28774,28658,28577,28506,28577,28664,28783,29565,17230,1,1,80,-1,158,206,6,9,72,0,81,78,9,0.075,0.075,-9.0,9.0,0.9,0.9,-0.0,0.0,0.975,0.975,-9.0,9.0,-80.0,80.0,0,0,1,0,3.058906260881415,-2.0079267958968234
2025-01-27 22:00:00,28334,28400,28363,28331,28327,28313,28388,28406,2823,5651,1,1,29,-3,61,93,25,6,7,18,32,32,24,0.8620689655172413,0.8620689655172413,-2.0,2.0,0.2413793103448276,0.2413793103448276,-6.0,6.0,1.103448275862069,1.103448275862069,-8.0,8.0,-9.666666666666666,9.666666666666666,0,0,1,0,1.793461471944515,-3.593661806571052
2025-01-29 20:00:00,28896,29000,28910,28885,28870,28852,28930,29080,2275,12774,1,1,14,-11,60,228,20,80,26,33,25,46,113,1.4285714285714286,1.4285714285714286,-7.2727272727272725,7.2727272727272725,1.8571428571428572,1.8571428571428572,-3.0,3.0,3.2857142857142856,3.2857142857142856,-10.272727272727273,10.272727272727273,-1.2727272727272727,1.2727272727272727,0,0,1,0,2.880510869591783,-2.745364606124633
2025-01-29 21:00:00,28909,28896,28884,28910,28870,28870,28921,28930,1153,2275,1,1,-25,1,51,60,12,20,14,26,-26,26,46,-0.48,0.48,20.0,20.0,-0.56,0.56,26.0,26.0,-1.04,1.04,46.0,46.0,-25.0,25.0,0,0,1,0,1.669138719814287,-3.960940697213432
2025-01-29 22:00:00,28887,28909,28893,28884,28872,28870,28915,28921,1026,1153,1,1,6,-3,43,51,22,12,15,14,9,37,26,3.6666666666666665,3.6666666666666665,-4.0,4.0,2.5,2.5,-4.666666666666667,4.666666666666667,6.166666666666667,6.166666666666667,-8.666666666666666,8.666666666666666,-2.0,2.0,0,0,1,0,1.8012791580458105,-3.6875686159963363
2025-01-30 12:00:00,28909,29008,28915,28908,28852,28892,28944,29049,9852,13546,1,1,6,-1,92,157,29,41,57,16,7,86,57,4.833333333333333,4.833333333333333,-41.0,41.0,9.5,9.5,-16.0,16.0,14.333333333333334,14.333333333333334,-57.0,57.0,-6.0,6.0,0,0,1,0,3.49432066349727,-1.1903638612988061
2025-01-31 19:00:00,28798,28940,28890,28795,28702,28650,28893,28945,8773,23429,1,1,92,-3,191,295,3,5,96,145,95,99,150,0.03260869565217391,0.03260869565217391,-1.6666666666666667,1.6666666666666667,1.0434782608695652,1.0434782608695652,-48.333333333333336,48.333333333333336,1.076086956521739,1.076086956521739,-50.0,50.0,-30.666666666666668,30.666666666666668,0,0,1,0,4.783536611127712,-0.24676130726827006
2025-02-03 18:00:00,28620,28671,28632,28619,28571,28593,28672,28675,7089,7404,1,1,12,-1,101,82,40,4,49,26,13,89,30,3.3333333333333335,3.3333333333333335,-4.0,4.0,4.083333333333333,4.083333333333333,-26.0,26.0,7.416666666666667,7.416666666666667,-30.0,30.0,-12.0,12.0,0,0,1,0,2.7028260361807415,-2.33766084791379
2025-02-04 19:00:00,28477,28556,28506,28462,28452,28443,28516,28559,3264,10990,1,1,29,-15,64,116,10,3,25,19,44,35,22,0.3448275862068966,0.3448275862068966,-0.2,0.2,0.8620689655172413,0.8620689655172413,-1.2666666666666666,1.2666666666666666,1.206896551724138,1.206896551724138,-1.4666666666666666,1.4666666666666666,-1.9333333333333333,1.9333333333333333,0,0,1,0,1.8263794597465477,-3.843383353596419
2025-02-04 22:00:00,28330,28479,28363,28329,28315,28299,28413,28479,4075,10881,1,1,33,-1,98,180,50,0,15,30,34,65,30,1.5151515151515151,1.5151515151515151,-0.0,0.0,0.45454545454545453,0.45454545454545453,-30.0,30.0,1.9696969696969697,1.9696969696969697,-30.0,30.0,-33.0,33.0,0,0,1,0,2.800436507201151,-2.2756490684590505
2025-02-07 16:00:00,29320,29348,29336,29319,29271,29310,29378,29406,10128,5723,1,1,16,-1,107,96,42,58,49,9,17,91,67,2.625,2.625,-58.0,58.0,3.0625,3.0625,-9.0,9.0,5.6875,5.6875,-67.0,67.0,-16.0,16.0,0,0,1,0,3.8116900883617237,-1.2866345074355148
2025-02-11 12:00:00,29709,29790,29783,29702,29654,29602,29820,29870,15318,24724,1,1,74,-7,166,268,37,80,55,100,81,92,180,0.5,0.5,-11.428571428571429,11.428571428571429,0.7432432432432432,0.7432432432432432,-14.285714285714286,14.285714285714286,1.2432432432432432,1.2432432432432432,-25.714285714285715,25.714285714285715,-10.571428571428571,10.571428571428571,0,0,1,0,4.571530944382509,-1.0876143143232968
2025-02-12 16:00:00,30294,30456,30398,30289,30258,30284,30445,30473,16989,30468,1,1,104,-5,187,189,47,17,36,5,109,83,22,0.4519230769230769,0.4519230769230769,-3.4,3.4,0.34615384615384615,0.34615384615384615,-1.0,1.0,0.7980769230769231,0.7980769230769231,-4.4,4.4,-20.8,20.8,0,0,1,0,3.3514415121391017,-2.742796080821847
2025-02-13 19:00:00,31650,31846,31681,31609,31612,31463,31737,31878,5645,23203,1,1,31,-41,125,415,56,32,38,146,72,94,178,1.8064516129032258,1.8064516129032258,-0.7804878048780488,0.7804878048780488,1.2258064516129032,1.2258064516129032,-3.5609756097560976,3.5609756097560976,3.032258064516129,3.032258064516129,-4.341463414634147,4.341463414634147,-0.7560975609756098,0.7560975609756098,0,0,1,0,4.987849999821308,-2.2268431697013154
2025-02-14 14:00:00,31689,32317,31760,31681,31555,31621,31929,32372,36747,73419,1,1,71,-8,374,751,169,55,134,60,79,303,115,2.380281690140845,2.380281690140845,-6.875,6.875,1.8873239436619718,1.8873239436619718,-7.5,7.5,4.267605633802817,4.267605633802817,-14.375,14.375,-8.875,8.875,0,0,1,4,7.131264820370644,0.8935482531048908
2025-02-17 20:00:00,32322,32470,32415,32319,32263,32312,32420,32499,6385,8610,1,1,93,-3,157,187,5,29,59,7,96,64,36,0.053763440860215055,0.053763440860215055,-9.666666666666666,9.666666666666666,0.6344086021505376,0.6344086021505376,-2.3333333333333335,2.3333333333333335,0.6881720430107527,0.6881720430107527,-12.0,12.0,-31.0,31.0,0,0,1,0,3.880919745505417,-3.162287732529867
2025-02-18 22:00:00,31698,31842,31742,31697,31630,31541,31775,31890,4716,16029,1,1,44,-1,145,349,33,48,68,156,45,101,204,0.75,0.75,-48.0,48.0,1.5454545454545454,1.5454545454545454,-156.0,156.0,2.2954545454545454,2.2954545454545454,-204.0,204.0,-44.0,44.0,0,0,1,4,8.32789073423882,3.3371563653783483
2025-02-20 19:00:00,32043,32265,32071,32039,32007,31979,32138,32289,3898,15115,1,1,28,-4,131,310,67,24,36,60,32,103,84,2.392857142857143,2.392857142857143,-6.0,6.0,1.2857142857142858,1.2857142857142858,-15.0,15.0,3.6785714285714284,3.6785714285714284,-21.0,21.0,-7.0,7.0,0,0,1,0,4.335003532563942,-2.4194066832851338
2025-02-21 14:00:00,31724,32010,31851,31699,31656,31670,31873,32028,21207,29043,1,1,127,-25,217,358,22,18,68,29,152,90,47,0.1732283464566929,0.1732283464566929,-0.72,0.72,0.5354330708661418,0.5354330708661418,-1.16,1.16,0.7086614173228346,0.7086614173228346,-1.88,1.88,-5.08,5.08,0,0,1,0,4.379023425322212,-2.702442845198969
2025-02-25 19:00:00,32068,32114,32070,32065,32030,32011,32113,32119,3245,10906,1,1,2,-3,83,108,43,5,38,54,5,81,59,21.5,21.5,-1.6666666666666667,1.6666666666666667,19.0,19.0,-18.0,18.0,40.5,40.5,-19.666666666666668,19.666666666666668,-0.6666666666666666,0.6666666666666666,0,0,1,0,3.828895440747666,-1.7049166547258483
2025-02-26 11:00:00,32023,32081,32043,32022,31955,31937,32061,32085,9513,21077,1,1,20,-1,106,148,18,4,68,85,21,86,89,0.9,0.9,-4.0,4.0,3.4,3.4,-85.0,85.0,4.3,4.3,-89.0,89.0,-20.0,20.0,0,0,1,0,5.0114689988428385,-0.9384327244591856
2025-02-26 21:00:00,31340,31450,31400,31333,31317,31307,31467,31554,4742,6459,1,1,60,-7,150,247,67,104,23,26,67,90,130,1.1166666666666667,1.1166666666666667,-14.857142857142858,14.857142857142858,0.38333333333333336,0.38333333333333336,-3.7142857142857144,3.7142857142857144,1.5,1.5,-18.571428571428573,18.571428571428573,-8.571428571428571,8.571428571428571,0,0,1,0,4.469347661258263,-2.197108358959373
2025-02-27 21:00:00,31168,31247,31218,31165,31100,31136,31249,31284,4758,5870,1,1,50,-3,149,148,31,37,68,29,53,99,66,0.62,0.62,-12.333333333333334,12.333333333333334,1.36,1.36,-9.666666666666666,9.666666666666666,1.98,1.98,-22.0,22.0,-16.666666666666668,16.666666666666668,0,0,1,0,3.8674807585341084,-2.583395179347881
2025-02-28 22:00:00,31198,31310,31278,31197,31093,30837,31299,31375,8556,37140,1,1,80,-1,206,538,21,65,105,360,81,126,425,0.2625,0.2625,-65.0,65.0,1.3125,1.3125,-360.0,360.0,1.575,1.575,-425.0,425.0,-80.0,80.0,0,0,1,4,14.178510316652966,11.485852086829695
2025-03-05 18:00:00,31997,32054,32036,31995,31992,31940,32124,32130,12020,25041,1,1,39,-2,132,190,88,76,5,55,41,93,131,2.2564102564102564,2.2564102564102564,-38.0,38.0,0.1282051282051282,0.1282051282051282,-27.5,27.5,2.3846153846153846,2.3846153846153846,-65.5,65.5,-19.5,19.5,0,0,1,0,5.211903693262599,-1.0056777598161961
2025-03-05 21:00:00,31970,32006,31986,31969,31890,31940,32022,32048,5245,4876,1,1,16,-1,132,108,36,42,80,29,17,116,71,2.25,2.25,-42.0,42.0,5.0,5.0,-29.0,29.0,7.25,7.25,-71.0,71.0,-16.0,16.0,0,0,1,0,4.811644886931536,-1.3654628026107138
2025-03-06 19:00:00,31876,31956,31879,31871,31818,31842,31958,31967,4571,8093,1,1,3,-5,140,125,79,11,58,29,8,137,40,26.333333333333332,26.333333333333332,-2.2,2.2,19.333333333333332,19.333333333333332,-5.8,5.8,45.666666666666664,45.666666666666664,-8.0,8.0,-0.6,0.6,0,0,1,1,4.095890944828672,-1.3730474330775604
2025-03-07 23:00:00,31947,31952,31950,31938,31912,31895,32018,32021,3672,3052,1,1,3,-9,106,126,68,69,35,43,12,103,112,22.666666666666668,22.666666666666668,-7.666666666666667,7.666666666666667,11.666666666666666,11.666666666666666,-4.777777777777778,4.777777777777778,34.333333333333336,34.333333333333336,-12.444444444444445,12.444444444444445,-0.3333333333333333,0.3333333333333333,0,0,1,0,4.289927480136215,-1.613257899743382
2025-03-10 14:00:00,32124,32196,32193,32123,32110,32100,32230,32239,7666,18010,1,1,69,-1,120,139,37,43,14,23,70,51,66,0.5362318840579711,0.5362318840579711,-43.0,43.0,0.2028985507246377,0.2028985507246377,-23.0,23.0,0.7391304347826086,0.7391304347826086,-66.0,66.0,-69.0,69.0,0,0,1,0,4.8226602062524835,-1.472307243152353
2025-03-11 15:00:00,32045,32170,32116,32043,32006,32021,32140,32198,11057,12230,1,1,71,-2,134,177,24,28,39,22,73,63,50,0.3380281690140845,0.3380281690140845,-14.0,14.0,0.5492957746478874,0.5492957746478874,-11.0,11.0,0.8873239436619719,0.8873239436619719,-25.0,25.0,-35.5,35.5,0,0,1,0,3.9819892048645578,-2.7132401105536954
2025-03-13 21:00:00,32042,32105,32063,32039,31999,31938,32094,32160,3908,12519,1,1,21,-3,95,222,31,55,43,101,24,74,156,1.4761904761904763,1.4761904761904763,-18.333333333333332,18.333333333333332,2.0476190476190474,2.0476190476190474,-33.666666666666664,33.666666666666664,3.5238095238095237,3.5238095238095237,-52.0,52.0,-7.0,7.0,0,0,1,0,4.837839906051042,-1.593650460263062
2025-03-17 15:00:00,32537,32704,32617,32534,32521,32378,32681,32735,10266,30460,1,1,80,-3,160,357,64,31,16,156,83,80,187,0.8,0.8,-10.333333333333334,10.333333333333334,0.2,0.2,-52.0,52.0,1.0,1.0,-62.333333333333336,62.333333333333336,-26.666666666666668,26.666666666666668,0,0,1,0,6.058262411956135,-0.40637241418436665
2025-03-21 19:00:00,33589,33737,33651,33573,33576,33564,33691,33760,3842,12930,1,1,62,-16,115,196,40,23,13,9,78,53,32,0.6451612903225806,0.6451612903225806,-1.4375,1.4375,0.20967741935483872,0.20967741935483872,-0.5625,0.5625,0.8548387096774194,0.8548387096774194,-2.0,2.0,-3.875,3.875,0,0,1,0,3.722713209494199,-4.176715397013725
2025-03-27 17:00:00,32443,32546,32511,32442,32435,32333,32614,32621,10165,15285,1,1,68,-1,179,288,103,75,8,109,69,111,184,1.5147058823529411,1.5147058823529411,-75.0,75.0,0.11764705882352941,0.11764705882352941,-109.0,109.0,1.6323529411764706,1.6323529411764706,-184.0,184.0,-68.0,68.0,0,0,1,4,8.411337183039457,2.955735854994169
2025-03-28 17:00:00,31662,31774,31748,31658,31642,31644,31839,31775,12789,17005,1,1,86,-4,197,131,91,1,20,14,90,111,15,1.058139534883721,1.058139534883721,-0.25,0.25,0.23255813953488372,0.23255813953488372,-3.5,3.5,1.2906976744186047,1.2906976744186047,-3.75,3.75,-21.5,21.5,0,0,1,0,3.713133958603713,-3.0439791011068595
2025-03-31 20:00:00,32345,32426,32363,32344,32330,32300,32389,32436,1041,2853,1,1,18,-1,59,136,26,10,15,44,19,41,54,1.4444444444444444,1.4444444444444444,-10.0,10.0,0.8333333333333334,0.8333333333333334,-44.0,44.0,2.2777777777777777,2.2777777777777777,-54.0,54.0,-18.0,18.0,0,0,1,0,3.874433614951924,-2.7709797209899305
2025-04-01 15:00:00,31886,32192,31903,31885,31731,31805,31960,32201,16027,20338,1,1,17,-1,229,396,57,9,155,80,18,212,89,3.3529411764705883,3.3529411764705883,-9.0,9.0,9.117647058823529,9.117647058823529,-80.0,80.0,12.470588235294118,12.470588235294118,-89.0,89.0,-17.0,17.0,0,0,1,4,6.553930002382165,0.8764036145022004
2025-04-03 19:00:00,31101,31248,31165,31100,30819,31050,31187,31310,12921,13542,1,1,64,-1,368,260,22,62,282,50,65,304,112,0.34375,0.34375,-62.0,62.0,4.40625,4.40625,-50.0,50.0,4.75,4.75,-112.0,112.0,-64.0,64.0,0,0,1,4,7.944653816402685,2.5049312966435275
2025-04-08 12:00:00,29953,29989,29971,29948,29772,29926,30008,30120,14991,11497,1,1,18,-5,236,194,37,131,181,22,23,218,153,2.0555555555555554,2.0555555555555554,-26.2,26.2,10.055555555555555,10.055555555555555,-4.4,4.4,12.11111111111111,12.11111111111111,-30.6,30.6,-3.6,3.6,0,0,1,0,5.261732346362442,-0.21712950557975763
2025-04-08 20:00:00,29543,30137,29722,29536,29526,29500,29794,30211,12058,18174,1,1,179,-7,268,711,72,74,17,36,186,89,110,0.4022346368715084,0.4022346368715084,-10.571428571428571,10.571428571428571,0.09497206703910614,0.09497206703910614,-5.142857142857143,5.142857142857143,0.4972067039106145,0.4972067039106145,-15.714285714285714,15.714285714285714,-25.571428571428573,25.571428571428573,0,0,1,0,5.409253079722791,-0.5614202633687122
2025-04-09 22:00:00,30139,30361,30276,30131,30137,30123,30331,30430,4715,12610,1,1,137,-8,194,307,55,69,2,8,145,57,77,0.40145985401459855,0.40145985401459855,-8.625,8.625,0.014598540145985401,0.014598540145985401,-1.0,1.0,0.41605839416058393,0.41605839416058393,-9.625,9.625,-17.125,17.125,0,0,1,0,3.9957853444465843,-2.3142213677950676
2025-04-10 12:00:00,30223,30547,30360,30222,30173,30222,30448,30619,14758,19082,1,1,137,-1,275,397,88,72,50,0,138,138,72,0.6423357664233577,0.6423357664233577,-72.0,72.0,0.36496350364963503,0.36496350364963503,-0.0,0.0,1.0072992700729928,1.0072992700729928,-72.0,72.0,-137.0,137.0,0,0,1,4,6.577181816565918,1.211151173495199
2025-04-11 15:00:00,30789,30912,30797,30788,30650,30728,30858,31015,12243,16978,1,1,8,-1,208,287,61,103,139,60,9,200,163,7.625,7.625,-103.0,103.0,17.375,17.375,-60.0,60.0,25.0,25.0,-163.0,163.0,-8.0,8.0,0,0,1,4,7.765294293002642,3.4880225678773176
2025-04-11 22:00:00,30896,30965,30940,30893,30855,30831,30958,31062,1405,4484,1,1,44,-3,103,231,18,97,41,62,47,59,159,0.4090909090909091,0.4090909090909091,-32.333333333333336,32.333333333333336,0.9318181818181818,0.9318181818181818,-20.666666666666668,20.666666666666668,1.3409090909090908,1.3409090909090908,-53.0,53.0,-14.666666666666666,14.666666666666666,0,0,1,0,4.6650525883722835,-1.4424016063044787
2025-04-14 23:00:00,30488,30564,30497,30486,30431,30448,30550,30565,1677,1163,1,1,9,-2,119,117,53,1,57,38,11,110,39,5.888888888888889,5.888888888888889,-0.5,0.5,6.333333333333333,6.333333333333333,-19.0,19.0,12.222222222222221,12.222222222222221,-19.5,19.5,-4.5,4.5,0,0,1,0,3.310177064438853,-2.5715035079597843
2025-04-16 10:00:00,30477,30653,30571,30472,30436,30472,30596,30653,11583,9159,1,1,94,-5,160,181,25,0,41,0,99,66,0,0.26595744680851063,0.26595744680851063,-0.0,0.0,0.43617021276595747,0.43617021276595747,-0.0,0.0,0.7021276595744681,0.7021276595744681,-0.0,0.0,-18.8,18.8,0,0,1,0,2.941844744458469,-3.444705815132892
2025-04-16 21:00:00,31090,31214,31125,31082,31076,31042,31165,31240,2573,4857,1,1,35,-8,89,198,40,26,14,40,43,54,66,1.1428571428571428,1.1428571428571428,-3.25,3.25,0.4,0.4,-5.0,5.0,1.542857142857143,1.542857142857143,-8.25,8.25,-4.375,4.375,0,0,1,0,3.1988736885310614,-3.450933843488613
2025-04-18 10:00:00,31087,31185,31151,31086,31014,31050,31209,31185,11750,7682,1,1,64,-1,195,135,58,0,73,36,65,131,36,0.90625,0.90625,-0.0,0.0,1.140625,1.140625,-36.0,36.0,2.046875,2.046875,-36.0,36.0,-64.0,64.0,0,0,1,0,4.511395939741042,-1.5986260978618145
2025-04-18 14:00:00,30481,30587,30499,30480,30363,30366,30597,30669,24321,27993,1,1,18,-1,234,303,98,82,118,114,19,216,196,5.444444444444445,5.444444444444445,-82.0,82.0,6.555555555555555,6.555555555555555,-114.0,114.0,12.0,12.0,-196.0,196.0,-18.0,18.0,0,0,1,4,8.570114612025202,4.474566766499403
2025-04-23 23:00:00,32068,32110,32094,32066,32001,32066,32125,32193,2232,2444,1,1,26,-2,124,127,31,83,67,0,28,98,83,1.1923076923076923,1.1923076923076923,-41.5,41.5,2.576923076923077,2.576923076923077,-0.0,0.0,3.769230769230769,3.769230769230769,-41.5,41.5,-13.0,13.0,0,0,1,0,4.347030096017366,-2.305016847610875
2025-04-24 18:00:00,32075,32085,32077,32074,32059,31971,32145,32119,3954,7479,1,1,2,-1,86,148,68,34,16,103,3,84,137,34.0,34.0,-34.0,34.0,8.0,8.0,-103.0,103.0,42.0,42.0,-137.0,137.0,-2.0,2.0,0,0,1,1,6.3610201466766165,1.8338112618111908
2025-04-29 22:00:00,31863,31917,31915,31860,31834,31850,31940,31918,1201,1574,1,1,52,-3,106,68,25,1,29,10,55,54,11,0.4807692307692308,0.4807692307692308,-0.3333333333333333,0.3333333333333333,0.5576923076923077,0.5576923076923077,-3.3333333333333335,3.3333333333333335,1.0384615384615385,1.0384615384615385,-3.6666666666666665,3.6666666666666665,-17.333333333333332,17.333333333333332,0,0,1,0,2.861409031017983,-4.110596764666413
2025-05-02 11:00:00,31144,31291,31196,31142,31054,31100,31242,31312,10144,16217,1,1,52,-2,188,212,46,21,90,42,54,136,63,0.8846153846153846,0.8846153846153846,-10.5,10.5,1.7307692307692308,1.7307692307692308,-21.0,21.0,2.6153846153846154,2.6153846153846154,-31.5,31.5,-26.0,26.0,0,0,1,0,4.480326392456088,-1.7330701355420914
2025-05-06 14:00:00,30521,30684,30597,30510,30521,30509,30655,30706,7296,10023,1,1,76,-11,134,197,58,22,0,1,87,58,23,0.7631578947368421,0.7631578947368421,-2.0,2.0,0.0,0.0,-0.09090909090909091,0.09090909090909091,0.7631578947368421,0.7631578947368421,-2.090909090909091,2.090909090909091,-6.909090909090909,6.909090909090909,0,0,1,0,3.013014995941532,-3.5169019200825176
2025-05-08 17:00:00,30927,30984,30939,30917,30910,30896,31017,31142,3175,17640,1,1,12,-10,107,246,78,158,17,21,22,95,179,6.5,6.5,-15.8,15.8,1.4166666666666667,1.4166666666666667,-2.1,2.1,7.916666666666667,7.916666666666667,-17.9,17.9,-1.2,1.2,0,0,1,0,4.508051084175145,-1.738241703254711
2025-05-12 22:00:00,31754,31799,31765,31753,31739,31723,31783,31805,1050,1605,1,1,11,-1,44,82,18,6,15,30,12,33,36,1.6363636363636365,1.6363636363636365,-6.0,6.0,1.3636363636363635,1.3636363636363635,-30.0,30.0,3.0,3.0,-36.0,36.0,-11.0,11.0,0,0,1,0,3.0711469018958195,-3.4589571796278524
2025-05-13 12:00:00,31750,31909,31839,31748,31684,31735,31863,31911,9136,8677,1,1,89,-2,179,176,24,2,66,13,91,90,15,0.2696629213483146,0.2696629213483146,-1.0,1.0,0.7415730337078652,0.7415730337078652,-6.5,6.5,1.0112359550561798,1.0112359550561798,-7.5,7.5,-44.5,44.5,0,0,1,0,3.7902209099797193,-2.9685573484390666
2025-05-15 11:00:00,30990,31336,31033,30989,30938,30968,31123,31336,15715,44395,1,1,43,-1,185,368,90,0,52,21,44,142,21,2.0930232558139537,2.0930232558139537,-0.0,0.0,1.2093023255813953,1.2093023255813953,-21.0,21.0,3.302325581395349,3.302325581395349,-21.0,21.0,-43.0,43.0,0,0,1,0,4.372196332131576,-1.601351815636131
2025-05-16 18:00:00,31237,31355,31255,31236,31209,31166,31351,31490,9256,25890,1,1,18,-1,142,324,96,135,28,70,19,124,205,5.333333333333333,5.333333333333333,-135.0,135.0,1.5555555555555556,1.5555555555555556,-70.0,70.0,6.888888888888889,6.888888888888889,-205.0,205.0,-18.0,18.0,0,0,1,4,8.191128467234687,3.5224502034832197
2025-05-23 11:00:00,30697,30775,30705,30694,30630,30612,30756,30782,5619,12312,1,1,8,-3,126,170,51,7,67,82,11,118,89,6.375,6.375,-2.3333333333333335,2.3333333333333335,8.375,8.375,-27.333333333333332,27.333333333333332,14.75,14.75,-29.666666666666668,29.666666666666668,-2.6666666666666665,2.6666666666666665,0,0,1,0,4.0123135098069405,-1.6773504571204694
2025-05-23 19:00:00,30691,30752,30694,30676,30650,30646,30726,30778,1519,5077,1,1,3,-15,76,132,32,26,41,30,18,73,56,10.666666666666666,10.666666666666666,-1.7333333333333334,1.7333333333333334,13.666666666666666,13.666666666666666,-2.0,2.0,24.333333333333332,24.333333333333332,-3.7333333333333334,3.7333333333333334,-0.2,0.2,0,0,1,0,3.128002130949549,-2.739895414480137
2025-06-04 18:00:00,31675,32027,31737,31673,31522,31400,31737,32040,9802,68771,1,1,62,-2,215,640,0,13,153,273,64,153,286,0.0,0.0,-6.5,6.5,2.467741935483871,2.467741935483871,-136.5,136.5,2.467741935483871,2.467741935483871,-143.0,143.0,-31.0,31.0,0,0,1,4,8.711940319495193,3.6251598265894796
2025-06-04 23:00:00,31620,31656,31624,31614,31593,31570,31646,31678,1418,2506,1,1,4,-6,53,108,22,22,27,44,10,49,66,5.5,5.5,-3.6666666666666665,3.6666666666666665,6.75,6.75,-7.333333333333333,7.333333333333333,12.25,12.25,-11.0,11.0,-0.6666666666666666,0.6666666666666666,0,0,1,0,3.060130487545454,-3.388701460942639
2025-06-06 16:00:00,31768,32030,31873,31764,31651,31639,31881,32065,10199,38051,1,1,105,-4,230,426,8,35,117,125,109,125,160,0.0761904761904762,0.0761904761904762,-8.75,8.75,1.1142857142857143,1.1142857142857143,-31.25,31.25,1.1904761904761905,1.1904761904761905,-40.0,40.0,-26.25,26.25,0,0,1,0,5.938683872462743,-0.40251918468596787
2025-06-06 21:00:00,31542,31597,31591,31540,31531,31533,31592,31623,1025,2122,1,1,49,-2,61,90,1,26,11,7,51,12,33,0.02040816326530612,0.02040816326530612,-13.0,13.0,0.22448979591836735,0.22448979591836735,-3.5,3.5,0.24489795918367346,0.24489795918367346,-16.5,16.5,-24.5,24.5,0,0,1,0,2.811862699165021,-3.8933943074736352
2025-06-09 17:00:00,31192,31301,31219,31187,31188,31187,31330,31322,11363,7112,1,1,27,-5,142,135,111,21,4,0,32,115,21,4.111111111111111,4.111111111111111,-4.2,4.2,0.14814814814814814,0.14814814814814814,-0.0,0.0,4.2592592592592595,4.2592592592592595,-4.2,4.2,-5.4,5.4,0,0,1,0,3.2955873762325663,-3.257053876573358
2025-06-10 17:00:00,31000,31028,31001,30999,30915,30911,31038,31039,13347,15377,1,1,1,-1,123,128,37,11,85,88,2,122,99,37.0,37.0,-11.0,11.0,85.0,85.0,-88.0,88.0,122.0,122.0,-99.0,99.0,-1.0,1.0,0,0,1,1,6.4651271339537715,4.874706186997977
2025-06-16 21:00:00,31262,31284,31267,31261,31237,31245,31296,31291,959,670,1,1,5,-1,59,46,29,7,25,16,6,54,23,5.8,5.8,-7.0,7.0,5.0,5.0,-16.0,16.0,10.8,10.8,-23.0,23.0,-5.0,5.0,0,0,1,0,2.7980879516352344,-3.4018894428595403
2025-06-18 23:00:00,29696,29748,29720,29690,29696,29680,29730,29748,672,804,1,1,24,-6,34,68,10,0,0,10,30,10,10,0.4166666666666667,0.4166666666666667,-0.0,0.0,0.0,0.0,-1.6666666666666667,1.6666666666666667,0.4166666666666667,0.4166666666666667,-1.6666666666666667,1.6666666666666667,-4.0,4.0,0,0,1,0,1.6552337040175347,-4.481862579912492
2025-06-20 17:00:00,29375,29430,29429,29374,29350,29345,29445,29479,3702,9294,1,1,54,-1,95,134,16,49,25,29,55,41,78,0.2962962962962963,0.2962962962962963,-49.0,49.0,0.46296296296296297,0.46296296296296297,-29.0,29.0,0.7592592592592593,0.7592592592592593,-78.0,78.0,-54.0,54.0,0,0,1,0,4.117796226828529,-1.017398379564511
2025-06-23 11:00:00,29094,29244,29151,29093,29058,29043,29164,29244,14118,15762,1,1,57,-1,106,201,13,0,36,50,58,49,50,0.22807017543859648,0.22807017543859648,-0.0,0.0,0.631578947368421,0.631578947368421,-50.0,50.0,0.8596491228070176,0.8596491228070176,-50.0,50.0,-57.0,57.0,0,0,1,0,3.589875602293288,-1.5030636744241044
2025-06-23 20:00:00,29314,29380,29330,29312,29252,29281,29339,29410,2928,2194,1,1,16,-2,87,129,9,30,62,31,18,71,61,0.5625,0.5625,-15.0,15.0,3.875,3.875,-15.5,15.5,4.4375,4.4375,-30.5,30.5,-8.0,8.0,0,0,1,0,2.9755269688513293,-2.53758626824966
2025-06-24 15:00:00,29148,29238,29207,29147,29121,29130,29242,29319,5090,7543,1,1,59,-1,121,189,35,81,27,17,60,62,98,0.5932203389830508,0.5932203389830508,-81.0,81.0,0.4576271186440678,0.4576271186440678,-17.0,17.0,1.0508474576271187,1.0508474576271187,-98.0,98.0,-59.0,59.0,0,0,1,0,4.883700884670551,-0.011408855520219332
2025-06-26 19:00:00,29563,29591,29569,29557,29531,29526,29612,29606,1181,3433,1,1,6,-6,81,80,43,15,32,31,12,75,46,7.166666666666667,7.166666666666667,-2.5,2.5,5.333333333333333,5.333333333333333,-5.166666666666667,5.166666666666667,12.5,12.5,-7.666666666666667,7.666666666666667,-1.0,1.0,0,0,1,0,2.5693993135904973,-3.046833269937167
